Date & Time,Inside Temp - °C,High Inside Temp - °C,Low Inside Temp - °C,Inside Hum - %,High Inside Hum - %,Low Inside Hum - %,Inside Dew Point - °C,Inside Wet Bulb - °C,Inside Heat Index - °C,Inside High Heat Index - °C,Barometer - mm Hg,High Bar - mm Hg,Low Bar - mm Hg,Absolute Pressure - mm Hg,Temp - °C,High Temp - °C,Low Temp - °C,Hum - %,High Hum - %,Low Hum - %,Dew Point - °C,High Dew Point - °C,Low Dew Point - °C,Wet Bulb - °C,High Wet Bulb - °C,Low Wet Bulb - °C,Avg Wind Speed - m/s,Prevailing Wind Dir,Avg Wind Dir,Wind Run - m,High Wind Speed - m/s,High Wind Direction,Wind Chill - °C,Low Wind Chill - °C,Heat Index - °C,ET - mm,High Heat Index - °C,Thw Index - °C,High Thw Index - °C,Low Thw Index - °C,Thsw Index - °C,High Thsw Index - °C,Low Thsw Index - °C,Rain - mm,High Rain Rate - mm,Solar Rad - W/m^2,High Solar Rad - W/m^2,Solar Energy - Ly,UV Index,High UV Index,UV Dose - MEDs,Heating Degree Days,Cooling Degree Days,AQI,High AQI,PM 1 - ug/m³,High PM 1 - ug/m³,PM 2.5 - ug/m³,High PM 2.5 - ug/m³,PM 10 - ug/m³,High PM 10 - ug/m³,Temp - °C,High Temp - °C,Low Temp - °C,Hum - %,High Hum - %,Low Hum - %,Dew Point - °C,High Dew Point - °C,Low Dew Point - °C,Wet Bulb - °C,High Wet Bulb - °C,Low Wet Bulb - °C,Heat Index - °C,High Heat Index - °C
2/15/2024 10:45,30,30,30,54,57,54,20,23,32,32,767.6,767.6,767.5,709.9,27,28,27,51,52,51,16,17,16,20,20,20,0,NNE,NNE,0,4,NNE,28,27,28,--,28,28,28,28,26,26,26,0,0,0,0,0,0,0,0,0,0.063,--,--,--,--,--,--,--,--,--,--,--,--,--,--,--,--,--,--,--,--,--,--
2/15/2024 11:00,29,31,29,49,57,44,17,21,29,32,767.1,767.6,767.1,709.3,28,28,27,45,53,45,15,17,15,19,20,19,0,WSW,WSW,0,8,SW,28,27,28,--,28,28,28,27,26,27,26,0,0,19,81,0.42,0,4,0.1,0,0.096,--,--,--,--,--,--,--,--,--,--,--,--,--,--,--,--,--,--,--,--,--,--
2/15/2024 11:15,28,29,28,46,50,44,15,19,28,29,766.9,767.1,766.9,709.2,28,29,28,38,44,38,13,15,13,19,20,19,1,ESE,NE,0.3,4,ESE,29,28,28,--,28,28,28,28,27,27,27,0,0,102,102,2.19,5,6,0.5,0,0.105,--,--,--,--,--,--,--,--,--,--,--,--,--,--,--,--,--,--,--,--,--,--
2/15/2024 11:30,30,30,28,51,56,44,19,22,32,32,766.8,766.9,766.7,709.1,--,--,--,--,--,--,--,--,--,--,--,--,--,--,--,--,--,--,--,--,--,0,--,--,--,--,--,--,--,0,--,--,--,--,--,--,--,--,--,22,26,18,22,27,33,29,36,31,31,31,38,39,37,15,15,14,18,18,18,31,31
2/15/2024 11:45,35,35,30,40,51,40,19,24,37,38,766.6,766.9,766.6,708.9,30,31,29,32,37,32,12,14,12,19,19,19,0,NE,NW,0,3,NW,31,30,30,--,30,30,30,29,35,36,34,0,0,834,875,17.94,7,8,0.8,0,0.124,24,31,20,23,30,39,35,51,33,34,31,33,38,32,15,16,15,19,20,18,34,34
2/15/2024 12:00,35,35,35,37,40,37,18,23,37,37,766.4,766.6,766.4,708.8,31,31,30,30,34,29,11,13,10,18,19,18,1,E,ESE,0.3,4,E,30,30,29,--,30,29,30,29,32,35,28,0,0,347,782,7.46,4,8,0.4,0,0.127,21,27,18,23,26,34,28,40,34,35,34,29,33,28,14,16,13,18,19,17,35,35
2/15/2024 12:15,35,35,35,36,37,36,18,23,37,37,766.3,766.4,766.3,708.6,30,30,30,30,32,29,11,11,10,18,18,18,2,ESE,ESE,0.6,5,SE,30,30,29,--,29,29,29,29,32,33,29,0,0,737,835,15.85,7,8,0.8,0,0.122,19,25,16,20,24,31,26,42,35,36,35,27,29,27,14,14,13,18,18,17,35,36
2/15/2024 12:30,36,36,35,35,36,35,18,23,37,37,766.1,766.3,766.1,708.5,30,31,30,29,30,29,11,11,11,18,18,18,2,E,SE,0.5,5,ESE,31,30,29,0.7,29,29,29,29,33,33,32,0,0,835,846,17.96,8,8,0.9,0,0.126,20,26,16,20,25,33,26,41,36,37,36,27,28,26,14,15,14,18,19,17,36,36
2/15/2024 12:45,36,36,36,34,35,34,18,23,37,38,765.9,766.1,765.9,708.3,31,31,31,29,31,28,11,12,10,18,19,18,2,SE,ESE,0.4,5,ENE,31,31,30,--,30,30,30,29,33,34,31,0,0,817,865,17.57,8,8,0.9,0,0.13,21,26,17,21,26,32,28,40,37,37,36,26,28,25,14,15,14,18,19,18,37,37
2/15/2024 13:00,36,36,36,34,34,34,18,23,38,38,765.7,765.9,765.7,708.1,31,31,31,27,29,27,10,11,10,18,18,18,2,E,E,0.6,7,E,31,31,30,--,30,30,30,29,33,34,33,0,0,832,840,17.89,8,8,0.9,0,0.132,21,26,17,21,26,33,28,38,37,37,36,25,27,24,13,15,13,17,19,17,36,37
2/15/2024 13:15,37,37,36,33,34,33,18,23,38,38,765.5,765.7,765.5,707.9,31,31,31,28,28,27,10,10,9,18,18,18,2,ESE,SE,0.6,5,ESE,31,31,30,--,30,30,30,29,33,34,33,0,0,831,840,17.88,8,8,0.9,0,0.132,21,26,18,22,27,33,29,43,37,38,37,24,25,23,14,14,13,18,18,17,37,38
2/15/2024 13:30,37,37,37,33,33,32,18,24,39,39,765.4,765.6,765.4,707.8,31,31,31,28,28,27,10,10,10,18,18,18,4,E,E,0.9,7,E,31,31,30,0.8,30,29,30,29,33,33,33,0,0,826,835,17.77,8,8,0.9,0,0.132,21,26,18,23,27,33,29,43,37,38,36,25,26,24,14,14,13,18,18,17,37,37
2/15/2024 13:45,37,37,37,32,33,32,18,24,39,39,765.2,765.4,765.2,707.6,31,31,31,27,29,27,10,11,10,18,18,18,2,NNW,NE,0.5,6,E,31,31,30,--,30,30,30,29,33,34,33,0,0,797,833,17.14,8,8,0.8,0,0.133,23,30,20,25,29,38,33,46,38,38,37,24,27,23,14,15,14,18,19,17,38,39
2/15/2024 14:00,38,38,37,31,32,31,18,24,39,39,765,765.2,765,707.4,31,32,31,26,28,26,10,10,10,18,18,18,2,SE,SE,0.6,6,SE,31,31,30,--,30,30,30,30,34,34,33,0,0,794,802,17.08,7,7,0.8,0,0.136,22,27,19,21,27,34,30,40,39,39,38,22,24,22,13,14,13,17,18,17,38,39
2/15/2024 14:15,38,38,38,30,32,30,17,24,39,40,764.7,764.9,764.7,707.2,32,32,31,25,26,25,9,10,9,18,18,18,2,E,ESE,0.5,6,ESE,32,31,30,--,30,30,30,30,33,34,33,0,0,756,765,16.26,7,7,0.7,0,0.139,21,25,18,21,26,31,28,38,39,39,38,23,23,22,13,14,13,17,18,17,38,38
2/15/2024 14:30,38,38,38,31,31,30,18,24,40,40,764.6,764.8,764.6,707,32,32,32,25,26,25,9,10,9,18,18,18,2,E,E,0.6,6,ESE,32,32,31,0.7,31,31,31,30,34,34,33,0,0,726,742,15.63,6,7,0.7,0,0.139,20,25,18,21,25,31,27,36,38,39,37,22,24,22,13,14,12,17,18,17,38,38
2/15/2024 14:45,38,38,38,30,31,30,18,24,40,40,764.5,764.6,764.4,706.9,32,32,32,26,27,25,10,11,9,18,19,18,3,ESE,E,0.8,8,ESE,32,32,30,--,31,30,31,30,33,34,32,0,0,696,719,14.97,6,6,0.6,0,0.142,22,27,19,22,27,34,30,42,38,39,38,24,24,22,14,14,13,17,18,17,37,38
2/15/2024 15:00,39,40,38,29,31,29,18,24,41,43,764.3,764.5,764.2,706.8,31,32,31,26,27,26,10,10,10,18,18,18,4,E,E,1.1,9,ESE,31,31,30,--,30,30,30,30,29,33,29,0,0,531,668,11.43,5,5,0.5,0,0.137,21,26,19,23,27,33,30,45,37,38,36,24,25,23,12,14,12,16,18,16,35,37
2/15/2024 15:15,41,41,38,28,30,28,19,25,44,44,764.1,764.3,764.1,706.6,31,31,31,26,27,26,10,10,9,18,18,18,4,E,E,0.9,10,E,31,31,30,--,30,30,30,29,32,32,29,0,0,354,599,7.61,4,4,0.4,0,0.133,23,27,19,22,28,34,32,48,36,37,36,24,25,24,13,13,12,17,17,16,36,36
2/15/2024 15:30,43,43,41,26,28,26,19,26,47,47,764.3,764.3,764.1,706.8,31,32,31,26,26,26,10,10,10,18,18,18,3,E,ENE,0.8,8,NE,31,31,30,0.5,30,30,30,30,32,32,32,0,0,549,577,11.8,4,4,0.4,0,0.137,23,29,19,23,29,36,32,44,37,37,36,24,25,24,13,14,12,17,17,16,36,36
2/15/2024 15:45,40,43,40,27,27,25,17,24,41,47,764.1,764.3,764,706.6,31,32,31,27,27,26,10,10,10,18,18,18,4,ENE,ENE,0.9,10,E,32,31,30,--,30,30,30,30,31,32,31,0,0,484,524,10.42,3,4,0.4,0,0.137,24,30,20,24,30,37,34,43,37,37,36,24,25,24,13,14,13,17,18,17,36,37
2/15/2024 16:00,38,40,38,29,29,27,17,23,39,41,764,764.1,763.9,706.5,32,32,31,27,27,27,10,11,10,18,18,18,3,E,E,0.8,7,ENE,32,31,30,--,30,30,30,30,31,31,31,0,0,413,438,8.88,3,3,0.3,0,0.138,26,30,22,25,33,38,39,50,37,37,36,25,25,24,13,14,13,17,17,17,36,36
2/15/2024 16:15,37,38,37,30,30,29,16,23,38,39,764,764,763.9,706.5,31,32,31,28,28,26,11,11,10,18,18,18,4,E,E,1,8,E,31,31,30,--,30,30,30,30,30,31,30,0,0,353,388,7.6,2,2,0.2,0,0.137,27,33,23,26,34,41,41,50,36,37,36,25,26,25,13,14,13,17,18,17,36,36
2/15/2024 16:30,37,37,37,30,30,30,16,23,37,38,763.9,764,763.9,706.4,31,31,31,29,29,28,11,11,11,18,18,18,4,ENE,ENE,1,9,ENE,31,31,30,0.4,30,29,30,29,29,30,29,0,0,304,325,6.54,2,2,0.2,0,0.133,29,34,24,28,37,42,45,55,36,36,36,27,27,25,13,14,13,17,18,17,35,36
2/15/2024 16:45,36,37,36,31,31,30,16,22,36,37,764,764,763.9,706.5,31,31,30,29,30,29,11,11,11,18,18,18,6,ENE,ENE,1.4,9,NNW,30,30,29,--,30,28,30,28,28,30,28,0,0,243,279,5.23,2,2,0.2,0,0.13,30,34,25,27,38,43,46,56,35,36,35,27,28,26,13,14,13,17,18,17,34,36
2/15/2024 17:00,36,36,36,31,31,31,16,22,36,36,764,764,764,706.5,31,31,30,29,30,28,10,11,10,18,18,18,5,ENE,ENE,1.3,9,ENE,30,30,29,--,29,29,29,28,28,28,28,0,0,202,218,4.35,1,1,0.1,0,0.127,30,34,24,27,37,43,46,57,35,35,35,27,28,26,13,14,12,17,17,16,34,34
2/15/2024 17:15,35,36,35,32,32,31,16,22,35,36,764.2,764.2,764,706.7,31,31,30,29,29,28,10,11,10,18,18,18,4,ENE,ENE,1.1,8,ENE,30,30,29,--,29,29,29,29,28,29,28,0,0,150,178,3.23,1,1,0.1,0,0.128,32,40,26,34,40,50,49,66,35,35,34,28,28,26,13,14,13,17,17,17,34,34
2/15/2024 17:30,34,35,34,32,32,32,15,22,34,35,764.2,764.2,764.2,706.6,30,30,30,30,30,29,11,11,10,18,18,18,5,ENE,ENE,1.3,9,NE,30,29,29,0.2,29,28,29,28,28,28,27,0,0,109,130,2.34,1,1,0.1,0,0.123,31,46,25,39,39,57,48,71,34,34,34,28,29,27,13,13,13,17,17,17,33,34
2/15/2024 17:45,34,34,34,32,32,32,15,21,34,34,764.3,764.3,764.1,706.8,30,30,30,30,30,29,11,11,10,18,18,18,5,E,E,1.3,9,E,29,29,29,--,29,28,28,28,27,28,27,0,0,66,84,1.41,0,0,0,0,0.121,46,66,38,55,57,83,69,90,33,34,33,29,29,28,13,13,12,16,17,16,32,33
2/15/2024 18:00,33,34,33,32,32,32,14,21,33,34,764.3,764.3,764.2,706.8,30,30,29,32,32,30,11,11,11,18,18,18,5,E,E,1.3,8,E,29,29,28,--,29,28,28,28,27,27,27,0,0,30,46,0.65,0,0,0,0,0.118,37,50,30,41,47,62,58,75,33,33,32,30,30,29,13,13,12,17,17,16,32,32
2/15/2024 18:15,33,33,33,32,33,32,14,21,32,33,764.6,764.6,764.3,707,29,29,29,33,33,32,11,11,11,18,18,18,4,E,E,1.1,8,SE,29,29,28,--,28,28,28,28,27,27,26,0,0,11,18,0.24,0,0,0,0,0.114,32,38,25,30,39,48,48,62,32,33,32,31,31,30,13,13,13,17,17,16,32,32
2/15/2024 18:30,32,33,32,34,34,33,14,20,32,32,764.6,764.6,764.6,707,29,29,29,35,35,33,12,12,11,18,18,18,5,ESE,E,1.1,8,E,28,28,28,0.1,28,27,28,27,26,27,26,0,0,1,5,0.01,0,0,0,0,0.11,30,34,24,27,38,43,46,56,32,32,32,32,32,31,13,13,13,17,17,17,31,32
2/15/2024 18:45,32,32,32,34,34,33,14,20,31,32,764.7,764.7,764.6,707.1,29,29,28,36,36,35,12,12,12,18,18,18,5,ESE,ESE,1.2,8,E,28,28,27,--,28,27,27,27,26,26,26,0,0,0,0,0,0,0,0,0,0.106,30,35,24,27,37,44,46,56,32,32,31,33,33,32,13,13,13,17,17,17,31,31
2/15/2024 19:00,31,32,31,34,34,34,14,20,31,31,764.8,764.8,764.7,707.2,28,28,28,37,37,36,12,12,12,18,18,18,4,ESE,ESE,1.1,8,E,27,27,27,--,27,26,27,26,25,26,25,0,0,0,0,0,0,0,0,0,0.102,31,37,25,30,39,46,48,58,31,32,31,34,34,33,13,13,13,17,17,17,30,31
2/15/2024 19:15,31,31,31,35,35,34,14,20,30,31,765,765,764.8,707.4,28,28,28,38,38,37,12,12,12,18,18,18,4,ESE,ESE,1.1,7,ESE,27,27,27,--,27,26,26,26,25,25,25,0,0,0,0,0,0,0,0,0,0.098,30,35,24,27,37,44,45,56,31,31,31,35,35,34,13,14,13,17,17,17,30,30
2/15/2024 19:30,31,31,31,36,36,35,14,19,30,30,765,765,765,707.4,27,28,27,39,39,38,12,12,12,18,18,18,4,ESE,ESE,1,7,E,26,26,26,0.1,27,26,26,26,25,25,25,0,0,0,0,0,0,0,0,0,0.094,29,34,23,27,37,42,44,55,31,31,30,36,36,35,14,14,13,17,17,17,30,30
2/15/2024 19:45,30,31,30,36,36,36,14,19,30,30,765.2,765.2,765,707.6,27,27,27,40,40,39,12,12,12,18,18,18,4,ESE,ESE,1,6,ESE,26,26,26,--,26,26,26,26,25,25,25,0,0,0,0,0,0,0,0,0,0.091,33,38,26,29,41,47,51,63,30,31,30,37,37,36,14,14,14,17,17,17,30,30
2/15/2024 20:00,30,30,30,37,37,36,14,19,29,30,765.4,765.4,765.2,707.8,27,27,27,41,41,40,12,12,12,18,18,18,3,E,E,0.8,5,E,26,26,26,--,26,26,26,26,24,25,24,0,0,0,0,0,0,0,0,0,0.088,36,41,29,33,46,51,57,65,30,30,30,37,37,36,14,14,14,17,17,17,29,30
2/15/2024 20:15,30,30,30,37,37,37,14,19,29,30,765.6,765.6,765.4,708,26,27,26,42,42,41,12,12,12,17,18,17,4,E,E,1,7,E,26,26,26,--,26,25,26,25,24,25,24,0,0,0,0,0,0,0,0,0,0.084,36,40,29,33,45,50,57,68,30,30,29,38,38,36,14,14,14,17,17,17,29,29
2/15/2024 20:30,30,30,30,38,38,37,14,19,29,29,765.7,765.7,765.6,708.1,26,26,26,43,43,42,12,12,12,17,17,17,4,E,E,1,6,E,25,25,25,0,26,24,25,24,24,24,24,0,0,0,0,0,0,0,0,0,0.08,33,38,26,30,42,47,51,62,29,30,29,39,39,38,14,14,14,17,17,17,29,29
2/15/2024 20:45,30,30,30,38,38,38,14,19,29,29,765.8,765.8,765.7,708.2,26,26,25,45,45,44,13,13,12,17,17,17,4,E,E,1,7,E,25,25,25,--,25,24,25,24,23,24,23,0,0,0,0,0,0,0,0,0,0.076,33,38,26,29,42,48,52,62,29,29,29,40,40,39,14,14,14,17,17,17,29,29
2/15/2024 21:00,29,30,29,39,39,38,14,19,29,29,765.9,765.9,765.8,708.3,25,25,25,46,46,45,13,13,13,17,17,17,4,E,E,1,6,E,24,24,25,--,25,24,24,24,23,23,23,0,0,0,0,0,0,0,0,0,0.072,34,39,28,31,43,49,54,66,29,29,29,40,41,40,14,14,14,17,17,17,28,29
2/15/2024 21:15,29,30,29,39,39,39,14,19,29,29,765.9,766,765.9,708.3,25,25,25,48,48,46,13,13,13,17,17,17,4,E,E,0.9,6,ENE,24,24,25,--,25,24,24,24,23,23,23,0,0,0,0,0,0,0,0,0,0.069,36,40,29,32,45,50,57,68,29,29,28,42,42,40,14,14,14,17,17,17,28,29
2/15/2024 21:30,29,29,29,39,39,39,14,19,29,29,766,766,766,708.4,25,25,25,50,50,48,13,13,13,17,17,17,4,E,E,1,5,E,24,24,24,0,25,24,24,24,23,23,23,0,0,0,0,0,0,0,0,0,0.066,36,41,28,31,45,51,57,67,28,29,28,43,43,42,14,14,14,18,18,17,28,28
2/15/2024 21:45,29,29,29,40,40,39,14,19,29,29,766.1,766.1,766,708.5,24,25,24,51,51,50,13,13,13,17,17,17,3,ESE,ESE,0.9,5,E,24,24,24,--,24,24,24,24,23,23,23,0,0,0,0,0,0,0,0,0,0.063,38,42,30,34,47,53,59,70,28,29,28,43,44,42,14,15,14,18,18,17,28,28
2/15/2024 22:00,29,29,29,40,40,40,14,19,29,29,766.1,766.2,766.1,708.5,24,24,24,52,52,51,14,14,13,17,18,17,3,ESE,ESE,0.9,5,ESE,24,24,24,--,24,24,24,24,22,23,22,0,0,0,0,0,0,0,0,0,0.061,40,45,32,35,50,56,64,70,28,29,28,43,44,43,15,15,14,18,18,18,28,28
2/15/2024 22:15,29,29,29,40,40,40,14,19,28,29,766,766.1,766,708.4,24,24,24,53,53,52,14,14,13,17,17,17,4,ESE,ESE,0.9,6,ESE,23,23,24,--,24,23,24,23,22,23,22,0,0,0,0,0,0,0,0,0,0.057,37,42,29,33,46,53,59,70,28,28,28,44,45,43,15,15,15,18,18,18,28,28
2/15/2024 22:30,29,29,29,41,41,40,14,19,28,28,766,766.1,766,708.4,24,24,23,54,54,53,13,14,13,17,17,17,3,ESE,ESE,0.9,6,ESE,23,23,23,0,24,23,23,23,22,22,22,0,0,0,0,0,0,0,0,0,0.054,36,40,28,31,44,50,56,64,28,28,28,44,45,44,15,15,15,18,18,18,28,28
2/15/2024 22:45,29,29,29,41,41,41,14,19,28,28,766.1,766.1,766,708.4,23,23,23,54,54,54,13,13,13,17,17,17,3,ESE,ESE,0.8,5,ESE,23,23,23,--,23,23,23,23,22,22,22,0,0,0,0,0,0,0,0,0,0.052,35,38,27,31,43,48,54,63,28,28,28,44,45,44,14,15,14,18,18,17,28,28
2/15/2024 23:00,28,29,28,42,42,41,14,19,28,28,766,766.1,766,708.3,23,23,23,55,55,54,13,14,13,17,17,17,4,ESE,ESE,0.9,6,ESE,22,22,23,--,23,22,23,22,21,22,21,0,0,0,0,0,0,0,0,0,0.05,34,38,27,31,43,48,53,62,28,28,27,46,46,44,14,14,14,17,18,17,27,28
2/15/2024 23:15,28,28,28,42,42,42,14,19,28,28,766,766,765.9,708.4,23,23,23,57,57,55,14,14,13,17,17,17,4,SE,SE,1.1,6,SE,22,21,23,--,23,22,22,21,21,21,21,0,0,0,0,0,0,0,0,0,0.047,34,38,27,30,43,48,52,62,27,27,27,47,47,46,15,15,14,18,18,17,27,27
2/15/2024 23:30,28,28,28,43,43,42,14,19,28,28,766,766,766,708.4,23,23,23,57,57,56,14,14,14,17,17,17,5,SE,SE,1.1,6,SE,22,21,23,0,23,22,22,21,21,21,21,0,0,0,0,0,0,0,0,0,0.046,33,37,26,29,42,46,51,62,27,27,27,48,48,47,15,15,15,18,18,18,27,27
2/15/2024 23:45,28,28,28,43,43,43,14,19,28,28,765.9,766,765.9,708.3,23,23,23,57,57,57,14,14,14,17,17,17,5,SE,SE,1.2,6,SE,21,21,23,--,23,21,22,21,20,21,20,0,0,0,0,0,0,0,0,0,0.046,32,37,26,30,40,46,49,60,27,27,26,48,48,48,15,15,14,17,18,17,26,27
2/16/2024 0:00,28,28,28,43,43,43,14,19,27,28,766,766,765.9,708.3,23,23,22,57,57,56,13,14,13,17,17,17,4,SE,ESE,1,6,SE,22,21,22,--,23,22,22,21,21,21,20,0,0,0,0,0,0,0,0,0,0.044,31,35,25,28,39,44,47,54,26,27,26,48,48,48,14,15,14,17,17,17,26,26
2/16/2024 0:15,28,28,28,43,43,43,14,19,27,27,765.9,766,765.9,708.3,22,23,22,56,57,56,13,13,13,17,17,17,4,SE,ESE,1,6,SE,21,21,22,--,22,21,22,21,20,21,20,0,0,0,0,0,0,0,0,0,0.043,31,35,24,28,39,44,47,54,26,26,26,48,48,47,14,14,14,17,17,17,26,26
2/16/2024 0:30,28,28,28,44,44,43,14,19,27,27,765.8,765.9,765.8,708.2,22,22,22,56,56,56,13,13,13,17,17,16,5,SE,SE,1.2,7,SSE,21,21,22,0,22,21,21,21,20,20,20,0,0,0,0,0,0,0,0,0,0.042,31,34,24,27,38,43,47,55,26,26,26,48,48,48,14,14,14,17,17,17,26,26
2/16/2024 0:45,27,28,27,44,44,44,14,19,27,27,765.8,765.9,765.8,708.2,22,22,22,55,56,55,13,13,13,16,17,16,5,SE,SE,1.2,7,SE,21,21,22,--,22,21,21,20,20,20,19,0,0,0,0,0,0,0,0,0,0.041,29,33,22,26,36,41,43,53,26,26,26,48,48,47,14,14,14,17,17,17,26,26
2/16/2024 1:00,27,27,27,44,44,44,14,18,27,27,765.8,765.9,765.8,708.2,22,22,22,55,55,55,13,13,13,16,16,16,4,SE,SE,1.1,6,SE,21,21,22,--,22,21,21,21,20,20,20,0,0,0,0,0,0,0,0,0,0.039,29,33,22,26,36,41,43,53,26,26,26,48,48,47,14,14,14,17,17,17,25,26
2/16/2024 1:15,27,27,27,44,44,44,14,18,27,27,765.7,765.8,765.7,708.1,22,22,22,56,56,55,13,13,13,16,16,16,4,SE,SE,1.1,5,SE,21,21,21,--,22,20,21,20,19,20,19,0,0,0,0,0,0,0,0,0,0.036,28,33,22,26,35,41,42,51,26,26,25,48,48,47,14,14,13,16,17,16,25,25
2/16/2024 1:30,27,27,27,44,44,44,14,18,27,27,765.6,765.7,765.6,708,22,22,22,56,56,56,12,13,12,16,16,16,5,SE,SE,1.2,7,SSE,20,20,21,0,21,20,20,20,19,19,19,0,0,0,0,0,0,0,0,0,0.035,27,32,22,24,34,40,40,50,25,25,25,49,49,48,13,14,13,16,17,16,25,25
2/16/2024 1:45,27,27,27,44,44,44,14,18,27,27,765.5,765.6,765.5,707.9,21,22,21,57,57,56,12,12,12,16,16,16,4,SSE,SSE,1.1,6,SSE,20,20,21,--,21,20,20,20,19,19,19,0,0,0,0,0,0,0,0,0,0.032,27,30,21,24,34,38,40,52,25,25,25,49,49,48,13,13,13,16,16,16,25,25
2/16/2024 2:00,27,27,27,44,44,44,13,18,26,27,765.5,765.5,765.5,707.8,21,21,21,57,57,56,12,12,12,16,16,16,5,SE,SSE,1.1,6,SSE,20,20,21,--,21,19,20,19,18,19,18,0,0,0,0,0,0,0,0,0,0.03,28,33,22,27,35,41,41,52,25,25,25,49,49,48,13,13,13,16,16,16,25,25
2/16/2024 2:15,27,27,27,44,44,44,13,18,26,26,765.4,765.5,765.4,707.8,21,21,21,57,57,57,12,12,12,16,16,15,4,SSE,SSE,1.1,7,SSE,20,19,21,--,21,20,20,19,19,19,18,0,0,0,0,0,0,0,0,0,0.028,28,32,22,24,34,40,41,50,24,25,24,49,49,49,13,13,13,16,16,16,24,25
2/16/2024 2:30,27,27,27,44,44,44,13,18,26,26,765.3,765.4,765.3,707.7,21,21,21,55,57,55,12,12,12,15,16,15,4,SSE,SSE,1,7,SSE,20,20,21,0,21,20,20,19,19,19,19,0,0,0,0,0,0,0,0,0,0.029,27,32,21,24,34,40,40,50,24,24,24,49,50,49,13,13,13,16,16,16,24,24
2/16/2024 2:45,27,27,27,44,44,44,13,18,26,26,765.2,765.3,765.2,707.6,21,21,21,54,55,54,11,12,11,15,15,15,5,SSE,SSE,1.1,7,SSE,20,20,20,--,21,19,19,19,18,19,18,0,0,0,0,0,0,0,0,0,0.027,27,33,21,24,34,41,40,50,24,24,24,48,49,48,12,13,12,15,16,15,24,24
2/16/2024 3:00,27,27,27,44,44,44,13,18,26,26,765.2,765.2,765.1,707.6,21,21,21,53,54,52,11,11,11,15,15,15,4,SSE,SSE,1.1,7,SSE,20,20,20,--,20,19,19,19,18,18,18,0,0,0,0,0,0,0,0,0,0.027,26,31,20,24,33,39,38,48,24,24,24,47,48,47,12,12,12,15,15,15,24,24
2/16/2024 3:15,27,27,27,44,44,44,13,18,26,26,765.2,765.2,765.2,707.6,21,21,21,53,53,52,11,11,11,15,15,15,4,SE,SSE,1.1,5,SE,20,20,20,--,20,19,19,19,18,18,18,0,0,0,0,0,0,0,0,0,0.026,26,31,20,24,33,39,38,49,24,24,24,47,48,47,12,12,12,15,15,15,24,24
2/16/2024 3:30,27,27,27,44,44,44,13,18,26,26,765.2,765.2,765.1,707.6,21,21,21,51,54,51,10,11,10,14,15,14,3,SSE,SSE,0.8,5,SE,20,20,20,0,20,20,20,19,19,19,18,0,0,0,0,0,0,0,0,0,0.024,26,31,20,23,32,39,37,49,24,24,24,46,48,46,12,12,12,15,15,15,24,24
2/16/2024 3:45,27,27,27,44,44,44,13,18,26,26,765.2,765.3,765.2,707.6,21,21,20,50,52,50,10,10,10,14,14,14,3,SSE,SSE,0.8,4,SSE,21,20,20,--,20,20,20,19,19,19,18,0,0,0,0,0,0,0,0,0,0.023,25,30,19,23,31,38,35,48,24,24,24,46,47,45,11,12,11,15,15,15,24,24
2/16/2024 4:00,27,27,27,43,44,43,13,18,26,26,765.2,765.3,765.2,707.6,21,21,21,47,49,47,9,10,9,14,14,14,3,SSE,SSE,0.8,4,SSE,21,21,20,--,20,20,20,20,19,19,19,0,0,0,0,0,0,0,0,0,0.024,24,29,18,22,30,36,33,45,24,24,24,44,46,44,11,12,11,14,15,14,23,24
2/16/2024 4:15,26,27,26,43,43,43,13,18,26,26,765.1,765.2,765.1,707.6,21,21,20,47,47,47,9,9,9,14,14,14,4,SE,SE,1,5,SSE,20,20,19,--,20,19,20,19,18,19,18,0,0,0,0,0,0,0,0,0,0.023,24,29,18,22,30,36,34,45,24,24,24,44,45,44,11,11,11,14,14,14,23,24
2/16/2024 4:30,26,26,26,42,43,42,12,17,26,26,765.1,765.2,765.1,707.5,20,21,20,49,49,47,9,9,9,13,14,13,4,SE,SE,1,5,SE,19,19,19,0,19,18,19,18,17,18,17,0,0,0,0,0,0,0,0,0,0.02,24,29,18,23,30,36,33,47,23,24,23,44,44,43,10,11,10,14,14,14,23,23
2/16/2024 4:45,26,26,26,42,42,42,12,17,26,26,765.1,765.1,765.1,707.6,20,20,20,49,50,49,9,9,9,13,14,13,4,SE,SE,1.1,5,SE,19,19,19,--,19,18,18,18,17,17,17,0,0,0,0,0,0,0,0,0,0.016,24,30,18,22,30,37,34,47,23,23,23,44,45,44,10,11,10,14,14,14,22,23
2/16/2024 5:00,26,26,26,42,42,42,12,17,25,26,765.2,765.2,765.1,707.6,20,20,20,49,49,49,9,9,9,13,13,13,4,SE,SE,1,5,SE,19,19,19,--,19,18,18,18,17,17,17,0,0,0,0,0,0,0,0,0,0.014,25,30,20,23,31,38,36,50,23,23,23,44,44,44,10,10,10,13,14,13,22,22
2/16/2024 5:15,26,26,26,42,42,42,12,17,25,25,765.3,765.3,765.2,707.7,19,20,19,50,50,49,9,9,9,13,13,13,4,SE,SE,1.1,5,SE,18,18,19,--,19,18,18,18,17,17,17,0,0,0,0,0,0,0,0,0,0.012,26,31,20,24,32,39,37,49,23,23,22,45,45,44,10,10,10,13,13,13,22,22
2/16/2024 5:30,26,26,26,42,42,42,12,17,25,25,765.4,765.4,765.3,707.8,19,19,19,51,51,50,9,9,9,13,13,13,4,SE,SE,1.1,5,SE,18,18,19,0,19,18,18,18,17,17,17,0,0,0,0,0,0,0,0,0,0.011,26,31,20,23,32,39,38,51,22,22,22,46,46,45,10,10,10,13,13,13,21,22
2/16/2024 5:45,26,26,26,42,42,42,12,17,25,25,765.6,765.6,765.5,708,19,19,19,53,53,51,9,9,9,13,13,13,4,SE,SE,1.1,5,SE,18,18,18,--,19,17,18,17,16,17,16,0,0,0,0,0,0,0,0,0,0.008,30,42,22,31,37,53,45,70,22,22,22,47,47,45,10,10,10,14,14,13,21,21
2/16/2024 6:00,26,26,26,42,42,42,12,17,25,25,765.8,765.8,765.6,708.2,19,19,19,53,53,52,9,9,9,13,13,13,4,SE,SE,1.1,5,SSE,18,18,18,--,18,17,17,17,16,16,16,0,0,0,0,0,0,0,0,0,0.006,28,33,21,27,34,41,42,53,22,22,22,47,48,46,10,11,10,14,14,13,21,21
2/16/2024 6:15,26,26,26,42,42,42,12,17,25,25,765.9,765.9,765.8,708.3,19,19,19,53,53,52,9,9,9,13,13,13,4,SE,SE,1,5,SE,18,18,18,--,18,17,17,17,16,16,16,0,0,0,0,0,0,0,0,0,0.004,29,35,22,27,36,44,44,58,22,22,22,47,47,46,10,10,10,14,14,13,22,22
2/16/2024 6:30,26,26,26,42,42,42,12,17,25,25,766.1,766.1,765.9,708.4,19,19,19,53,53,53,9,9,9,13,13,13,4,SE,SE,0.9,4,SE,18,18,18,0,18,17,17,17,16,16,16,0,0,0,0,0,0,0,0,0,0.003,28,33,22,26,35,41,42,54,22,22,22,47,47,46,10,10,10,13,14,13,21,22
2/16/2024 6:45,26,26,26,42,43,42,12,18,26,26,766.2,766.2,766.1,708.5,19,19,19,52,53,52,9,9,9,13,13,13,4,SE,SE,0.9,4,SSE,18,18,18,--,18,17,18,17,16,17,16,0,0,0,0,0,0,0,0,0,0.003,27,33,21,24,34,41,41,51,22,22,22,46,47,46,10,10,10,13,14,13,22,22
2/16/2024 7:00,27,27,26,42,42,42,13,18,26,26,766.1,766.2,766.1,708.5,19,19,19,52,52,51,9,9,8,13,13,13,3,SSE,SSE,0.9,4,SSE,19,18,18,--,18,18,18,17,17,17,16,0,0,9,16,0.2,0,0,0,0,0.003,31,40,23,30,38,50,47,69,22,22,22,45,46,45,10,10,10,13,14,13,21,22
2/16/2024 7:15,27,27,27,41,42,41,13,18,26,26,766.4,766.4,766.2,708.7,19,19,19,52,52,51,8,9,8,13,13,13,3,SE,SSE,0.9,5,SSE,18,18,18,--,18,17,18,17,16,17,16,0,0,26,39,0.57,0,0,0,0,0.003,31,39,23,27,38,49,49,70,22,23,22,45,46,45,10,10,10,13,14,13,22,22
2/16/2024 7:30,27,27,27,41,41,41,13,18,27,27,766.6,766.6,766.4,708.9,18,19,18,52,53,52,8,9,8,13,13,13,3,SE,SE,0.8,4,SE,18,18,18,0,18,18,18,17,16,17,16,0,0,63,86,1.36,0,0,0,0,0.001,28,34,22,25,35,43,42,55,23,23,22,45,45,44,10,10,10,14,14,13,22,22
2/16/2024 7:45,28,28,27,39,41,39,13,18,27,27,766.9,766.9,766.6,709.2,18,18,18,53,53,52,9,9,8,13,13,13,3,SE,SE,0.9,4,SE,18,18,18,--,18,17,18,17,17,17,16,0,0,118,148,2.54,1,1,0.1,0,0.001,28,33,21,24,35,41,42,51,23,23,23,44,45,44,10,10,10,13,14,13,22,22
2/16/2024 8:00,29,29,28,38,39,38,13,19,28,28,767,767,766.9,709.3,19,20,18,49,53,49,9,9,9,13,13,13,4,SE,SE,1.1,5,SE,19,18,19,--,19,18,18,17,17,17,17,0,0,183,213,3.94,1,1,0.1,0,0.007,28,33,21,25,35,41,42,50,23,23,23,43,44,43,10,10,10,13,14,13,23,23
2/16/2024 8:15,29,29,29,37,38,37,13,19,29,29,767.2,767.2,767,709.4,20,21,20,47,50,47,9,9,8,14,14,13,5,SE,SE,1.1,7,SSE,19,19,19,--,19,18,18,18,18,19,17,0,0,243,267,5.22,1,2,0.2,0,0.019,29,35,23,28,37,44,45,56,24,24,23,42,43,41,10,10,10,14,14,13,23,23
2/16/2024 8:30,30,30,29,36,37,36,13,19,29,29,767.3,767.3,767.1,709.6,21,21,20,46,47,46,9,9,9,14,14,14,5,SE,SSE,1.1,7,SSE,19,19,20,0.2,20,18,19,18,19,19,18,0,0,299,325,6.42,2,2,0.2,0,0.024,31,36,24,28,39,45,48,58,24,25,24,40,42,40,10,10,10,14,14,13,24,24
2/16/2024 8:45,30,30,30,34,36,34,13,19,29,29,767.5,767.6,767.3,709.8,21,21,21,45,47,44,9,9,8,14,14,14,5,SE,SSE,1.1,7,SE,20,19,20,--,20,19,19,18,20,20,19,0,0,356,383,7.65,2,2,0.2,0,0.027,30,35,23,27,38,44,46,56,25,25,25,39,40,38,10,10,10,14,14,14,25,25
2/16/2024 9:00,31,31,30,35,35,34,13,19,30,30,767.6,767.6,767.4,709.8,22,22,21,42,45,42,9,9,8,15,15,14,5,SE,SE,1.1,7,SSE,21,20,21,--,21,20,20,19,22,22,20,0,0,412,438,8.86,3,3,0.3,0,0.034,31,36,24,28,38,45,46,60,26,26,25,37,39,37,10,11,10,14,14,14,25,25
2/16/2024 9:15,31,31,31,33,35,33,13,19,30,30,767.7,767.7,767.5,710,23,23,22,38,42,38,8,9,8,14,15,14,5,SE,SE,1.3,8,SE,21,21,22,--,22,21,21,20,22,22,21,0,0,466,490,10.03,3,4,0.4,0,0.045,30,34,23,27,38,43,46,57,27,27,26,34,37,34,9,11,9,14,14,13,26,26
2/16/2024 9:30,31,31,31,32,33,32,13,19,30,31,767.9,767.9,767.7,710.1,23,24,23,35,39,35,8,9,7,14,15,14,5,SE,SE,1.2,8,SE,23,21,23,0.4,23,22,22,21,24,24,22,0,0,517,538,11.12,4,4,0.4,0,0.053,30,35,23,28,37,44,45,57,27,28,27,32,34,31,9,10,9,13,14,13,27,27
2/16/2024 9:45,32,32,31,31,32,31,13,19,31,31,767.9,767.9,767.9,710.1,25,25,24,33,35,32,8,8,7,15,15,14,4,SE,ESE,1,8,SE,24,23,24,--,24,23,23,22,26,26,24,0,0,566,589,12.18,4,5,0.5,0,0.066,26,32,21,25,33,40,39,49,28,29,28,31,32,30,10,10,9,14,14,13,27,27
2/16/2024 10:00,32,32,32,30,31,30,13,20,31,31,768,768,767.9,710.3,26,26,25,28,33,28,6,8,6,15,15,15,4,SE,ESE,1,8,ESE,25,24,25,--,25,24,24,23,26,27,26,0,0,613,635,13.19,5,5,0.5,0,0.077,25,30,20,23,31,38,36,50,29,30,28,27,31,27,9,10,8,13,14,13,28,28
2/16/2024 10:15,33,33,32,30,30,30,13,20,32,32,768.1,768.1,768,710.4,26,27,26,26,28,26,5,7,5,15,15,14,5,SE,SE,1.2,8,S,26,25,25,--,26,25,25,24,27,27,26,0,0,657,680,14.13,6,6,0.6,0,0.084,20,30,17,21,25,37,28,47,30,30,29,25,28,25,8,9,8,12,13,12,29,29
2/16/2024 10:30,33,33,33,29,30,29,12,20,32,32,768,768.1,768,710.3,27,27,27,24,26,23,5,5,4,15,15,14,5,SE,SE,1.3,9,SE,26,26,26,0.6,26,25,25,24,27,27,27,0,0,698,715,15.01,6,6,0.6,0,0.091,18,25,15,19,22,31,24,39,31,31,30,24,25,22,8,8,6,12,13,11,29,29
2/16/2024 10:45,33,33,33,29,30,28,12,20,32,32,767.9,768,767.9,710.2,28,28,27,22,24,21,4,6,4,15,15,14,4,SE,SE,1.1,8,SE,28,26,27,--,27,26,26,25,29,29,28,0,0,733,747,15.77,7,7,0.7,0,0.101,16,20,14,16,20,25,22,31,32,32,32,21,22,21,7,8,7,12,12,12,30,30
2/16/2024 11:00,31,33,31,29,29,28,11,18,30,32,767.7,768,767.7,710,28,29,28,20,22,19,4,4,2,15,15,14,4,SE,SE,1.1,8,SE,28,28,27,--,27,27,27,26,29,29,29,0,0,764,775,16.42,7,7,0.8,0,0.105,16,22,13,16,20,28,22,31,31,32,31,21,22,21,7,7,6,12,12,11,30,30
2/16/2024 11:15,32,32,31,29,30,29,12,19,31,31,767.6,767.7,767.6,709.9,29,29,29,18,20,18,2,4,2,14,15,14,5,ESE,ESE,1.3,10,ESE,28,28,27,--,27,26,27,26,29,30,29,0,0,793,805,17.05,7,8,0.8,0,0.109,14,21,12,17,18,26,19,37,32,32,31,20,20,19,5,6,5,11,11,10,30,30
2/16/2024 11:30,33,33,32,28,29,28,12,20,32,32,767.7,767.8,767.6,709.9,29,29,29,17,19,17,2,3,2,14,15,14,4,ESE,ESE,1.1,8,ESE,29,28,28,0.8,28,27,27,26,30,30,29,0,0,815,826,17.53,8,8,0.8,0,0.112,15,22,12,17,18,28,20,35,32,32,31,18,20,18,5,6,5,10,11,10,30,30
2/16/2024 11:45,34,34,33,28,28,28,13,20,33,33,767.6,767.7,767.6,709.9,29,30,29,18,18,17,3,3,2,15,15,14,4,ESE,ESE,1,8,ESE,29,29,28,--,28,27,27,27,30,31,30,0,0,832,849,17.9,8,8,0.9,0,0.116,16,22,13,18,20,28,21,31,32,32,32,20,21,19,7,7,5,11,12,10,31,31
2/16/2024 12:00,35,35,34,28,28,28,13,21,34,34,767.4,767.6,767.4,709.7,29,30,29,18,19,17,3,3,2,15,15,15,4,ESE,ESE,1.1,7,E,29,29,28,--,28,28,28,27,31,31,30,0,0,852,860,18.33,8,8,0.9,0,0.117,15,21,12,17,18,26,20,32,32,33,32,19,21,19,6,7,6,11,12,11,31,31
2/16/2024 12:15,35,35,34,28,28,28,14,21,34,34,767.1,767.4,767.1,709.4,30,30,29,18,18,17,2,3,2,15,15,14,4,ESE,ESE,1,8,SE,29,29,28,--,28,28,28,27,31,31,30,0,0,865,874,18.61,8,9,0.9,0,0.118,14,25,12,18,18,31,20,41,33,33,33,19,20,18,6,7,5,11,12,11,31,31
2/16/2024 12:30,35,35,35,28,28,28,14,21,34,34,766.9,767.1,766.9,709.2,30,30,30,16,18,16,2,3,2,15,15,15,4,ESE,ESE,0.9,8,ESE,30,29,28,0.8,28,28,28,28,31,31,31,0,0,865,874,18.61,8,9,0.9,0,0.12,15,21,12,17,18,26,20,42,33,34,33,18,20,18,6,7,6,11,12,11,31,32
2/16/2024 12:45,35,35,35,28,28,28,14,21,35,35,766.7,766.8,766.7,709,30,30,30,17,18,16,2,3,1,15,15,15,4,ESE,ESE,1,9,ESE,30,30,28,--,28,28,28,28,31,31,31,0,0,871,877,18.73,9,9,0.9,0,0.123,13,20,11,15,17,25,19,29,34,34,33,18,20,17,6,7,5,11,12,10,32,32
2/16/2024 13:00,36,36,35,28,28,27,14,21,35,35,766.4,766.7,766.4,708.8,30,30,30,17,17,16,2,3,2,15,15,15,4,SE,SE,1,9,ESE,30,30,28,--,28,28,28,28,31,32,31,0,0,871,879,18.74,9,9,0.9,0,0.123,14,20,12,15,17,25,19,29,34,35,34,17,18,17,6,7,6,11,12,11,32,32
2/16/2024 13:15,36,36,36,27,28,27,14,21,35,35,766.2,766.4,766.2,708.5,30,31,30,17,17,16,2,3,2,15,15,15,4,SE,SE,0.9,7,SE,30,30,29,--,29,28,29,28,32,32,31,0,0,860,874,18.49,8,9,0.9,0,0.126,14,23,12,16,18,29,19,31,35,35,34,17,18,16,7,7,5,12,12,11,33,33
2/16/2024 13:30,36,36,36,27,27,27,14,21,36,36,766,766.2,766,708.3,31,31,30,14,17,14,0,3,0,15,15,15,4,ESE,ESE,1,10,ESE,30,30,29,0.8,29,28,29,28,32,32,32,0,0,854,858,18.38,8,8,0.9,0,0.128,13,21,11,18,16,26,18,29,35,35,35,17,18,16,6,8,5,11,12,11,33,33
2/16/2024 13:45,37,37,36,26,27,26,14,22,36,36,765.7,766,765.6,708.1,31,31,31,15,17,14,2,3,0,15,15,15,4,ESE,E,0.9,8,E,31,30,29,--,29,29,29,28,32,32,32,0,0,836,849,17.99,8,8,0.9,0,0.129,12,21,11,17,15,26,16,28,35,36,35,16,19,16,6,8,5,11,13,10,33,33
2/16/2024 14:00,37,37,37,26,26,26,14,22,36,37,765.6,765.7,765.6,708,31,31,31,15,15,14,1,2,0,15,15,14,4,ESE,ESE,0.9,9,SE,31,30,29,--,29,29,29,28,32,32,32,0,0,817,826,17.58,8,8,0.8,0,0.13,11,16,10,14,13,20,14,28,35,36,35,16,17,15,6,6,5,11,11,10,33,33
2/16/2024 14:15,37,37,37,26,26,26,14,22,37,37,765.4,765.5,765.4,707.8,31,31,31,16,16,15,2,2,1,15,15,15,3,ESE,ESE,0.8,8,ESE,31,31,29,--,29,29,29,29,32,33,32,0,0,793,805,17.05,7,8,0.8,0,0.133,12,22,11,17,15,27,16,28,36,36,35,17,17,16,7,7,6,11,12,11,33,34
2/16/2024 14:30,37,37,37,25,26,25,14,22,37,37,765.3,765.4,765.2,707.7,31,31,31,17,17,16,3,3,2,16,16,15,3,ESE,E,0.8,7,ESE,31,31,29,0.8,29,29,29,29,32,33,32,0,0,753,777,16.2,7,7,0.7,0,0.134,14,22,12,18,18,27,19,29,36,36,35,18,19,16,8,9,6,12,13,11,34,34
2/16/2024 14:45,37,37,37,26,26,25,14,22,37,37,765.1,765.3,765.1,707.6,31,31,31,16,17,16,3,3,2,15,16,15,3,ESE,E,0.8,8,ESE,31,31,29,--,29,29,29,29,32,32,32,0,0,714,729,15.36,6,6,0.7,0,0.133,15,22,13,18,19,28,20,29,36,36,36,17,18,16,7,8,7,12,13,12,34,34
2/16/2024 15:00,39,39,37,25,26,25,16,23,40,40,764.8,765.2,764.8,707.3,31,31,31,16,17,16,3,3,2,15,16,15,3,ESE,E,0.8,8,ESE,31,31,29,--,29,29,29,29,32,32,32,0,0,678,694,14.58,6,6,0.6,0,0.135,15,22,13,19,18,28,20,31,36,36,36,16,18,16,7,8,7,12,13,12,34,34
2/16/2024 15:15,42,42,39,23,25,23,17,24,44,44,764.8,765,764.7,707.3,31,32,31,16,16,16,3,3,2,15,16,15,3,ESE,E,0.8,7,ESE,31,31,29,--,30,29,30,29,32,32,32,0,0,638,661,13.72,5,5,0.6,0,0.137,15,22,13,19,19,27,20,29,36,36,36,17,18,16,7,8,6,12,13,11,34,34
2/16/2024 15:30,44,44,42,21,23,21,17,25,46,46,764.9,765,764.8,707.3,31,31,31,16,16,15,2,3,2,15,16,15,4,ESE,ESE,1,8,ESE,31,31,29,0.6,29,29,29,29,31,32,31,0,0,591,613,12.71,4,5,0.5,0,0.136,14,21,12,16,18,26,20,28,36,36,36,16,17,16,6,7,6,11,12,11,34,34
2/16/2024 15:45,40,44,40,23,23,21,15,23,40,46,764.8,765,764.7,707.2,31,31,31,15,16,15,2,3,2,15,16,15,4,E,ESE,1.1,8,E,31,31,29,--,29,29,29,29,31,31,31,0,0,542,568,11.67,4,4,0.4,0,0.136,14,21,12,16,17,26,18,31,36,36,35,16,17,16,6,7,6,11,12,11,33,34
2/16/2024 16:00,38,40,38,25,25,23,14,22,38,40,764.6,764.7,764.5,707.1,31,32,31,16,16,15,2,2,2,15,16,15,4,E,E,0.9,8,ESE,32,31,30,--,30,30,30,29,31,31,30,0,0,492,515,10.57,3,4,0.4,0,0.136,13,19,11,15,16,24,18,31,35,36,35,17,18,16,7,7,6,12,12,11,33,34
2/16/2024 16:15,37,38,37,25,25,25,14,22,37,38,764.7,764.7,764.6,707.1,31,32,31,16,16,15,2,2,2,15,15,15,4,E,E,0.9,9,E,32,31,30,--,30,30,30,29,31,31,30,0,0,440,462,9.46,3,3,0.3,0,0.136,14,20,12,17,18,25,19,33,35,36,35,17,18,16,6,7,6,11,12,11,33,34
2/16/2024 16:30,37,37,37,26,26,25,14,22,36,37,764.7,764.7,764.6,707.2,31,32,31,16,16,15,2,3,2,15,15,15,4,ESE,ESE,1.1,8,ESE,31,31,29,0.5,30,29,30,29,30,31,30,0,0,382,411,8.22,2,3,0.3,0,0.136,14,23,13,17,18,29,19,32,35,36,35,17,18,16,6,7,6,11,12,11,33,34
2/16/2024 16:45,36,37,36,26,26,26,14,21,36,36,764.8,764.8,764.7,707.2,31,31,31,16,16,16,2,3,2,15,15,15,3,ESE,ESE,0.9,8,ESE,31,31,29,--,29,29,29,29,29,30,29,0,0,322,352,6.93,2,2,0.2,0,0.134,15,22,13,19,19,28,20,30,35,35,35,17,18,17,6,7,6,11,12,11,33,33
2/16/2024 17:00,36,36,36,26,26,26,14,21,36,36,764.7,764.8,764.7,707.2,31,31,31,16,16,16,3,3,2,15,15,15,4,ESE,ESE,1,7,E,31,31,29,--,29,29,29,29,29,29,29,0,0,264,294,5.69,2,2,0.2,0,0.133,14,20,13,16,18,25,20,28,35,35,34,17,18,17,6,7,6,11,12,11,33,33
2/16/2024 17:15,36,36,35,27,27,26,14,21,35,36,764.7,764.7,764.7,707.2,31,31,31,17,17,16,3,3,2,15,15,15,3,ESE,E,0.8,7,E,31,31,29,--,29,29,29,29,28,29,28,0,0,204,232,4.4,1,1,0.1,0,0.133,17,25,14,20,21,31,23,36,34,35,34,18,18,17,7,7,6,11,12,11,32,33
2/16/2024 17:30,35,36,35,27,27,27,13,21,34,35,764.8,764.8,764.7,707.2,31,31,31,18,18,17,4,4,3,16,16,15,4,E,E,0.9,8,E,30,30,29,0.3,29,29,29,29,28,28,28,0,0,139,171,3,1,1,0.1,0,0.13,22,28,18,22,27,35,30,44,34,34,33,20,20,18,7,8,6,12,12,11,31,32
2/16/2024 17:45,34,35,34,28,28,27,13,20,33,34,764.8,764.8,764.7,707.3,30,31,30,20,20,18,5,5,3,16,16,15,4,E,E,0.9,8,ENE,30,30,28,--,29,28,29,28,27,28,27,0,0,82,107,1.76,0,1,0,0,0.126,24,31,20,24,31,39,35,48,33,33,32,21,21,20,8,8,7,12,13,12,31,31
2/16/2024 18:00,34,34,34,28,28,28,13,20,33,33,765,765,764.8,707.4,30,30,29,22,22,20,5,5,5,16,16,16,4,ENE,ENE,1.1,9,ENE,29,29,28,--,28,27,28,27,26,27,26,0,0,40,56,0.86,0,0,0,0,0.12,24,29,20,23,31,36,35,49,32,33,32,23,23,21,8,8,7,13,13,12,30,31
2/16/2024 18:15,33,34,33,28,28,28,12,20,32,33,765.1,765.1,765,707.5,29,29,29,23,23,22,6,6,5,16,16,16,4,ENE,ENE,1.1,8,ENE,29,28,28,--,28,27,27,27,26,26,26,0,0,15,25,0.32,0,0,0,0,0.113,26,31,22,26,33,39,38,50,31,32,31,24,24,23,8,8,8,13,13,12,29,30
2/16/2024 18:30,33,33,32,29,29,28,12,19,31,32,765.3,765.3,765.1,707.7,29,29,29,24,24,23,6,6,6,16,16,16,3,ENE,ENE,0.8,7,ENE,29,28,27,0.1,28,27,27,27,26,26,26,0,0,1,7,0.03,0,0,0,0,0.109,31,36,25,29,38,45,46,57,31,31,30,25,25,24,8,8,8,13,13,12,29,29
2/16/2024 18:45,32,32,32,29,29,29,12,19,31,31,765.4,765.4,765.3,707.8,28,29,28,25,25,24,6,6,6,15,16,15,3,ENE,ENE,0.6,5,ENE,28,28,27,--,27,27,27,27,26,26,26,0,0,0,0,0,0,0,0,0,0.105,33,36,27,30,41,45,50,57,30,31,30,26,26,25,8,9,8,13,13,13,29,29
2/16/2024 19:00,31,32,31,29,29,29,11,19,30,31,765.6,765.6,765.4,708,28,28,28,26,26,25,7,7,6,15,16,15,2,ENE,ENE,0.6,5,E,28,28,26,--,27,26,27,26,25,26,25,0,0,0,0,0,0,0,0,0,0.1,35,40,29,33,43,50,53,62,30,30,30,27,27,26,8,9,8,13,13,13,28,29
2/16/2024 19:15,31,31,31,29,29,29,11,18,30,30,765.5,765.6,765.5,707.9,28,28,27,28,28,26,7,7,7,16,16,15,2,E,E,0.6,4,ENE,27,27,26,--,26,26,26,26,25,25,25,0,0,0,0,0,0,0,0,0,0.096,37,41,31,34,46,51,58,66,29,30,29,28,28,27,9,9,8,13,13,13,28,28
2/16/2024 19:30,31,31,31,30,30,29,11,18,29,30,765.5,765.5,765.5,707.9,27,27,27,29,29,28,7,8,7,16,16,16,4,E,E,0.9,6,E,26,26,26,0,26,25,26,25,24,25,24,0,0,0,0,0,0,0,0,0,0.092,33,38,27,31,41,48,50,60,29,29,29,29,30,28,9,9,9,13,13,13,28,28
2/16/2024 19:45,30,31,30,30,30,30,11,18,29,29,765.8,765.8,765.5,708.1,27,27,27,30,30,29,8,8,7,15,16,15,4,E,E,1,6,E,26,26,26,--,26,25,25,25,24,24,24,0,0,0,0,0,0,0,0,0,0.088,33,38,27,30,41,48,50,61,29,29,28,30,30,29,9,9,9,13,13,13,27,28
2/16/2024 20:00,30,30,30,31,31,30,11,18,29,29,765.9,765.9,765.8,708.3,27,27,26,30,30,30,8,8,7,15,16,15,3,ESE,ESE,0.8,5,ESE,26,26,25,--,26,25,25,25,24,24,24,0,0,0,0,0,0,0,0,0,0.086,35,39,28,31,43,49,54,63,28,29,28,30,31,30,9,9,9,13,14,13,27,27
2/16/2024 20:15,30,30,30,31,31,31,11,18,29,29,766,766,765.9,708.3,26,26,26,31,31,30,8,8,8,15,15,15,4,ESE,ESE,0.9,6,E,26,26,25,--,25,25,25,24,24,24,23,0,0,0,0,0,0,0,0,0,0.083,34,38,28,31,43,47,53,61,28,28,28,31,31,30,9,9,9,13,13,13,27,27
2/16/2024 20:30,30,30,30,31,31,31,11,18,29,29,766.2,766.2,766,708.5,26,26,26,32,32,31,8,8,8,15,15,15,3,ESE,ESE,0.9,5,E,25,25,25,0.1,25,24,25,24,23,24,23,0,0,0,0,0,0,0,0,0,0.079,35,39,28,31,43,49,54,62,28,28,28,32,32,31,9,9,9,13,13,13,26,27
2/16/2024 20:45,30,30,30,32,32,31,11,18,28,29,766.4,766.4,766.2,708.7,25,26,25,33,33,32,8,8,8,15,15,15,3,ESE,ESE,0.8,5,ESE,25,25,24,--,25,24,24,24,23,23,23,0,0,0,0,0,0,0,0,0,0.074,35,39,28,31,44,49,55,64,27,28,27,33,33,32,9,9,9,13,13,13,26,27
2/16/2024 21:00,29,30,29,32,32,32,11,18,28,28,766.4,766.4,766.4,708.8,25,25,25,35,35,33,8,8,8,15,15,15,3,ESE,ESE,0.8,4,ESE,25,25,24,--,24,24,24,24,23,23,23,0,0,0,0,0,0,0,0,0,0.069,35,39,28,31,44,49,55,65,27,27,27,33,34,32,9,9,9,13,14,13,26,26
2/16/2024 21:15,29,29,29,32,32,32,11,18,28,28,766.5,766.5,766.4,708.8,25,25,24,36,36,35,8,8,8,15,15,15,3,ESE,ESE,0.8,5,ESE,24,24,24,--,24,24,24,24,22,23,22,0,0,0,0,0,0,0,0,0,0.065,38,42,31,34,48,53,60,68,27,27,27,34,34,33,10,10,9,14,14,13,26,26
2/16/2024 21:30,29,29,29,32,32,32,11,18,28,28,766.6,766.6,766.5,708.9,24,24,24,37,37,36,8,8,8,15,15,15,3,ESE,ESE,0.7,4,ESE,24,24,23,0,24,23,24,23,22,22,22,0,0,0,0,0,0,0,0,0,0.059,39,45,32,35,49,56,62,71,27,27,26,35,35,34,10,10,9,14,14,14,26,26
2/16/2024 21:45,29,29,29,33,33,32,11,18,28,28,766.6,766.6,766.6,708.9,24,24,24,37,37,37,8,8,8,15,15,15,3,ESE,ESE,0.8,4,ESE,23,23,23,--,23,23,23,23,21,22,21,0,0,0,0,0,0,0,0,0,0.057,38,43,31,34,48,54,60,71,26,26,26,35,35,35,9,10,9,13,14,13,25,26
2/16/2024 22:00,29,29,29,33,33,33,11,18,28,28,766.5,766.6,766.5,708.9,24,24,24,36,37,36,8,8,8,14,15,14,3,ESE,ESE,0.8,4,ESE,23,23,23,--,23,23,23,22,21,22,21,0,0,0,0,0,0,0,0,0,0.056,34,42,28,31,43,52,54,70,26,26,26,35,35,35,9,9,9,13,13,13,25,25
2/16/2024 22:15,29,29,29,33,33,33,11,18,28,28,766.5,766.6,766.5,708.9,24,24,24,37,37,36,8,8,8,14,14,14,3,ESE,ESE,0.8,5,ESE,23,23,23,--,23,22,23,22,21,22,21,0,0,0,0,0,0,0,0,0,0.056,32,37,26,29,40,46,50,60,26,26,26,35,36,35,9,9,9,13,13,13,25,25
2/16/2024 22:30,29,29,29,33,33,33,11,18,28,28,766.6,766.7,766.5,709,23,24,23,39,39,37,8,8,8,15,15,14,3,ESE,ESE,0.9,5,ESE,23,23,23,0,23,22,22,22,21,21,21,0,0,0,0,0,0,0,0,0,0.053,32,36,26,28,40,45,50,58,26,26,25,36,36,35,9,9,9,13,13,13,25,25
2/16/2024 22:45,28,29,28,33,33,33,11,17,27,28,766.6,766.7,766.6,708.9,23,23,23,40,40,38,9,9,8,14,15,14,3,ESE,ESE,0.8,5,ESE,23,23,22,--,23,22,22,22,21,21,21,0,0,0,0,0,0,0,0,0,0.05,35,40,28,31,43,50,54,63,25,26,25,37,37,36,10,10,9,13,13,13,24,25
2/16/2024 23:00,28,28,28,33,34,33,11,17,27,27,766.5,766.6,766.5,708.9,23,23,23,41,41,40,9,9,9,14,15,14,4,ESE,ESE,0.9,4,ESE,22,22,22,--,22,21,22,21,20,21,20,0,0,0,0,0,0,0,0,0,0.046,36,40,29,33,45,50,57,65,25,25,25,38,38,37,10,10,9,13,14,13,24,25
2/16/2024 23:15,28,28,28,34,34,33,11,17,27,27,766.5,766.6,766.5,708.8,22,23,22,42,42,41,9,9,8,14,14,14,3,ESE,ESE,0.8,4,ESE,22,22,21,--,22,21,22,21,20,21,20,0,0,0,0,0,0,0,0,0,0.043,37,41,29,32,46,51,57,65,25,25,25,38,38,38,10,10,10,13,14,13,24,24
2/16/2024 23:30,28,28,28,34,34,34,11,17,27,27,766.4,766.5,766.4,708.8,22,22,22,42,42,41,9,9,8,14,14,14,3,ESE,ESE,0.8,4,ESE,22,22,21,0,21,21,21,21,20,20,20,0,0,0,0,0,0,0,0,0,0.04,37,42,30,33,46,52,58,68,25,25,25,38,38,38,10,10,10,13,14,13,24,24
2/16/2024 23:45,28,28,28,34,34,34,11,17,27,27,766.4,766.5,766.4,708.7,22,22,22,43,43,42,9,9,8,14,14,14,3,ESE,ESE,0.8,4,ESE,22,22,21,--,21,21,21,21,20,20,20,0,0,0,0,0,0,0,0,0,0.039,38,42,30,34,47,52,60,69,25,25,25,39,39,38,10,10,10,14,14,13,24,24
2/17/2024 0:00,28,28,28,34,34,34,11,17,27,27,766.2,766.4,766.2,708.5,22,22,22,44,44,43,9,9,9,14,14,14,3,ESE,ESE,0.8,4,ESE,22,22,21,--,21,21,21,21,19,20,19,0,0,0,0,0,0,0,0,0,0.036,38,42,30,33,47,52,60,67,24,25,24,40,40,39,10,10,10,13,14,13,24,24
2/17/2024 0:15,28,28,28,35,35,34,11,17,27,27,766,766.2,766,708.4,22,22,22,45,45,43,9,9,9,14,14,14,3,SE,SE,0.9,4,SE,21,21,21,--,21,20,21,20,19,19,19,0,0,0,0,0,0,0,0,0,0.034,39,44,31,34,49,55,61,71,24,24,24,40,40,39,10,10,10,14,14,13,24,24
2/17/2024 0:30,28,28,28,35,35,35,11,17,27,27,765.9,766,765.9,708.3,21,22,21,48,48,45,10,10,9,15,15,14,4,ESE,ESE,0.9,5,SE,21,21,21,0,21,20,20,20,19,19,19,0,0,0,0,0,0,0,0,0,0.033,39,42,32,34,49,53,62,68,24,24,24,43,43,40,10,10,10,14,14,13,23,24
2/17/2024 0:45,27,28,27,35,35,35,11,17,26,27,765.9,765.9,765.9,708.2,21,21,21,50,50,48,10,10,10,15,15,15,3,ESE,ESE,0.8,4,ESE,21,21,20,--,21,20,20,20,19,19,19,0,0,0,0,0,0,0,0,0,0.031,39,42,31,34,49,53,61,70,24,24,24,44,44,43,11,11,10,14,14,14,23,23
2/17/2024 1:00,27,27,27,36,36,35,11,17,26,26,765.8,765.9,765.8,708.2,21,21,21,51,51,49,11,11,10,15,15,15,4,SE,SE,1,5,SE,20,20,20,--,21,20,20,20,19,19,19,0,0,0,0,0,0,0,0,0,0.031,38,45,30,34,48,56,60,69,24,24,24,46,46,44,11,11,11,14,14,14,23,23
2/17/2024 1:15,27,27,27,36,36,36,11,17,26,27,765.8,765.8,765.7,708.1,21,21,21,51,51,51,11,11,11,15,15,15,4,SE,SE,1.1,5,SE,20,20,21,--,21,20,20,19,19,19,18,0,0,0,0,0,0,0,0,0,0.031,38,42,30,33,48,52,60,69,24,24,24,46,46,46,11,11,11,14,14,14,23,23
2/17/2024 1:30,27,27,27,36,36,36,11,17,26,26,765.6,765.8,765.6,708,21,22,21,50,51,50,11,11,11,15,15,15,4,SE,SE,1.1,5,SE,21,20,21,0,21,20,20,20,19,19,19,0,0,0,0,0,0,0,0,0,0.033,38,43,30,34,48,54,60,68,23,24,23,46,47,46,11,11,11,14,15,14,23,23
2/17/2024 1:45,27,27,27,36,36,36,11,17,26,26,765.4,765.6,765.4,707.8,21,22,21,50,50,49,10,11,10,15,15,15,4,SE,SE,1.1,5,SE,20,20,21,--,21,20,20,19,19,19,18,0,0,0,0,0,0,0,0,0,0.033,39,42,31,33,48,53,61,69,23,23,23,46,46,46,11,11,11,14,14,14,23,23
2/17/2024 2:00,27,27,27,37,37,36,11,17,26,26,765.3,765.4,765.3,707.7,21,21,21,49,50,49,10,11,10,15,15,15,4,SE,SE,1,5,SSE,21,20,21,--,21,20,20,20,19,19,19,0,0,0,0,0,0,0,0,0,0.032,39,42,31,34,48,52,61,67,23,23,23,46,46,46,11,11,11,14,14,14,23,23
2/17/2024 2:15,27,27,27,37,37,37,11,17,26,26,765.3,765.4,765.3,707.7,21,21,21,50,50,49,11,11,10,15,15,15,4,SE,SE,0.9,4,SE,21,21,21,--,21,20,20,20,19,19,19,0,0,0,0,0,0,0,0,0,0.032,40,46,32,35,49,57,62,72,23,23,23,46,47,46,11,11,11,14,14,14,23,23
2/17/2024 2:30,27,27,27,37,37,37,11,17,26,26,765.3,765.3,765.3,707.7,21,21,21,50,50,50,11,11,10,15,15,15,4,SE,SE,1,5,SE,21,20,20,0,21,20,20,20,19,19,19,0,0,0,0,0,0,0,0,0,0.032,40,48,32,35,50,60,63,73,23,23,23,46,47,46,11,11,11,14,14,14,23,23
2/17/2024 2:45,27,27,27,37,37,37,11,17,26,26,765,765.3,765,707.5,21,21,21,51,51,50,11,11,11,15,15,15,4,SE,SE,0.9,4,SE,21,21,20,--,21,20,20,20,19,19,19,0,0,0,0,0,0,0,0,0,0.031,39,43,31,35,48,54,60,69,23,23,23,47,47,46,11,11,11,14,14,14,23,23
2/17/2024 3:00,27,27,27,37,37,37,11,17,26,26,764.9,765,764.9,707.3,21,21,21,51,51,51,11,11,11,15,15,15,3,SE,SE,0.8,4,SE,21,21,20,--,20,20,20,20,19,19,19,0,0,0,0,0,0,0,0,0,0.029,38,42,30,34,47,52,60,71,23,23,23,47,47,46,11,11,11,14,14,14,23,23
2/17/2024 3:15,27,27,27,38,38,37,11,17,26,26,764.8,764.9,764.8,707.3,21,21,21,52,52,51,11,11,11,15,15,15,3,SE,SE,0.6,4,SE,21,21,20,--,20,20,20,20,19,19,19,0,0,0,0,0,0,0,0,0,0.027,37,42,30,33,47,52,58,68,23,23,23,47,47,47,11,11,11,14,14,14,23,23
2/17/2024 3:30,27,27,27,38,38,38,11,17,26,26,764.6,764.8,764.6,707,21,21,21,52,52,52,11,11,11,15,15,15,3,SE,SSE,0.7,4,SE,21,21,20,0,20,20,20,20,19,19,19,0,0,0,0,0,0,0,0,0,0.027,38,42,29,34,47,52,59,67,23,23,23,48,48,47,11,11,11,14,15,14,23,23
2/17/2024 3:45,27,27,27,38,38,38,11,17,26,26,764.7,764.7,764.6,707.1,21,21,21,53,53,53,11,11,11,15,15,15,3,SSE,SSE,0.8,4,SE,21,21,20,--,20,20,20,20,19,19,19,0,0,0,0,0,0,0,0,0,0.026,36,41,28,32,45,51,56,64,23,23,23,49,49,48,12,12,11,15,15,14,23,23
2/17/2024 4:00,27,27,27,38,38,38,11,17,26,26,764.7,764.7,764.7,707.1,21,21,21,54,54,53,11,11,11,15,15,15,4,SSE,SSE,0.9,5,SE,20,20,20,--,20,19,20,19,18,19,18,0,0,0,0,0,0,0,0,0,0.025,35,42,27,30,44,52,55,65,23,23,23,49,49,48,11,12,11,15,15,14,22,23
2/17/2024 4:15,27,27,27,38,38,38,11,17,26,26,764.7,764.7,764.7,707.2,21,21,21,54,54,54,11,11,11,15,15,15,3,SSE,SSE,0.7,5,SSE,21,20,20,--,20,20,20,19,19,19,18,0,0,0,0,0,0,0,0,0,0.023,34,38,27,29,42,48,52,62,23,23,22,50,50,49,12,12,11,15,15,14,22,22
2/17/2024 4:30,27,27,27,38,38,38,11,17,26,26,764.7,764.7,764.7,707.1,21,21,21,54,54,54,11,11,11,15,15,15,3,SSE,SSE,0.7,5,S,21,21,20,0,20,20,20,20,19,19,19,0,0,0,0,0,0,0,0,0,0.024,34,38,26,29,42,48,52,64,23,23,22,50,50,50,12,12,12,15,15,15,22,22
2/17/2024 4:45,27,27,27,39,39,38,11,17,26,26,764.7,764.7,764.6,707.2,21,21,21,55,56,54,12,12,11,15,15,15,3,S,S,0.7,7,SSE,21,21,21,--,21,21,21,20,19,19,19,0,0,0,0,0,0,0,0,0,0.026,33,37,26,29,41,46,51,58,22,23,22,53,53,50,12,12,12,15,15,15,22,22
2/17/2024 5:00,26,27,26,39,39,39,12,17,26,26,764.7,764.7,764.7,707.1,21,21,21,55,55,54,12,12,12,15,15,15,3,SSE,SSE,0.8,5,S,21,21,20,--,21,20,21,20,19,19,19,0,0,0,0,0,0,0,0,0,0.029,33,38,26,29,41,48,51,61,22,22,22,52,53,52,12,12,12,15,15,15,22,22
2/17/2024 5:15,26,26,26,39,40,39,12,17,26,26,764.7,764.7,764.6,707.1,21,21,21,55,55,55,11,12,11,15,15,15,3,SSE,SSE,0.8,6,SSE,21,21,20,--,21,20,20,20,19,19,19,0,0,0,0,0,0,0,0,0,0.027,33,38,26,30,42,47,51,60,22,22,22,52,52,52,12,12,12,15,15,15,22,22
2/17/2024 5:30,26,26,26,40,40,39,12,17,26,26,764.6,764.7,764.6,707.1,21,21,21,55,56,55,11,11,11,15,15,15,3,SSE,SSE,0.8,5,SE,21,21,20,0,20,20,20,20,19,19,19,0,0,0,0,0,0,0,0,0,0.024,33,37,26,28,42,46,51,61,22,22,22,52,52,52,12,12,12,15,15,15,22,22
2/17/2024 5:45,26,26,26,40,40,40,12,17,26,26,764.7,764.8,764.6,707.2,21,21,20,54,55,54,11,11,11,15,15,15,3,SSE,SSE,0.7,4,SE,21,20,20,--,20,20,20,20,19,19,19,0,0,0,0,0,0,0,0,0,0.023,32,36,25,28,40,45,50,59,22,22,22,52,52,52,12,12,12,15,15,15,22,22
2/17/2024 6:00,26,26,26,40,40,40,12,17,26,26,764.9,764.9,764.7,707.3,21,21,21,53,54,52,11,11,11,15,15,15,3,SSE,SSE,0.7,5,SSE,21,21,20,--,20,20,20,20,19,19,19,0,0,0,0,0,0,0,0,0,0.024,32,37,25,28,40,46,49,61,22,22,22,51,52,50,11,12,11,14,15,14,22,22
2/17/2024 6:15,26,26,26,40,40,40,12,17,26,26,765,765,764.9,707.4,21,21,21,51,53,51,10,11,10,14,15,14,3,SSE,SSE,0.8,5,SE,21,21,20,--,20,20,20,20,19,19,19,0,0,0,0,0,0,0,0,0,0.024,32,37,25,29,40,46,50,58,22,22,22,50,51,50,11,11,11,14,14,14,21,22
2/17/2024 6:30,26,26,26,40,40,40,12,17,26,26,765.1,765.1,765,707.5,21,21,21,50,51,50,10,10,10,14,14,14,3,SSE,SSE,0.7,5,S,21,21,20,0,20,20,20,20,19,19,19,0,0,0,0,0,0,0,0,0,0.026,31,35,24,28,39,44,48,57,22,22,22,49,50,49,11,11,11,14,14,14,21,21
2/17/2024 6:45,27,27,26,40,41,40,12,17,26,26,765.3,765.3,765.1,707.7,20,21,20,50,51,50,10,10,10,14,14,14,3,SSE,SSE,0.7,4,S,20,20,20,--,20,20,20,20,19,19,18,0,0,0,0,0,0,0,0,0,0.022,32,36,24,29,40,45,49,56,22,22,22,49,50,49,11,11,11,14,14,14,21,21
2/17/2024 7:00,27,27,27,40,40,40,12,18,26,26,765.5,765.5,765.3,707.9,21,21,20,48,50,48,9,10,9,14,14,14,3,SSE,SSE,0.7,4,S,21,20,20,--,20,20,20,20,19,19,19,0,0,10,18,0.22,0,0,0,0,0.023,31,36,24,28,39,45,48,61,22,22,22,48,49,48,10,11,10,13,14,13,21,21
2/17/2024 7:15,27,27,27,39,40,39,12,18,26,26,765.6,765.6,765.5,708,21,21,21,45,48,45,9,9,9,14,14,14,3,S,SSE,0.7,5,S,21,21,20,--,20,20,20,20,19,19,19,0,0,29,42,0.62,0,0,0,0,0.027,32,36,24,28,39,45,48,59,22,22,22,46,48,45,10,10,10,13,14,13,21,21
2/17/2024 7:30,28,28,27,38,39,38,12,18,27,27,765.8,765.8,765.6,708.1,21,22,21,44,46,43,9,9,8,14,14,14,3,S,SSE,0.7,6,SSE,22,21,21,0,21,21,21,20,20,20,19,0,0,65,90,1.4,0,0,0,0,0.033,30,37,24,28,38,46,46,60,22,23,22,44,46,44,10,10,9,13,13,13,22,22
2/17/2024 7:45,28,28,28,37,38,37,12,18,28,28,766,766,765.8,708.3,22,22,22,41,44,41,8,9,8,14,14,14,2,S,S,0.6,6,S,22,22,21,--,21,21,21,21,20,20,19,0,0,120,149,2.59,1,1,0.1,0,0.036,30,35,23,27,37,44,45,54,22,23,22,43,44,42,9,10,9,13,13,13,22,22
2/17/2024 8:00,29,29,28,36,37,36,13,19,28,28,766.1,766.1,766,708.5,22,22,22,40,42,40,8,8,8,14,14,14,2,S,S,0.5,5,SSE,22,22,21,--,21,21,21,21,21,21,20,0,0,184,213,3.96,1,1,0.1,0,0.038,30,34,23,27,37,43,45,56,23,23,23,41,43,41,9,10,9,13,13,13,23,23
2/17/2024 8:15,30,30,29,35,36,35,13,19,29,29,766.1,766.2,766.1,708.5,23,23,22,39,40,39,8,8,8,14,14,14,3,SSE,SSE,0.7,5,SSE,23,22,22,--,22,22,22,21,22,22,21,0,0,243,271,5.23,1,2,0.2,0,0.044,30,35,24,28,38,44,46,57,24,24,23,40,41,40,10,10,9,13,14,13,24,24
2/17/2024 8:30,31,31,30,34,35,34,13,19,30,30,766.3,766.3,766.1,708.7,23,24,23,37,39,36,8,8,8,15,15,14,3,S,S,0.7,5,S,24,23,23,0.2,23,23,23,22,23,23,22,0,0,302,330,6.5,2,2,0.2,0,0.051,29,34,23,26,36,42,43,54,25,25,24,38,40,38,10,10,9,14,14,13,24,24
2/17/2024 8:45,31,31,31,33,34,33,13,20,31,31,766.5,766.5,766.3,708.8,24,24,24,36,38,35,8,8,8,15,15,14,2,S,SSE,0.6,5,SSE,24,24,24,--,24,24,24,23,25,25,23,0,0,361,388,7.76,2,3,0.2,0,0.059,29,33,23,26,36,41,43,52,26,26,25,36,38,35,10,10,9,14,14,13,25,25
2/17/2024 9:00,32,32,31,32,33,32,13,20,31,31,766.7,766.7,766.5,709.1,25,25,24,32,34,32,7,8,7,15,15,15,3,SSE,SSE,0.7,5,SSE,25,24,24,--,24,24,24,24,26,26,25,0,0,418,445,8.99,3,3,0.3,0,0.067,28,34,23,26,35,43,41,52,26,27,26,32,35,32,9,10,8,13,14,13,26,26
2/17/2024 9:15,33,33,32,32,32,32,14,20,32,32,766.8,766.8,766.7,709.1,26,26,25,30,32,29,7,8,7,15,15,15,3,SE,SSE,0.7,5,SE,26,25,25,--,25,25,25,24,27,27,26,0,0,474,501,10.2,3,4,0.4,0,0.077,27,32,22,27,34,40,40,50,27,28,27,30,33,30,8,9,8,13,13,13,26,26
2/17/2024 9:30,33,33,33,31,32,31,14,21,33,33,766.9,766.9,766.8,709.2,27,27,26,27,30,27,7,7,6,15,15,15,3,SE,SSE,0.7,7,SSE,27,26,26,0.4,26,26,26,25,28,28,27,0,0,524,545,11.28,4,4,0.4,0,0.086,28,33,23,27,35,41,41,52,28,28,28,29,31,28,8,9,8,13,13,12,27,27
2/17/2024 9:45,34,34,33,30,31,30,14,21,33,33,766.9,766.9,766.8,709.2,27,27,27,25,28,25,5,7,5,15,15,15,4,SE,SSE,1,7,SSE,27,26,26,--,26,25,26,25,28,28,27,0,0,571,598,12.29,4,5,0.5,0,0.091,27,34,22,27,34,43,39,52,29,29,28,26,29,26,8,9,7,12,13,12,27,28
2/17/2024 10:00,34,34,34,29,30,29,13,21,34,34,767.1,767.1,766.9,709.4,28,28,27,22,25,22,4,6,4,15,15,15,4,SE,SE,1,7,SE,27,27,26,--,27,26,26,25,28,28,28,0,0,620,636,13.34,5,5,0.5,0,0.097,23,29,20,23,29,36,32,45,29,29,29,24,27,23,7,8,6,11,12,11,28,28
2/17/2024 10:15,35,35,34,28,29,28,13,21,34,34,767,767.1,767,709.3,28,28,28,19,22,19,3,4,3,14,15,14,4,ESE,ESE,1.1,7,ESE,28,27,27,--,27,26,26,26,29,29,28,0,0,662,677,14.25,6,6,0.6,0,0.103,20,27,17,24,25,34,27,42,30,30,29,22,24,21,6,7,5,11,12,11,28,28
2/17/2024 10:30,35,35,34,26,28,26,13,20,34,34,766.9,767.1,766.9,709.2,29,29,28,17,20,17,2,3,2,14,15,14,4,SE,SE,1,7,SE,29,27,27,0.6,27,27,27,26,30,30,28,0,0,698,722,15.01,6,6,0.6,0,0.106,20,26,17,21,25,32,27,37,30,31,30,20,22,20,5,6,5,10,11,10,29,29
2/17/2024 10:45,35,35,35,26,27,26,12,20,34,34,766.8,766.9,766.7,709.1,29,29,28,16,17,11,0,2,-4,14,14,13,5,SE,SE,1.2,8,SE,28,28,27,--,27,26,27,26,29,30,29,0,0,740,758,15.91,6,7,0.7,0,0.108,17,29,15,22,21,36,23,46,31,31,31,18,20,15,4,5,2,9,10,8,29,29
2/17/2024 11:00,35,35,35,25,26,24,12,20,34,34,766.8,766.9,766.7,709.1,29,29,29,15,17,14,0,2,-1,14,14,14,4,SE,SE,1,8,SSE,29,28,27,--,27,27,27,26,30,30,29,0,0,771,784,16.58,7,7,0.8,0,0.111,17,26,15,22,21,32,22,36,31,32,31,18,19,17,4,5,3,9,10,9,30,30
2/17/2024 11:15,36,36,35,24,25,24,12,20,34,34,766.5,766.7,766.5,708.9,29,29,29,16,17,15,1,1,0,14,14,14,4,SE,SE,0.9,8,SSE,29,29,27,--,28,27,27,27,30,31,30,0,0,803,814,17.28,7,8,0.8,0,0.113,17,24,14,19,21,30,22,34,32,32,31,18,19,17,5,5,3,10,11,9,30,30
2/17/2024 11:30,36,36,36,24,24,24,12,20,35,35,766.4,766.5,766.4,708.8,29,30,29,15,17,15,1,1,0,14,14,14,3,SE,SE,0.8,8,ESE,29,29,28,0.8,28,27,28,27,31,31,30,0,0,819,831,17.61,8,8,0.8,0,0.116,17,23,15,20,21,29,23,33,33,33,32,17,19,17,4,6,4,10,11,10,31,31
2/17/2024 11:45,36,36,36,23,24,23,12,20,35,35,766.2,766.4,766.2,708.6,30,30,30,14,16,14,0,1,0,14,14,14,4,SE,SSE,0.9,8,SE,30,29,28,--,28,28,28,27,31,31,31,0,0,839,856,18.04,8,8,0.9,0,0.119,16,22,14,19,20,28,21,35,33,33,33,16,18,16,5,5,4,10,11,9,31,31
2/17/2024 12:00,36,36,36,24,24,23,12,21,35,35,766,766.3,766,708.4,30,30,30,14,15,14,0,1,0,14,14,14,3,ESE,SE,0.7,6,ESE,30,30,28,--,28,28,28,28,32,32,31,0,0,858,867,18.46,8,8,0.9,0,0.122,14,19,12,16,17,24,18,27,34,34,33,17,18,16,5,6,4,10,11,9,32,32
2/17/2024 12:15,36,36,36,24,24,24,13,21,35,36,765.7,765.9,765.7,708.1,31,31,30,14,15,14,0,1,0,14,15,14,2,E,E,0.6,6,E,31,30,29,--,29,29,29,28,32,32,32,0,0,865,868,18.61,8,8,0.9,0,0.127,14,21,13,16,18,26,20,31,34,34,34,17,18,16,5,7,4,11,12,10,32,32
2/17/2024 12:30,36,36,36,24,24,24,12,21,36,36,765.5,765.6,765.5,707.8,31,31,31,13,14,13,0,0,-1,14,14,14,3,ESE,ESE,0.8,7,ESE,31,30,29,0.8,29,29,29,28,32,32,32,0,0,878,884,18.88,8,9,0.9,0,0.128,12,22,11,17,15,27,16,28,34,35,34,15,17,14,5,6,3,10,11,9,33,33
2/17/2024 12:45,37,37,36,23,24,23,12,21,36,36,765.4,765.5,765.4,707.8,31,31,31,13,14,12,0,0,-2,14,15,14,3,SE,ESE,0.7,7,E,31,31,29,--,29,29,29,29,33,33,32,0,0,883,888,18.99,9,9,0.9,0,0.13,13,20,12,16,16,25,18,30,35,36,35,14,17,14,4,6,4,10,11,9,33,33
2/17/2024 13:00,37,37,37,23,23,23,13,21,36,36,765,765.4,765,707.4,31,31,31,14,15,13,0,1,-1,15,15,14,2,ESE,ESE,0.5,5,SSE,31,31,29,--,29,29,29,29,33,33,33,0,0,870,879,18.72,8,9,0.9,0,0.133,14,22,13,17,18,27,19,29,36,36,35,15,17,14,5,7,4,10,12,10,34,34
2/17/2024 13:15,37,37,37,22,23,22,12,21,36,36,764.8,765,764.8,707.2,31,32,31,13,14,13,-1,1,-1,15,15,15,3,SE,SSE,0.7,6,SE,31,31,29,--,29,29,29,29,33,33,33,0,0,859,863,18.49,8,8,0.9,0,0.136,14,19,13,16,18,24,19,26,36,36,36,14,16,14,5,6,4,10,11,9,34,34
2/17/2024 13:30,37,38,37,22,23,22,12,21,36,37,764.4,764.8,764.4,706.9,31,32,31,13,14,13,-1,1,-1,14,15,14,3,SE,SE,0.7,8,SE,31,31,29,0.8,29,29,29,29,33,33,33,0,0,850,856,18.29,8,8,0.9,0,0.137,13,19,12,16,16,24,17,30,36,36,36,14,15,14,5,6,4,10,11,10,34,34
2/17/2024 13:45,38,38,37,22,22,22,12,21,37,37,764.1,764.4,764.1,706.6,31,32,31,12,14,12,-1,0,-1,14,15,14,3,SE,SE,0.8,7,ESE,32,31,29,--,29,29,29,29,33,33,32,0,0,834,842,17.94,8,8,0.8,0,0.136,13,18,12,16,16,23,17,27,36,37,36,14,15,14,4,5,4,10,11,9,34,34
2/17/2024 14:00,38,38,38,22,23,22,13,21,37,37,763.9,764.2,763.9,706.4,31,32,31,13,13,12,-1,0,-1,14,15,14,3,ENE,ENE,0.8,6,E,31,31,29,--,29,29,29,29,33,33,32,0,0,809,823,17.4,7,8,0.8,0,0.137,12,18,11,16,15,23,16,25,36,36,36,15,15,14,5,6,4,11,11,9,34,34
2/17/2024 14:15,38,38,38,22,23,22,13,22,38,38,763.6,763.9,763.6,706.1,32,32,31,12,13,12,-1,0,-2,15,15,14,3,E,E,0.8,7,E,32,31,30,--,30,30,30,29,33,33,32,0,0,787,803,16.93,7,7,0.7,0,0.138,12,18,11,17,14,23,16,23,36,36,36,14,15,14,5,6,4,10,11,9,34,34
2/17/2024 14:30,38,39,38,22,22,22,13,22,38,38,763.4,763.6,763.4,705.9,32,32,32,12,12,12,-1,-1,-2,14,15,14,3,SE,S,0.7,8,S,32,32,30,0.8,30,30,30,30,33,33,33,0,0,756,773,16.26,6,7,0.7,0,0.142,12,18,12,15,16,23,17,27,37,37,36,14,16,13,6,7,4,11,12,9,35,35
2/17/2024 14:45,39,39,38,22,22,22,13,22,38,38,763.3,763.4,763.3,705.8,32,32,32,12,12,12,-1,0,-1,15,15,14,2,E,E,0.5,7,ESE,32,32,30,--,30,30,30,30,33,34,33,0,0,724,740,15.58,6,6,0.6,0,0.142,13,19,12,16,16,24,17,29,37,38,37,14,16,13,5,7,4,10,12,10,35,35
2/17/2024 15:00,40,40,39,22,22,22,14,22,39,39,763.3,763.3,763.3,705.8,32,32,32,12,12,12,-1,0,-2,15,15,14,3,E,E,0.7,6,E,32,32,30,--,30,30,30,30,33,33,32,0,0,689,707,14.81,6,6,0.6,0,0.143,13,18,12,15,16,23,17,33,37,37,37,14,14,13,5,5,4,10,11,9,34,35
2/17/2024 15:15,42,42,40,20,22,20,15,23,42,42,763.3,763.3,763.1,705.8,32,32,32,12,12,11,-1,-1,-2,15,15,15,2,ESE,ESE,0.5,5,ESE,32,32,30,--,30,30,30,30,33,33,33,0,0,647,670,13.92,5,5,0.5,0,0.146,13,17,12,17,16,21,17,26,37,37,36,14,14,13,5,5,4,10,10,9,35,35
2/17/2024 15:30,44,44,42,19,20,19,16,24,45,45,763.3,763.3,763.2,705.8,33,33,32,11,12,11,-1,-1,-2,15,15,15,2,ESE,E,0.5,5,NE,33,32,30,0.6,30,30,30,30,32,33,32,0,0,595,617,12.79,4,5,0.5,0,0.148,13,19,12,15,16,24,17,28,37,38,37,14,15,13,6,6,4,11,11,9,35,35
2/17/2024 15:45,40,44,40,20,21,19,13,22,40,45,763,763.3,763,705.5,32,33,32,12,12,11,-1,-1,-2,15,15,15,3,NE,ENE,0.7,5,ENE,32,32,30,--,30,30,30,30,32,32,32,0,0,545,566,11.72,4,4,0.4,0,0.146,13,18,12,16,16,22,17,26,37,38,37,13,16,13,5,7,4,10,12,10,35,35
2/17/2024 16:00,39,40,39,22,22,21,13,22,38,40,763,763,763,705.5,32,32,32,11,12,11,-1,0,-2,15,15,15,2,ESE,ESE,0.5,5,E,32,32,30,--,30,30,30,30,31,32,31,0,0,493,519,10.61,3,4,0.4,0,0.146,13,18,13,17,17,23,18,26,37,38,37,14,15,13,6,6,4,11,11,9,35,35
2/17/2024 16:15,38,39,38,22,22,22,13,21,37,38,762.9,763,762.9,705.4,32,32,32,12,12,11,-1,-1,-2,15,15,14,2,E,ENE,0.6,7,NNE,32,32,30,--,30,30,30,30,31,32,31,0,0,439,462,9.44,3,3,0.3,0,0.146,14,22,13,17,18,27,19,33,37,38,37,15,16,13,6,7,4,11,12,9,35,35
2/17/2024 16:30,38,38,38,22,22,22,12,21,37,37,763,763,762.9,705.5,32,32,32,12,12,11,-1,-1,-2,15,15,15,2,SE,SE,0.5,5,SE,32,32,30,0.4,30,30,30,30,30,31,30,0,0,383,410,8.24,2,2,0.2,0,0.144,14,22,13,17,17,28,18,33,37,37,37,13,15,13,4,6,4,10,11,9,35,35
2/17/2024 16:45,38,38,38,22,22,22,13,21,37,37,763,763,762.9,705.6,32,33,32,11,13,11,-1,0,-2,15,15,15,1,SE,SSE,0.2,2,SE,33,32,31,--,31,31,31,30,31,31,30,0,0,326,353,7.01,2,2,0.2,0,0.147,13,21,12,16,16,26,18,27,37,37,37,14,15,13,5,6,4,10,11,9,35,35
2/17/2024 17:00,37,38,37,23,23,22,12,21,36,37,763,763,763,705.6,32,33,32,12,12,11,-1,-1,-1,15,15,15,2,E,ENE,0.5,5,E,32,32,30,--,31,30,31,30,29,30,29,0,0,266,294,5.72,1,2,0.2,0,0.147,16,22,15,19,20,28,22,35,37,37,36,14,15,13,4,6,4,10,11,9,34,35
2/17/2024 17:15,36,37,36,23,23,23,12,21,36,36,763.1,763.1,763,705.7,32,32,31,12,13,12,-1,-1,-1,14,15,14,3,E,E,0.9,7,ENE,31,31,29,--,30,29,30,29,29,29,29,0,0,203,232,4.36,1,1,0.1,0,0.14,18,24,16,20,23,30,25,37,35,36,35,15,15,14,4,5,4,9,11,9,32,34
2/17/2024 17:30,36,36,36,24,24,23,12,20,35,36,763.2,763.2,763.1,705.7,31,31,31,13,13,12,0,0,-1,14,15,14,4,ENE,E,1,8,ENE,31,31,29,0.2,29,29,29,29,28,29,28,0,0,141,171,3.02,1,1,0.1,0,0.136,21,27,18,22,26,34,29,48,34,35,34,15,16,14,4,5,3,9,10,9,32,32
2/17/2024 17:45,35,36,35,24,24,24,12,20,34,35,763.3,763.3,763.2,705.9,31,31,31,13,13,13,-1,-1,-1,14,14,14,4,E,E,1,7,ENE,31,31,29,--,29,29,29,29,28,28,28,0,0,84,109,1.8,0,1,0,0,0.134,21,26,18,21,27,33,29,44,34,34,33,15,16,15,3,4,3,9,10,9,31,32
2/17/2024 18:00,35,35,35,24,24,24,11,20,33,34,763.5,763.5,763.3,706,31,31,31,13,13,13,-1,-1,-1,14,14,14,4,ENE,ENE,0.9,6,E,30,30,29,--,29,28,29,28,27,28,27,0,0,41,58,0.88,0,0,0,0,0.13,21,26,18,21,26,32,28,44,33,33,32,16,16,15,3,4,3,9,9,9,30,31
2/17/2024 18:15,34,35,34,25,25,24,11,19,33,33,763.5,763.5,763.5,706,30,31,30,14,14,13,-1,-1,-1,14,14,14,3,ENE,ENE,0.7,4,ENE,30,30,28,--,29,28,29,28,27,27,27,0,0,16,26,0.34,0,0,0,0,0.126,24,29,20,24,30,36,33,46,32,33,32,17,17,16,4,5,3,9,10,9,30,31
2/17/2024 18:30,33,34,33,25,25,25,11,19,32,33,763.6,763.6,763.5,706.1,30,30,30,14,14,14,-1,0,-1,14,14,14,2,ENE,ENE,0.6,4,ENE,30,30,28,0.1,28,28,28,28,27,27,27,0,0,1,7,0.03,0,0,0,0,0.121,27,33,23,28,33,41,38,50,32,32,32,17,18,16,3,4,3,9,10,9,30,30
2/17/2024 18:45,33,33,33,26,26,25,11,19,32,32,763.8,763.8,763.6,706.3,30,30,29,14,14,14,-1,0,-1,14,14,14,1,ENE,ENE,0.4,3,ENE,29,29,28,--,28,28,28,28,26,27,26,0,0,0,0,0,0,0,0,0,0.117,25,29,21,24,31,36,34,52,31,32,31,20,20,17,6,6,3,11,11,9,30,30
2/17/2024 19:00,32,33,32,26,26,26,10,18,31,32,763.9,763.9,763.8,706.3,29,29,29,15,15,14,0,0,-1,14,14,14,2,ENE,ENE,0.4,3,E,29,29,27,--,28,27,28,27,26,26,26,0,0,0,0,0,0,0,0,0,0.114,29,36,25,31,36,45,44,56,31,31,31,17,20,17,3,6,3,9,11,9,29,30
2/17/2024 19:15,32,32,32,26,26,26,10,18,30,31,763.8,763.9,763.8,706.3,29,29,29,15,15,15,0,0,0,14,14,14,2,E,E,0.6,4,E,29,29,27,--,27,27,27,27,26,26,26,0,0,0,0,0,0,0,0,0,0.112,37,45,32,37,47,56,58,67,31,31,30,18,18,17,3,4,3,9,9,9,29,29
2/17/2024 19:30,31,32,31,26,26,26,10,18,30,30,763.8,763.9,763.8,706.3,29,29,28,16,16,15,0,0,0,13,14,13,2,ESE,ESE,0.5,3,E,28,28,27,0,27,27,27,27,25,26,25,0,0,0,0,0,0,0,0,0,0.108,38,42,32,36,48,53,60,72,30,31,30,18,18,18,3,3,3,9,9,9,28,29
2/17/2024 19:45,31,31,31,27,27,26,10,18,30,30,764.1,764.1,763.8,706.6,28,28,28,16,16,16,0,0,0,13,13,13,2,SE,SE,0.5,4,SE,28,28,26,--,27,26,27,26,25,25,25,0,0,0,0,0,0,0,0,0,0.102,39,44,33,37,49,55,61,69,30,30,30,19,20,18,4,5,3,9,10,9,28,29
2/17/2024 20:00,31,31,31,26,27,26,9,18,29,30,764.2,764.2,764.1,706.7,28,28,27,19,19,16,1,1,0,13,13,13,3,ESE,ESE,0.8,6,ESE,27,27,26,--,26,25,26,25,24,25,24,0,0,0,0,0,0,0,0,0,0.095,39,42,33,36,49,53,61,69,29,30,29,20,20,18,4,4,3,9,9,9,27,28
2/17/2024 20:15,31,31,31,26,26,26,9,17,29,29,764.4,764.4,764.2,706.8,27,27,26,21,21,19,2,2,1,13,13,13,3,ESE,ESE,0.7,4,ESE,26,26,25,--,25,25,25,25,24,24,24,0,0,0,0,0,0,0,0,0,0.086,40,46,34,39,50,58,63,73,29,29,29,21,21,20,4,4,4,10,10,9,27,28
2/17/2024 20:30,30,31,30,26,26,26,9,17,29,29,764.4,764.4,764.4,706.9,26,26,26,22,22,21,3,3,2,14,14,13,3,ESE,ESE,0.8,5,ESE,26,26,25,0.1,25,25,25,25,24,24,24,0,0,0,0,0,0,0,0,0,0.084,40,46,33,37,50,58,62,70,29,29,29,23,23,21,5,5,4,10,10,10,27,27
2/17/2024 20:45,30,30,30,26,26,26,8,17,29,29,764.5,764.5,764.4,706.9,26,26,26,24,24,22,3,3,3,14,14,14,3,ESE,ESE,0.7,4,ESE,26,26,25,--,25,25,25,24,23,24,23,0,0,0,0,0,0,0,0,0,0.08,38,42,32,35,48,52,60,70,28,29,28,23,23,22,5,5,5,11,11,10,27,27
2/17/2024 21:00,30,30,30,27,27,26,9,17,29,29,764.6,764.6,764.4,707,26,26,26,24,24,24,4,4,3,13,14,13,3,ESE,ESE,0.6,4,ESE,26,26,24,--,25,24,25,24,23,23,23,0,0,0,0,0,0,0,0,0,0.076,38,42,31,34,47,52,59,71,28,28,28,24,24,23,6,6,5,11,11,10,26,27
2/17/2024 21:15,30,30,30,27,27,26,9,17,28,29,764.7,764.7,764.6,707.1,25,26,25,25,25,24,4,4,3,14,14,13,3,SE,SE,0.7,4,SE,25,25,24,--,24,24,24,24,23,23,23,0,0,0,0,0,0,0,0,0,0.074,39,46,32,38,49,57,61,71,28,28,28,25,25,24,6,6,5,11,11,11,26,27
2/17/2024 21:30,30,30,30,27,27,27,9,17,28,29,764.8,764.8,764.7,707.2,25,26,25,26,26,25,4,4,4,14,14,14,3,SE,SE,0.8,4,SE,25,25,24,0.1,24,24,24,24,23,23,23,0,0,0,0,0,0,0,0,0,0.074,39,42,32,35,48,53,60,70,28,28,28,26,26,25,6,7,6,11,11,11,26,26
2/17/2024 21:45,30,30,30,27,27,27,9,17,28,28,764.8,764.8,764.7,707.2,25,25,25,27,27,26,5,5,4,14,14,14,4,SE,SSE,1,5,SE,24,24,24,--,24,23,24,23,22,23,22,0,0,0,0,0,0,0,0,0,0.072,37,40,30,33,46,50,57,64,27,28,27,27,27,26,7,7,6,11,11,11,26,26
2/17/2024 22:00,29,30,29,28,28,27,9,17,28,28,764.8,764.8,764.7,707.2,25,25,25,27,27,27,5,5,5,14,14,14,3,SSE,SSE,0.8,4,SSE,24,24,24,--,24,23,24,23,22,23,22,0,0,0,0,0,0,0,0,0,0.067,36,40,29,33,44,50,55,66,27,27,27,28,28,27,7,7,6,11,12,11,26,26
2/17/2024 22:15,29,29,29,28,28,28,9,17,28,28,764.8,764.8,764.8,707.2,25,25,24,28,28,27,5,5,4,13,14,13,3,SE,SE,0.8,4,SE,24,24,23,--,24,23,24,23,22,23,22,0,0,0,0,0,0,0,0,0,0.066,34,38,28,31,43,48,53,65,27,27,27,28,28,27,7,7,6,11,12,11,26,26
2/17/2024 22:30,29,29,29,28,28,28,9,17,28,28,764.7,764.8,764.7,707.1,24,24,24,28,28,28,5,5,4,13,13,13,3,ESE,ESE,0.7,4,ESE,24,24,23,0.1,23,23,23,23,22,22,22,0,0,0,0,0,0,0,0,0,0.062,35,42,28,31,43,52,54,66,27,27,26,28,28,27,6,7,6,11,11,11,25,26
2/17/2024 22:45,29,29,29,28,28,28,9,17,28,28,764.7,764.7,764.6,707.1,24,24,24,29,29,28,5,5,4,13,13,13,4,SE,SE,0.9,4,SE,23,23,23,--,23,22,23,22,21,22,21,0,0,0,0,0,0,0,0,0,0.06,34,38,28,31,43,48,52,63,26,26,26,29,29,28,7,7,6,11,12,11,25,25
2/17/2024 23:00,29,29,29,28,29,28,9,17,28,28,764.6,764.7,764.6,707.1,24,24,24,30,30,29,5,5,4,13,13,13,4,SE,SE,0.9,4,SE,23,23,22,--,23,22,22,22,21,21,21,0,0,0,0,0,0,0,0,0,0.056,33,36,27,30,41,45,50,58,26,26,26,29,30,28,7,7,6,11,12,11,25,25
2/17/2024 23:15,29,29,29,29,29,28,9,17,28,28,764.7,764.7,764.6,707.1,23,24,23,31,31,30,5,5,5,13,13,13,4,SE,SE,1,4,SE,23,23,22,--,22,22,22,21,21,21,20,0,0,0,0,0,0,0,0,0,0.053,32,36,26,28,40,45,48,58,26,26,26,30,30,29,7,7,7,12,12,11,25,25
2/17/2024 23:30,29,29,29,29,29,29,9,17,28,28,764.6,764.7,764.6,707,23,23,23,32,32,32,6,6,6,14,14,13,3,SSE,SSE,0.7,5,SE,23,23,22,0.1,22,22,22,22,21,21,21,0,0,0,0,0,0,0,0,0,0.053,32,36,26,29,40,45,49,61,26,26,26,31,32,30,7,7,7,12,12,12,25,25
2/17/2024 23:45,29,29,29,29,29,29,9,17,28,28,764.5,764.6,764.5,707,23,23,23,33,33,32,6,6,5,13,14,13,3,SSE,SSE,0.8,5,SSE,22,22,22,--,22,21,22,21,20,21,20,0,0,0,0,0,0,0,0,0,0.051,33,38,27,30,41,47,51,61,26,26,25,31,31,30,7,7,7,12,12,12,24,25
2/18/2024 0:00,29,29,29,30,30,29,9,17,28,28,764.6,764.6,764.5,707,23,23,23,34,34,33,6,6,6,13,13,13,2,SSE,SSE,0.6,4,SE,23,22,22,--,22,22,22,21,21,21,20,0,0,0,0,0,0,0,0,0,0.047,32,36,26,29,39,45,48,59,25,26,25,32,32,31,8,8,7,12,12,12,24,24
2/18/2024 0:15,29,29,29,30,30,29,9,17,27,28,764.4,764.6,764.4,706.9,23,23,23,35,35,34,7,7,6,14,14,13,3,SE,SE,0.8,4,SE,22,22,22,--,22,21,22,21,20,21,20,0,0,0,0,0,0,0,0,0,0.048,30,34,24,27,38,43,46,55,25,26,25,33,33,32,8,8,7,12,12,12,24,24
2/18/2024 0:30,29,29,29,30,30,30,9,17,27,28,764.4,764.4,764.3,706.8,23,23,23,36,36,34,7,7,6,14,14,13,4,SE,SE,1,5,SSE,22,22,22,0,22,21,21,21,20,20,20,0,0,0,0,0,0,0,0,0,0.047,30,34,24,27,37,43,45,56,25,25,25,34,34,32,8,8,8,12,12,12,24,24
2/18/2024 0:45,29,29,29,30,30,30,9,17,27,27,764.2,764.3,764.2,706.7,23,23,23,38,38,36,8,8,7,14,14,14,4,SE,SE,0.9,5,SE,22,22,22,--,22,21,21,21,20,20,20,0,0,0,0,0,0,0,0,0,0.046,29,34,23,27,36,42,44,53,25,25,25,35,36,34,8,9,8,13,13,12,24,24
2/18/2024 1:00,29,29,28,30,30,30,9,17,27,27,764.1,764.2,764.1,706.6,23,23,23,39,39,38,8,8,8,14,14,14,3,SSE,SSE,0.6,4,SSE,23,22,22,--,22,22,22,21,21,21,20,0,0,0,0,0,0,0,0,0,0.044,29,34,23,27,36,42,43,51,25,25,25,37,37,35,9,9,8,13,13,13,24,24
2/18/2024 1:15,28,29,28,31,31,30,9,17,27,27,764.1,764.2,764.1,706.6,23,23,23,39,40,39,8,8,8,14,14,14,3,SSE,SSE,0.8,6,SSE,23,23,22,--,22,22,22,22,21,21,21,0,0,0,0,0,0,0,0,0,0.046,28,33,22,26,35,41,43,51,25,25,25,38,38,36,9,9,9,13,13,13,24,24
2/18/2024 1:30,28,28,28,31,31,31,9,17,27,27,763.9,764.1,763.9,706.4,23,23,23,40,40,40,9,9,8,14,14,14,3,S,S,0.8,7,S,23,22,22,0,22,22,22,22,21,21,21,0,0,0,0,0,0,0,0,0,0.047,28,34,22,25,35,42,42,56,24,25,24,39,39,38,9,9,9,13,13,13,24,24
2/18/2024 1:45,28,28,28,32,32,31,9,17,27,27,763.8,764,763.8,706.3,23,23,23,40,40,40,9,9,9,15,15,14,4,S,SSE,1,7,SE,22,22,22,--,22,22,22,22,21,21,21,0,0,0,0,0,0,0,0,0,0.049,28,34,22,26,36,42,43,58,24,24,24,39,40,38,10,10,9,13,13,13,24,24
2/18/2024 2:00,28,28,28,32,32,32,10,17,27,27,763.7,763.9,763.7,706.2,23,23,23,41,41,40,9,9,9,15,15,15,4,S,S,1,8,S,22,22,22,--,23,22,22,21,21,21,20,0,0,0,0,0,0,0,0,0,0.051,28,33,22,25,35,41,42,53,24,24,24,40,41,39,10,10,10,14,14,13,24,24
2/18/2024 2:15,28,28,28,32,32,32,10,17,27,27,763.6,763.8,763.6,706.1,23,23,23,42,42,41,9,9,9,15,15,15,5,SSE,SSE,1.2,8,SSE,21,21,22,--,22,21,22,21,20,21,20,0,0,0,0,0,0,0,0,0,0.048,28,33,22,25,35,41,42,54,24,24,24,41,41,40,10,10,10,14,14,14,23,24
2/18/2024 2:30,28,28,28,33,33,32,10,17,27,27,763.6,763.6,763.5,706.1,22,23,22,44,44,42,9,9,9,15,15,15,4,SSE,SSE,1,7,SE,21,21,21,0,22,21,21,20,20,20,19,0,0,0,0,0,0,0,0,0,0.043,27,32,22,25,34,40,41,53,24,24,24,42,42,41,10,10,10,14,14,14,23,23
2/18/2024 2:45,28,28,28,33,33,33,10,17,27,27,763.4,763.6,763.4,705.9,22,22,22,44,45,44,10,10,9,15,15,15,4,S,S,1,6,S,21,21,22,--,22,21,21,21,20,20,20,0,0,0,0,0,0,0,0,0,0.042,27,31,22,25,34,39,41,55,24,24,24,43,44,42,10,10,10,14,14,14,23,23
2/18/2024 3:00,28,28,28,34,34,33,10,17,27,27,763.3,763.4,763.3,705.9,22,22,22,44,45,44,10,10,10,15,15,15,4,S,S,1.1,7,SSE,21,21,22,--,22,20,21,20,19,20,19,0,0,0,0,0,0,0,0,0,0.042,29,36,23,28,37,45,45,54,24,24,23,44,44,43,10,10,10,14,14,14,23,23
2/18/2024 3:15,27,28,27,34,34,34,10,17,26,27,763.3,763.3,763.3,705.8,22,22,22,46,46,44,10,10,9,15,15,15,5,SSE,SSE,1.1,8,SE,21,21,21,--,22,20,20,20,19,19,19,0,0,0,0,0,0,0,0,0,0.039,30,35,24,28,38,44,46,55,23,24,23,43,44,43,10,10,10,14,14,14,23,23
2/18/2024 3:30,27,28,27,34,34,34,10,17,26,26,763.2,763.3,763.2,705.8,22,22,21,47,47,46,10,10,10,14,15,14,4,SSE,SSE,1,6,SE,21,20,20,0,21,20,20,19,19,19,18,0,0,0,0,0,0,0,0,0,0.033,29,34,22,26,36,42,44,55,23,23,23,44,44,43,10,10,10,14,14,14,23,23
2/18/2024 3:45,27,27,27,34,34,34,10,17,26,26,763.1,763.2,763.1,705.7,22,22,21,46,48,46,10,10,10,15,15,14,3,S,S,0.6,6,S,22,21,21,--,21,21,21,20,20,20,19,0,0,0,0,0,0,0,0,0,0.033,30,36,23,26,37,45,46,57,23,23,23,44,45,44,10,11,10,14,14,14,23,23
2/18/2024 4:00,27,27,27,34,34,34,10,17,26,26,763.1,763.1,763,705.6,22,22,22,44,46,44,10,10,10,15,15,15,4,S,S,0.9,6,SSE,22,22,22,--,22,21,22,21,20,21,20,0,0,0,0,0,0,0,0,0,0.042,31,35,24,28,39,44,48,55,23,23,23,44,44,44,10,10,10,14,14,14,23,23
2/18/2024 4:15,27,27,27,34,34,34,10,17,26,26,763,763.1,763,705.6,22,22,22,45,45,45,10,10,10,15,15,15,3,S,S,0.7,5,S,22,22,21,--,22,21,21,21,20,20,20,0,0,0,0,0,0,0,0,0,0.041,31,37,25,28,39,46,48,58,23,23,23,44,44,44,10,10,10,14,14,14,23,23
2/18/2024 4:30,27,27,27,35,35,34,10,17,26,26,763,763,763,705.5,22,22,22,45,45,45,10,10,10,15,15,15,3,S,S,0.7,6,SSE,22,22,21,0,22,21,22,21,20,21,20,0,0,0,0,0,0,0,0,0,0.042,32,38,25,29,40,47,49,62,23,23,23,44,45,44,10,10,10,14,14,14,23,23
2/18/2024 4:45,27,27,27,35,35,35,10,17,26,26,763,763,762.9,705.5,22,22,22,45,46,45,10,10,10,15,15,15,3,S,S,0.8,6,SSE,22,22,21,--,21,21,21,21,20,20,20,0,0,0,0,0,0,0,0,0,0.04,33,38,26,30,41,48,51,60,23,23,23,45,45,44,10,11,10,14,14,14,22,23
2/18/2024 5:00,27,27,27,35,35,35,10,17,26,26,762.9,763,762.9,705.4,23,23,22,42,45,42,9,10,9,15,15,15,4,S,S,0.9,7,S,22,22,22,--,22,22,22,21,21,21,20,0,0,0,0,0,0,0,0,0,0.044,33,38,26,29,41,47,50,62,23,23,23,43,45,43,10,10,10,14,14,14,23,23
2/18/2024 5:15,27,27,27,35,35,35,10,17,26,26,763,763,762.9,705.5,23,23,23,42,42,41,9,9,9,15,15,15,4,S,S,0.9,8,SSE,22,22,22,--,22,22,22,22,21,21,21,0,0,0,0,0,0,0,0,0,0.048,33,37,27,29,41,46,50,62,23,23,23,43,44,43,10,10,10,13,14,13,23,23
2/18/2024 5:30,27,27,27,35,35,35,10,17,26,26,763.1,763.1,762.9,705.6,22,23,22,43,43,42,9,9,9,15,15,14,3,S,S,0.7,7,SW,22,22,22,0,22,22,22,21,20,21,20,0,0,0,0,0,0,0,0,0,0.043,33,37,26,30,41,46,50,63,23,23,23,44,44,43,10,10,10,14,14,13,22,23
2/18/2024 5:45,27,27,27,35,35,35,10,17,26,26,763.1,763.1,763.1,705.7,22,22,22,43,45,43,9,9,9,14,15,14,3,SSW,S,0.9,7,SSW,22,21,21,--,21,21,21,21,20,20,19,0,0,0,0,0,0,0,0,0,0.038,34,38,27,30,42,48,52,62,23,23,23,44,45,44,10,10,10,13,14,13,22,22
2/18/2024 6:00,27,27,27,35,35,35,10,17,26,26,763.3,763.3,763.1,705.8,22,23,22,43,43,42,9,9,9,14,15,14,4,S,S,0.9,7,SSE,22,22,21,--,22,21,21,21,20,20,20,0,0,0,0,0,0,0,0,0,0.043,35,40,28,31,44,50,54,64,23,23,23,44,44,43,10,10,10,13,13,13,22,22
2/18/2024 6:15,27,27,27,35,35,35,10,17,26,26,763.4,763.4,763.3,705.9,22,22,22,43,43,42,9,9,9,15,15,14,4,S,S,1,8,S,21,21,22,--,22,21,21,20,20,20,19,0,0,0,0,0,0,0,0,0,0.041,36,41,29,33,46,51,57,65,23,23,23,44,44,43,10,10,10,13,13,13,22,22
2/18/2024 6:30,27,27,27,35,35,35,10,17,26,26,763.6,763.6,763.4,706.1,22,22,22,44,44,43,9,9,9,14,15,14,3,S,S,0.8,7,S,22,21,21,0,22,21,21,20,20,20,19,0,0,0,0,0,0,0,0,0,0.039,38,42,31,33,47,52,59,66,23,23,22,45,45,44,10,10,10,13,13,13,22,22
2/18/2024 6:45,27,27,27,36,36,35,11,17,26,26,763.8,763.8,763.6,706.3,22,22,22,45,45,44,9,9,9,14,14,14,3,SSW,S,0.9,7,S,21,21,21,--,21,20,21,20,19,20,19,0,0,0,0,0,0,0,0,0,0.036,38,42,30,33,47,52,59,70,22,23,22,45,46,45,10,10,10,13,13,13,22,22
2/18/2024 7:00,28,28,27,36,36,36,11,17,27,27,764.1,764.1,763.9,706.6,22,22,22,45,45,44,9,9,9,14,14,14,4,SSW,SSW,0.9,8,S,21,21,21,--,21,20,21,20,19,20,19,0,0,9,16,0.19,0,0,0,0,0.035,38,42,30,34,48,52,60,68,22,22,22,45,46,45,10,10,10,13,13,13,22,22
2/18/2024 7:15,28,28,28,35,36,35,11,18,27,27,764.3,764.3,764.1,706.8,22,22,21,46,46,45,9,9,9,14,14,14,4,SSW,SSW,0.9,6,S,21,21,21,--,21,20,21,20,19,19,19,0,0,28,40,0.6,0,0,0,0,0.033,38,42,30,33,48,52,60,68,22,22,22,46,46,45,10,10,10,13,13,13,22,22
2/18/2024 7:30,28,28,28,35,35,35,11,18,27,27,764.5,764.5,764.3,707,22,22,21,47,47,46,10,10,9,15,15,14,4,SSW,SSW,1.1,7,SSW,21,21,21,0.1,21,20,20,20,19,19,19,0,0,59,77,1.27,0,0,0,0,0.034,37,41,30,33,47,51,58,68,22,23,22,47,47,45,11,11,10,14,14,13,22,22
2/18/2024 7:45,29,29,28,34,35,34,12,18,28,28,764.6,764.6,764.5,707,22,22,22,47,47,46,10,10,10,15,15,15,4,SSW,SSW,1.1,8,S,21,21,21,--,21,21,21,20,20,20,19,0,0,106,132,2.27,1,1,0.1,0,0.037,37,40,29,33,46,50,57,65,22,23,22,47,48,47,11,11,10,14,14,14,22,22
2/18/2024 8:00,30,30,29,34,35,34,12,18,29,29,764.8,764.8,764.6,707.2,22,23,22,46,46,46,10,10,10,15,15,15,4,SSW,SSW,1,6,SW,22,21,22,--,22,21,21,21,21,21,20,0,0,162,190,3.48,1,1,0.1,0,0.043,35,40,28,31,44,50,54,64,23,23,22,46,48,46,11,11,11,14,14,14,23,23
2/18/2024 8:15,30,30,30,33,34,33,12,19,29,29,765.1,765.1,764.8,707.5,23,23,23,45,46,45,11,11,10,16,16,15,4,SSW,S,1,8,SSE,23,22,23,--,23,22,22,22,22,22,21,0,0,217,243,4.67,1,1,0.1,0,0.049,35,38,28,31,43,48,53,62,24,24,23,46,46,45,11,11,11,15,15,14,24,24
2/18/2024 8:30,31,31,30,33,33,33,13,19,30,30,765.4,765.4,765.1,707.8,24,24,23,44,45,44,11,11,11,16,16,16,4,SSW,SSW,1,8,S,23,22,23,0.2,23,23,23,22,23,23,22,0,0,272,299,5.86,2,2,0.2,0,0.054,34,38,28,31,43,48,53,61,24,25,24,44,46,44,12,12,11,15,15,15,24,24
2/18/2024 8:45,32,32,31,32,33,32,13,20,31,31,765.4,765.4,765.4,707.8,24,24,24,42,44,42,10,11,10,16,16,16,4,SSW,SSW,1.1,8,S,23,23,24,--,24,23,23,22,23,23,23,0,0,329,355,7.07,2,2,0.2,0,0.057,33,37,26,30,41,46,50,60,25,25,24,42,44,42,11,12,11,15,15,15,25,25
2/18/2024 9:00,32,32,32,32,32,32,13,20,31,32,765.5,765.5,765.4,707.9,24,25,24,39,42,39,10,10,10,16,16,16,4,S,S,0.9,6,S,24,23,24,--,24,24,24,23,24,25,23,0,0,384,410,8.26,2,3,0.3,0,0.063,31,37,25,28,39,46,48,57,26,26,25,38,42,38,11,12,11,15,15,15,25,25
2/18/2024 9:15,33,33,32,31,32,31,13,20,32,32,765.7,765.7,765.5,708.1,25,26,25,35,39,35,9,10,9,16,16,16,3,SSW,S,0.7,7,S,26,24,25,--,25,25,25,23,26,26,24,0,0,437,462,9.41,3,3,0.3,0,0.071,31,36,25,28,38,45,47,56,27,27,26,36,38,36,11,11,10,14,15,14,26,26
2/18/2024 9:30,34,34,33,30,31,30,13,20,33,33,765.8,765.8,765.7,708.1,26,26,26,32,36,32,8,9,8,16,16,16,4,SSW,S,0.9,8,SSE,26,25,25,0.4,25,25,25,24,26,26,26,0,0,491,519,10.56,4,4,0.4,0,0.078,29,34,24,28,37,42,44,53,27,28,27,32,36,32,9,11,9,14,15,14,27,27
2/18/2024 9:45,34,34,34,29,30,29,13,20,33,33,765.8,765.8,765.7,708.2,27,27,26,30,32,29,8,8,7,16,16,15,3,S,S,0.9,8,S,26,26,26,--,26,25,26,25,27,27,26,0,0,543,566,11.69,4,4,0.4,0,0.087,29,42,24,35,36,53,43,64,28,28,28,31,33,30,10,10,9,14,14,13,27,27
2/18/2024 10:00,35,35,34,28,29,28,13,21,34,34,765.8,765.9,765.8,708.2,27,27,27,29,30,29,8,8,7,16,16,15,4,SSW,S,1.1,7,S,26,26,26,--,26,25,25,25,27,27,27,0,0,592,615,12.74,5,5,0.5,0,0.089,28,33,22,26,35,41,41,49,29,29,28,29,31,28,9,10,9,13,14,13,28,28
2/18/2024 10:15,35,35,34,27,28,27,13,21,34,34,765.8,765.9,765.8,708.2,27,28,27,27,29,27,7,8,7,16,16,15,4,S,S,1,8,S,28,26,27,--,27,26,26,25,29,29,27,0,0,637,656,13.7,5,5,0.6,0,0.094,27,32,22,27,34,40,40,50,29,30,29,28,29,27,9,9,8,14,14,13,28,29
2/18/2024 10:30,35,35,35,27,27,27,14,21,35,35,765.7,765.8,765.7,708.1,28,28,28,28,28,26,8,8,7,16,16,16,4,S,SSW,0.9,8,S,28,27,27,0.6,27,27,27,26,29,29,28,0,0,675,689,14.52,6,6,0.6,0,0.1,27,31,22,26,34,39,39,49,30,30,30,28,29,27,10,10,8,14,14,13,29,29
2/18/2024 10:45,36,36,35,26,27,26,13,21,35,35,765.6,765.7,765.6,708,28,28,28,28,28,26,8,8,7,16,16,16,4,SSE,S,1.1,9,SSE,28,27,27,--,27,26,27,26,29,30,29,0,0,711,726,15.3,6,6,0.7,0,0.103,28,34,24,27,36,42,42,52,30,31,30,28,28,27,10,10,9,14,15,13,29,29
2/18/2024 11:00,36,36,36,26,27,26,14,21,35,35,765.6,765.7,765.5,707.9,29,29,28,27,28,26,8,8,7,16,16,16,4,S,S,0.9,7,SSE,28,28,27,--,27,27,27,26,30,30,29,0,0,745,754,16.02,7,7,0.7,0,0.107,30,35,25,28,38,44,45,58,31,31,31,27,28,26,10,10,10,14,14,14,30,30
2/18/2024 11:15,36,36,36,26,26,26,14,21,36,36,765.4,765.6,765.4,707.8,29,29,29,26,28,26,8,8,7,16,17,16,4,S,S,1,8,SSW,29,28,28,--,28,27,28,27,30,31,30,0,0,768,780,16.52,7,7,0.7,0,0.113,29,34,24,28,36,43,44,61,32,32,31,26,27,25,10,10,10,14,15,14,31,31
2/18/2024 11:30,36,36,36,26,26,26,14,21,36,36,765.4,765.4,765.4,707.8,29,30,29,25,27,24,8,8,7,17,17,16,4,SSW,S,0.9,8,SSE,30,29,28,0.7,28,28,28,27,31,31,30,0,0,792,802,17.04,7,7,0.8,0,0.116,27,32,23,28,34,40,40,51,32,33,32,25,27,23,10,10,9,14,15,13,31,31
2/18/2024 11:45,37,37,36,25,26,25,14,21,36,36,765.2,765.4,765.2,707.6,30,30,30,22,24,22,6,8,6,16,17,16,4,SSW,SSW,1,8,S,29,29,28,--,28,28,28,28,31,31,31,0,0,811,821,17.44,8,8,0.8,0,0.12,26,32,22,26,33,40,38,48,33,33,33,22,24,22,9,10,8,13,14,13,31,32
2/18/2024 12:00,37,37,37,25,25,25,13,21,36,36,765,765.2,765,707.4,30,30,30,21,24,21,6,7,5,16,16,16,4,S,S,1.1,8,S,30,29,29,--,29,28,28,28,31,31,30,0,0,825,838,17.75,8,8,0.8,0,0.122,25,30,21,25,31,38,35,48,33,34,33,21,24,21,8,10,8,13,14,13,32,32
2/18/2024 12:15,37,37,37,24,25,24,13,21,36,36,764.8,765,764.8,707.2,31,31,30,19,21,18,5,6,4,16,16,16,4,SE,SSE,0.9,8,S,31,30,29,--,29,29,29,28,32,32,31,0,0,838,851,18.02,8,8,0.9,0,0.129,23,28,19,22,28,35,31,47,34,34,33,20,22,18,8,9,6,13,13,11,32,32
2/18/2024 12:30,37,37,37,24,24,24,13,21,36,36,764.6,764.8,764.6,707.1,31,31,31,18,20,17,4,5,3,16,16,15,3,SE,SSE,0.6,7,SE,31,30,29,0.8,29,29,29,29,33,33,32,0,0,848,856,18.25,8,8,0.9,0,0.131,22,27,18,22,27,34,29,44,35,35,34,19,21,18,8,9,7,12,13,12,33,33
2/18/2024 12:45,37,37,37,24,24,24,13,21,37,37,764.4,764.6,764.4,706.9,31,31,31,16,19,16,2,5,2,15,16,15,2,SSW,S,0.6,6,SE,31,31,29,--,29,29,29,29,33,33,32,0,0,848,851,18.24,8,8,0.9,0,0.134,21,26,19,22,26,32,29,42,35,35,35,17,20,17,7,9,7,12,13,12,33,34
2/18/2024 13:00,38,38,37,24,24,24,13,21,37,37,764.1,764.4,764.1,706.6,31,31,31,17,18,16,4,4,2,16,16,15,2,SSW,WSW,0.5,6,S,31,31,29,--,30,29,30,29,33,33,32,0,0,844,849,18.15,8,8,0.9,0,0.136,20,26,18,21,25,33,26,38,36,36,35,19,20,17,9,10,7,14,14,12,34,34
2/18/2024 13:15,38,38,38,24,24,24,14,22,37,37,763.9,764.1,763.9,706.4,32,32,31,17,18,17,4,4,4,16,16,16,2,WSW,SW,0.4,6,SSE,32,31,30,--,30,30,30,29,34,34,33,0,0,833,838,17.91,8,8,0.8,0,0.139,21,25,18,21,26,31,28,36,37,37,36,18,20,17,9,10,8,13,14,13,35,35
2/18/2024 13:30,38,38,38,23,24,23,14,22,38,38,763.5,763.9,763.5,706,32,32,32,17,17,16,4,4,3,16,16,16,3,ESE,ESE,0.8,9,ESE,32,32,30,0.8,30,30,30,30,33,34,33,0,0,817,828,17.58,8,8,0.8,0,0.143,21,25,18,21,26,31,28,36,37,37,36,17,19,17,8,9,7,12,14,12,34,35
2/18/2024 13:45,39,39,38,23,23,23,14,22,38,38,763.3,763.5,763.2,705.8,32,32,31,17,18,17,4,4,3,16,16,16,3,ESE,E,0.6,6,ESE,32,31,30,--,30,30,30,29,33,33,32,0,0,802,810,17.26,7,7,0.8,0,0.139,22,25,19,22,27,31,30,39,36,37,36,17,19,17,8,9,7,13,13,12,35,35
2/18/2024 14:00,39,39,39,23,23,23,14,22,39,39,763,763.3,763,705.6,32,32,32,16,17,16,3,4,3,16,16,16,2,ESE,SE,0.5,6,S,32,32,30,--,30,30,30,30,33,34,33,0,0,777,786,16.72,7,7,0.7,0,0.143,22,26,19,22,28,33,30,47,37,37,37,17,18,17,8,9,8,13,13,12,35,35
2/18/2024 14:15,39,39,39,23,23,23,14,22,39,39,762.9,763,762.9,705.4,32,32,32,16,17,16,3,4,3,16,16,16,2,ESE,E,0.5,4,E,32,32,30,--,30,30,30,30,33,34,33,0,0,753,766,16.2,6,7,0.7,0,0.143,22,26,19,22,28,33,30,39,37,37,37,17,18,17,8,9,8,13,14,12,35,35
2/18/2024 14:30,39,39,39,23,23,23,14,22,39,39,762.6,762.8,762.6,705.2,32,32,32,17,17,16,3,4,3,16,16,16,2,ENE,E,0.5,5,ENE,32,32,30,0.7,30,30,30,30,33,33,33,0,0,722,740,15.54,6,6,0.7,0,0.144,22,26,19,21,28,32,30,40,37,38,37,17,18,17,8,10,8,13,14,13,35,36
2/18/2024 14:45,39,39,39,23,23,23,14,22,39,39,762.5,762.6,762.5,705,32,33,32,16,17,16,4,4,3,16,16,16,1,N,NE,0.4,5,N,33,32,31,--,31,31,31,30,34,34,33,0,0,692,712,14.87,6,6,0.6,0,0.146,22,26,19,21,27,32,30,38,38,38,37,17,19,16,8,10,8,13,14,13,36,36
2/18/2024 15:00,40,40,39,22,23,22,14,22,40,40,762.3,762.5,762.3,704.9,33,33,32,17,17,16,4,4,3,16,16,16,3,SSW,SSW,0.7,7,SW,32,32,30,--,31,30,31,30,33,34,32,0,0,655,679,14.08,5,6,0.6,0,0.148,22,26,19,21,27,33,30,42,38,38,37,18,18,16,9,9,7,13,14,12,36,36
2/18/2024 15:15,41,41,40,22,22,22,15,23,41,41,762.2,762.3,762.2,704.8,33,33,32,16,17,16,4,4,4,16,17,16,2,SSW,SW,0.4,4,SSE,33,32,31,--,31,31,31,30,33,33,33,0,0,611,629,13.14,5,5,0.5,0,0.151,22,26,18,21,27,32,29,41,38,38,37,17,18,16,9,10,8,13,14,12,36,36
2/18/2024 15:30,43,43,41,20,22,20,15,24,44,44,762.2,762.2,762.1,704.7,33,33,33,16,16,16,4,4,4,16,17,16,2,SW,SW,0.4,5,SW,33,33,31,0.6,31,31,31,31,33,33,33,0,0,567,587,12.21,4,4,0.4,0,0.153,22,26,19,22,28,33,30,41,38,38,38,17,18,16,8,10,8,13,14,12,36,36
2/18/2024 15:45,40,43,40,22,22,20,14,23,40,44,761.9,762.2,761.9,704.5,33,33,32,16,17,16,4,4,3,16,16,16,2,S,SSW,0.6,7,SW,33,32,31,--,31,31,31,30,32,33,32,0,0,518,545,11.15,4,4,0.4,0,0.149,23,28,20,22,29,35,32,43,38,38,38,17,18,16,9,9,8,13,14,12,36,36
2/18/2024 16:00,39,40,39,22,22,22,14,22,39,40,761.9,761.9,761.8,704.6,33,33,33,16,16,16,4,4,3,16,17,16,3,SSW,SSW,0.6,5,SW,33,33,31,--,31,31,31,31,32,32,32,0,0,467,494,10.04,3,3,0.3,0,0.151,23,26,20,23,29,33,31,42,38,38,37,16,17,16,8,9,7,13,13,12,36,36
2/18/2024 16:15,39,39,39,22,22,22,13,22,38,39,761.9,761.9,761.9,704.6,33,33,33,16,16,16,4,4,4,16,16,16,2,SSW,SSW,0.5,5,S,33,33,31,--,31,31,31,31,31,32,31,0,0,413,434,8.88,3,3,0.3,0,0.151,23,26,20,22,29,33,32,41,37,38,37,17,18,16,8,9,7,13,13,12,35,36
2/18/2024 16:30,38,39,38,23,23,22,13,22,38,39,762,762,761.9,704.6,33,33,33,16,16,16,4,4,4,16,17,16,1,SSW,SW,0.2,4,SW,33,33,31,0.4,31,31,31,31,31,31,31,0,0,357,383,7.68,2,2,0.2,0,0.153,23,27,20,24,29,34,32,43,37,37,37,18,18,16,9,9,7,14,14,12,36,36
2/18/2024 16:45,38,38,38,23,23,23,13,22,37,38,762,762.1,762,704.6,33,33,32,16,17,16,4,4,4,16,17,16,2,WNW,WNW,0.5,5,W,32,32,30,--,31,30,31,30,30,31,30,0,0,304,325,6.54,2,2,0.2,0,0.15,23,27,19,22,28,34,32,45,37,37,37,18,19,17,9,10,8,13,14,13,35,36
2/18/2024 17:00,38,38,38,24,24,23,13,21,37,37,762.1,762.1,762,704.6,32,32,32,17,17,16,4,4,3,16,16,16,2,WNW,WNW,0.5,4,NW,32,32,30,--,30,30,30,30,29,30,29,0,0,248,276,5.33,1,2,0.2,0,0.144,23,28,19,22,29,35,32,42,37,37,37,17,18,17,8,9,8,13,14,12,35,36
2/18/2024 17:15,37,38,37,24,24,24,13,21,36,37,762.2,762.2,762.1,704.8,32,32,32,17,17,17,4,4,4,16,16,16,1,WNW,NW,0.3,3,WNW,32,32,30,--,30,30,30,30,29,29,29,0,0,191,216,4.11,1,1,0.1,0,0.144,23,27,19,22,29,34,32,42,37,37,37,19,19,17,9,9,8,14,14,13,35,35
2/18/2024 17:30,36,37,36,24,24,24,13,21,36,36,762.3,762.3,762.2,704.9,32,32,32,17,17,16,4,4,3,16,16,16,2,NNE,NNE,0.4,4,NNE,32,32,30,0.2,30,30,30,30,29,29,29,0,0,134,162,2.89,1,1,0.1,0,0.141,23,26,20,22,28,33,32,45,36,37,36,18,19,18,8,9,8,12,14,12,34,35
2/18/2024 17:45,36,36,36,25,25,24,12,21,35,36,762.5,762.5,762.3,705.1,32,32,31,17,17,16,3,4,3,16,16,16,3,NE,NE,0.7,5,NE,31,31,29,--,30,29,30,29,28,29,28,0,0,84,105,1.8,0,1,0,0,0.138,25,30,21,25,31,37,35,47,35,36,34,18,20,18,7,9,7,12,13,12,32,34
2/18/2024 18:00,35,36,35,25,25,25,12,20,34,35,762.6,762.6,762.5,705.2,31,31,31,18,18,17,4,4,3,16,16,16,4,NE,NE,0.9,5,NNE,31,31,29,--,29,29,29,29,28,28,28,0,0,43,60,0.93,0,0,0,0,0.134,25,29,21,25,31,36,35,44,34,34,34,20,20,18,7,8,7,12,13,12,32,33
2/18/2024 18:15,35,35,35,25,25,25,12,20,33,34,762.6,762.6,762.5,705.2,31,31,31,18,18,18,4,4,3,16,16,15,3,ENE,ENE,0.7,7,ENE,31,31,29,--,29,29,29,29,28,28,28,0,0,17,28,0.37,0,0,0,0,0.129,30,38,25,31,37,47,44,59,33,34,33,20,20,19,7,8,7,12,12,11,31,32
2/18/2024 18:30,34,35,34,26,26,25,12,20,33,33,762.8,762.8,762.7,705.4,31,31,30,18,18,18,3,4,3,15,16,15,4,ENE,ENE,0.9,6,ENE,30,30,29,0.1,29,29,29,28,28,28,27,0,0,2,7,0.04,0,0,0,0,0.127,26,30,22,26,33,38,38,47,32,33,32,20,20,20,7,7,6,12,12,11,30,31
2/18/2024 18:45,34,34,34,26,26,25,11,19,32,33,762.8,762.9,762.7,705.4,30,30,30,18,18,18,3,4,3,15,15,15,2,NE,NE,0.5,4,ENE,30,30,28,--,29,28,29,28,27,28,27,0,0,0,0,0,0,0,0,0,0.124,26,31,22,27,32,39,37,47,32,32,32,22,22,20,8,8,6,12,12,11,30,30
2/18/2024 19:00,33,34,33,26,26,26,11,19,32,32,762.8,762.8,762.7,705.4,30,30,30,19,19,18,4,4,3,15,15,15,2,N,N,0.4,4,N,30,30,28,--,28,28,28,28,27,27,27,0,0,0,0,0,0,0,0,0,0.121,29,35,24,29,36,44,43,59,32,32,32,22,23,22,8,8,7,12,13,12,30,30
2/18/2024 19:15,32,33,32,26,26,26,11,19,31,32,763,763,762.8,705.5,29,30,29,20,20,19,4,4,4,15,15,15,1,E,ENE,0.3,4,E,29,29,28,--,28,28,28,28,26,27,26,0,0,0,0,0,0,0,0,0,0.117,33,38,28,31,41,47,50,58,31,32,31,22,23,21,7,8,6,12,12,11,30,30
2/18/2024 19:30,32,32,32,26,26,26,10,18,31,31,763.1,763.1,762.9,705.6,29,29,29,20,20,20,4,4,4,15,15,15,2,E,ESE,0.6,6,E,29,29,27,0,28,27,28,27,26,27,26,0,0,0,0,0,0,0,0,0,0.113,33,38,28,33,41,48,50,62,31,31,31,22,23,21,7,7,6,12,12,11,29,30
2/18/2024 19:45,32,32,32,26,26,26,10,18,30,31,763.2,763.2,763.1,705.7,29,29,28,22,22,20,4,4,4,15,15,15,3,ESE,ESE,0.7,4,ESE,28,28,27,--,27,27,27,27,26,26,26,0,0,0,0,0,0,0,0,0,0.107,35,39,29,32,44,49,54,64,31,31,30,22,22,21,6,7,6,11,12,11,29,29
2/18/2024 20:00,31,32,31,26,26,26,10,18,30,30,763.2,763.2,763.2,705.8,28,28,27,23,23,22,4,4,4,14,15,14,2,ESE,ESE,0.6,4,ESE,27,27,26,--,27,26,27,26,25,26,25,0,0,0,0,0,0,0,0,0,0.098,36,40,30,33,44,50,54,62,30,30,30,23,23,22,7,7,6,11,12,11,28,29
2/18/2024 20:15,31,31,31,26,27,26,10,18,30,30,763.5,763.5,763.2,706,28,28,27,23,23,23,4,5,4,15,15,14,3,ESE,ESE,0.8,6,ESE,27,27,26,--,26,26,26,26,25,25,25,0,0,0,0,0,0,0,0,0,0.096,36,40,30,33,44,50,54,63,30,30,29,24,24,23,7,7,6,11,12,11,28,28
2/18/2024 20:30,31,31,31,26,26,26,10,18,30,30,763.6,763.6,763.5,706.1,27,28,27,24,24,23,5,5,4,15,15,15,4,ESE,ESE,1.1,7,ESE,26,26,26,0.1,26,25,26,25,24,25,24,0,0,0,0,0,0,0,0,0,0.093,36,41,30,33,45,51,56,67,29,29,29,25,25,24,7,7,6,12,12,11,27,28
2/18/2024 20:45,31,31,31,26,26,26,9,18,29,30,763.8,763.8,763.7,706.3,27,27,27,25,25,24,5,5,5,14,15,14,4,ESE,ESE,0.9,5,SE,26,26,26,--,26,25,25,25,24,24,24,0,0,0,0,0,0,0,0,0,0.091,36,41,30,33,45,51,56,64,29,29,29,25,25,25,7,7,7,12,12,12,27,28
2/18/2024 21:00,31,31,31,26,26,26,9,17,29,29,764,764,763.9,706.5,27,27,26,26,26,25,5,5,5,14,15,14,4,SE,SE,1,5,ESE,26,26,25,--,26,24,25,24,24,24,24,0,0,0,0,0,0,0,0,0,0.086,37,40,31,33,46,50,57,65,29,29,28,26,26,25,7,7,7,12,12,12,27,27
2/18/2024 21:15,30,31,30,26,26,26,9,17,29,29,764.1,764.1,764,706.6,26,26,26,26,26,26,5,5,5,14,14,14,4,SE,ESE,0.9,6,SE,26,26,25,--,25,24,25,24,23,24,23,0,0,0,0,0,0,0,0,0,0.083,37,42,31,34,46,52,58,67,28,29,28,27,27,26,7,7,7,12,12,12,27,27
2/18/2024 21:30,30,30,30,27,27,26,9,17,29,29,764.2,764.2,764.1,706.7,26,26,26,28,28,26,6,6,5,14,14,14,3,ESE,ESE,0.7,5,SE,26,26,25,0.1,25,25,25,24,24,24,23,0,0,0,0,0,0,0,0,0,0.081,37,41,30,34,46,51,57,65,28,28,28,28,28,26,7,8,7,12,12,12,27,27
2/18/2024 21:45,30,30,30,27,27,27,9,17,29,29,764.2,764.2,764.1,706.6,26,26,26,29,29,28,6,6,6,14,14,14,4,SE,SE,1,5,SE,25,25,24,--,25,24,25,24,23,24,23,0,0,0,0,0,0,0,0,0,0.076,36,41,30,33,45,51,56,65,28,28,28,29,29,27,8,8,7,12,12,12,26,27
2/18/2024 22:00,30,30,30,27,27,27,9,17,29,29,764.1,764.1,764,706.6,25,26,25,28,29,28,6,6,6,14,14,14,4,SE,SE,1.1,6,SE,24,24,24,--,24,23,24,23,22,23,22,0,0,0,0,0,0,0,0,0,0.074,35,39,28,32,44,49,54,64,27,28,27,29,29,28,8,8,8,12,12,12,26,26
2/18/2024 22:15,30,30,30,27,27,27,9,17,28,29,764,764.1,764,706.5,25,25,25,30,30,28,6,6,6,14,14,14,4,SE,SE,1.1,6,SE,24,24,24,--,24,23,23,23,22,22,22,0,0,0,0,0,0,0,0,0,0.072,34,38,28,30,43,48,52,61,27,27,27,29,29,29,8,8,8,12,12,12,26,26
2/18/2024 22:30,30,30,30,28,28,27,9,17,28,28,764.1,764.1,764,706.6,25,25,25,31,31,30,6,7,6,14,14,14,3,SE,SE,0.8,5,SE,25,24,24,0.1,24,24,24,23,23,23,22,0,0,0,0,0,0,0,0,0,0.068,34,38,28,30,42,47,52,61,27,27,27,30,31,29,8,8,8,12,13,12,26,26
2/18/2024 22:45,30,30,30,28,28,28,9,17,28,28,764,764.1,764,706.5,25,25,24,32,32,31,7,7,6,14,14,14,3,ESE,ESE,0.8,4,ESE,24,24,24,--,24,23,24,23,22,23,22,0,0,0,0,0,0,0,0,0,0.066,34,37,28,31,42,46,52,60,27,27,26,31,31,30,8,8,8,12,13,12,25,26
2/18/2024 23:00,29,30,29,28,28,28,9,17,28,28,764,764,763.9,706.5,24,25,24,34,34,33,7,8,7,15,15,14,4,SE,SE,1.1,6,SE,23,23,24,--,24,23,23,22,22,22,22,0,0,0,0,0,0,0,0,0,0.064,34,38,27,30,42,47,52,62,26,26,26,32,33,31,8,8,8,13,13,12,25,25
2/18/2024 23:15,29,30,29,29,29,28,9,17,28,28,764.1,764.1,764,706.6,24,25,24,34,34,33,8,8,7,15,15,15,5,SE,SE,1.2,7,SE,23,23,24,--,24,22,23,22,21,22,21,0,0,0,0,0,0,0,0,0,0.064,34,38,28,31,42,47,52,63,26,26,26,34,34,32,9,9,8,13,13,13,25,25
2/18/2024 23:30,29,29,29,29,29,29,9,17,28,28,764,764,764,706.5,24,24,24,36,36,34,8,8,8,15,15,15,5,SE,SE,1.3,7,SE,23,23,24,0.1,24,22,22,22,21,21,21,0,0,0,0,0,0,0,0,0,0.062,34,37,28,31,42,46,52,62,26,26,26,35,35,33,9,9,9,13,13,13,25,25
2/18/2024 23:45,29,29,29,29,29,29,9,17,28,28,764,764.1,764,706.5,24,24,24,36,36,36,8,8,8,15,15,15,5,SE,SE,1.3,7,SE,23,23,23,--,24,22,22,22,21,21,21,0,0,0,0,0,0,0,0,0,0.061,35,38,28,31,44,48,54,61,26,26,26,35,35,35,9,9,9,13,13,13,25,25
2/19/2024 0:00,29,29,29,30,30,29,9,17,28,28,764,764.1,764,706.5,24,24,24,38,38,36,8,9,8,15,15,15,4,SE,SE,1.1,6,SE,23,23,23,--,23,22,22,22,21,21,21,0,0,0,0,0,0,0,0,0,0.059,35,40,28,31,44,50,54,63,26,26,26,36,36,35,9,9,9,13,13,13,25,25
2/19/2024 0:15,29,29,29,30,30,30,10,17,28,28,764,764.1,764,706.5,24,24,23,39,39,38,9,9,8,15,15,15,4,SE,SE,1.1,5,SE,22,22,23,--,23,22,22,22,21,21,21,0,0,0,0,0,0,0,0,0,0.055,34,39,28,31,43,49,53,63,26,26,25,37,37,36,9,10,9,13,13,13,25,25
2/19/2024 0:30,29,29,29,30,30,30,10,17,28,28,763.9,764,763.9,706.4,23,24,23,38,39,38,8,9,8,15,15,15,4,SE,SSE,1,5,SE,23,22,23,0.1,23,22,22,22,21,21,21,0,0,0,0,0,0,0,0,0,0.053,35,39,28,32,44,49,55,72,25,25,25,37,37,36,9,10,9,13,13,13,24,25
2/19/2024 0:45,29,29,29,30,30,30,10,17,28,28,763.9,763.9,763.9,706.3,23,23,23,40,40,38,9,9,8,15,15,15,3,SSE,SSE,0.8,5,SE,23,23,22,--,23,22,23,22,21,22,21,0,0,0,0,0,0,0,0,0,0.052,35,40,28,31,44,50,54,62,25,25,25,37,37,36,9,9,9,13,13,13,24,25
2/19/2024 1:00,29,29,29,31,31,30,10,17,28,28,763.8,763.9,763.8,706.3,23,23,23,41,41,39,9,9,8,15,15,15,4,SSE,SSE,0.9,6,SSE,22,22,22,--,22,22,22,22,21,21,21,0,0,0,0,0,0,0,0,0,0.05,36,41,29,34,45,51,56,67,25,25,25,38,38,37,10,10,9,14,14,13,24,24
2/19/2024 1:15,29,29,29,31,31,31,10,17,28,28,763.8,763.8,763.7,706.2,23,23,23,42,42,41,9,9,9,15,15,15,4,SE,SSE,1,6,SE,22,22,22,--,22,22,22,21,21,21,20,0,0,0,0,0,0,0,0,0,0.048,36,40,29,31,45,50,56,63,25,25,25,39,40,38,10,10,10,14,14,14,24,24
2/19/2024 1:30,29,29,29,31,31,31,10,17,28,28,763.6,763.8,763.6,706.1,23,23,23,43,43,42,10,10,9,15,15,15,4,SSE,SSE,0.9,5,SE,22,22,22,0,22,22,22,21,21,21,20,0,0,0,0,0,0,0,0,0,0.048,35,39,28,31,44,49,54,64,25,25,25,40,40,39,10,10,10,14,14,14,24,24
2/19/2024 1:45,29,29,29,31,31,31,10,17,28,28,763.6,763.6,763.6,706.1,23,23,23,44,44,43,10,10,10,15,15,15,3,SSE,SSE,0.8,5,SE,22,22,22,--,22,22,22,22,21,21,21,0,0,0,0,0,0,0,0,0,0.047,35,38,28,32,44,48,54,65,25,25,25,40,41,40,10,11,10,14,14,14,24,24
2/19/2024 2:00,29,29,29,32,32,31,10,17,28,28,763.4,763.5,763.4,705.9,23,23,23,45,45,44,10,10,10,15,15,15,4,SE,SE,0.9,4,SE,22,22,22,--,22,21,22,21,20,21,20,0,0,0,0,0,0,0,0,0,0.046,35,40,28,31,44,50,54,64,25,25,25,41,41,40,10,10,10,14,14,14,24,24
2/19/2024 2:15,29,29,29,32,32,32,10,17,28,28,763.4,763.4,763.4,705.9,22,23,22,46,46,44,10,10,10,15,15,15,4,SE,SE,0.9,4,SE,22,22,22,--,22,21,22,21,20,21,20,0,0,0,0,0,0,0,0,0,0.043,34,38,28,31,43,48,53,62,24,25,24,42,42,40,10,11,10,14,14,14,24,24
2/19/2024 2:30,29,29,29,32,32,32,10,17,27,28,763.3,763.4,763.3,705.8,22,22,22,47,47,45,10,10,10,15,15,15,3,SE,SSE,0.9,5,SSE,22,22,22,0,22,21,21,21,20,20,20,0,0,0,0,0,0,0,0,0,0.042,34,38,27,30,42,48,52,62,24,24,24,43,43,41,11,11,10,14,14,14,24,24
2/19/2024 2:45,29,29,29,32,32,32,10,17,27,28,763.2,763.3,763.2,705.8,22,22,22,48,48,47,11,11,10,15,15,15,3,SSE,SSE,0.8,5,SSE,22,22,22,--,22,22,22,21,21,21,20,0,0,0,0,0,0,0,0,0,0.042,34,38,27,30,42,47,52,62,24,24,24,44,44,43,11,11,11,15,15,14,24,24
2/19/2024 3:00,28,29,28,33,33,32,10,17,27,27,763.1,763.2,763.1,705.6,22,22,22,49,49,48,11,11,11,15,15,15,4,SSE,SSE,0.9,5,S,22,22,21,--,22,21,22,21,20,21,20,0,0,0,0,0,0,0,0,0,0.041,34,38,27,30,43,48,52,62,24,24,24,45,46,44,11,12,11,15,15,15,24,24
2/19/2024 3:15,28,28,28,33,33,33,11,17,27,27,763,763.1,763,705.5,22,22,22,50,50,49,11,11,11,15,15,15,4,SE,SE,0.9,5,SSE,21,21,21,--,21,20,21,20,19,20,19,0,0,0,0,0,0,0,0,0,0.037,33,37,27,30,42,46,51,63,24,24,24,44,45,44,11,11,11,14,15,14,24,24
2/19/2024 3:30,28,28,28,34,34,33,11,17,27,27,762.9,762.9,762.9,705.5,22,22,22,50,51,50,11,11,11,15,15,15,4,SSE,SSE,0.9,6,SSE,21,21,21,0,21,21,21,20,20,20,19,0,0,0,0,0,0,0,0,0,0.034,34,38,27,30,42,48,52,61,24,24,24,46,46,44,11,11,11,15,15,14,23,24
2/19/2024 3:45,28,28,28,34,34,34,11,17,27,27,762.8,762.9,762.8,705.4,22,22,22,48,50,48,11,11,11,15,15,15,3,S,SSE,0.8,6,SSE,22,21,22,--,22,22,22,21,21,21,20,0,0,0,0,0,0,0,0,0,0.039,33,38,26,29,42,48,52,60,24,24,24,47,47,46,12,12,11,15,15,15,23,23
2/19/2024 4:00,28,28,28,34,34,34,11,17,27,27,762.7,762.8,762.7,705.3,23,23,22,48,48,48,11,11,11,16,16,15,4,S,S,1.1,8,SSE,22,22,22,--,22,21,22,21,20,21,20,0,0,0,0,0,0,0,0,0,0.044,34,38,27,31,43,48,52,61,24,24,24,47,47,46,12,12,12,15,15,15,23,23
2/19/2024 4:15,28,28,28,35,35,34,11,17,27,27,762.7,762.7,762.6,705.2,23,23,22,47,48,47,11,11,11,15,16,15,4,S,SSE,1,9,SSE,22,21,22,--,22,21,21,21,20,20,20,0,0,0,0,0,0,0,0,0,0.045,34,38,27,30,42,47,52,62,24,24,24,46,47,46,11,12,11,15,15,15,23,23
2/19/2024 4:30,28,28,28,35,35,35,11,17,27,27,762.6,762.7,762.6,705.2,22,22,22,46,47,46,10,11,10,15,15,15,4,SSE,SSE,0.9,6,SSE,22,22,22,0,22,21,21,21,20,20,20,0,0,0,0,0,0,0,0,0,0.042,33,37,26,29,41,46,50,61,24,24,24,45,46,45,11,11,11,14,15,14,23,23
2/19/2024 4:45,28,28,28,35,35,35,11,17,27,27,762.7,762.8,762.6,705.3,22,22,22,46,47,46,10,10,10,15,15,15,4,SSE,SSE,1,6,SSE,22,21,22,--,22,21,21,20,20,20,19,0,0,0,0,0,0,0,0,0,0.041,33,37,26,29,41,46,50,61,23,24,23,45,46,45,11,11,11,14,14,14,23,23
2/19/2024 5:00,28,28,28,35,35,35,11,17,27,27,762.8,762.9,762.8,705.4,22,23,22,43,46,43,10,10,9,15,15,15,3,SSE,S,0.7,7,SSE,23,22,22,--,22,22,22,21,21,21,20,0,0,0,0,0,0,0,0,0,0.043,31,35,24,28,38,44,47,55,24,24,23,44,45,43,10,11,10,14,14,14,23,23
2/19/2024 5:15,28,28,28,35,35,35,11,17,27,27,762.8,762.8,762.8,705.4,22,23,22,45,45,44,9,10,9,15,15,15,4,SE,SE,1.1,5,SSE,21,21,21,--,22,20,22,20,19,21,19,0,0,0,0,0,0,0,0,0,0.041,32,36,25,29,39,45,48,62,23,24,23,44,45,44,11,11,10,14,14,14,23,23
2/19/2024 5:30,28,28,28,35,35,35,11,17,27,27,762.9,762.9,762.8,705.4,22,22,22,44,45,44,9,9,9,15,15,14,3,SSE,SSE,0.8,5,SE,22,21,21,0,21,21,21,20,20,20,19,0,0,0,0,0,0,0,0,0,0.039,30,35,24,27,38,44,46,57,23,23,23,44,44,43,10,11,10,14,14,14,23,23
2/19/2024 5:45,28,28,28,35,35,35,11,17,27,27,763,763,762.9,705.5,22,23,22,43,44,43,9,9,9,15,15,14,3,S,S,0.7,6,S,23,22,22,--,22,22,22,21,21,21,20,0,0,0,0,0,0,0,0,0,0.042,31,36,24,28,38,45,46,56,23,23,23,43,44,43,10,10,10,14,14,13,23,23
2/19/2024 6:00,28,28,28,35,35,35,11,17,27,27,763.2,763.2,763,705.7,23,23,22,43,43,43,9,9,9,15,15,15,4,SSE,SSE,0.9,6,SSE,22,22,22,--,22,22,22,21,21,21,20,0,0,0,0,0,0,0,0,0,0.044,31,35,24,28,38,44,47,57,23,23,23,43,44,43,10,10,10,14,14,14,23,23
2/19/2024 6:15,27,28,27,35,35,35,11,17,26,27,763.4,763.4,763.2,705.9,23,23,23,41,42,41,9,9,9,15,15,14,3,S,SSE,0.7,5,SSE,23,22,22,--,22,22,22,22,21,21,21,0,0,0,0,0,0,0,0,0,0.046,31,35,24,28,38,44,46,57,23,23,23,42,43,42,10,10,10,13,14,13,23,23
2/19/2024 6:30,27,28,27,35,35,35,11,17,26,27,763.5,763.5,763.4,706,23,23,22,42,42,41,9,9,9,14,15,14,3,SSE,SSE,0.8,4,SSE,22,22,21,0,22,21,22,21,20,21,20,0,0,0,0,0,0,0,0,0,0.045,31,37,25,30,39,46,47,58,23,23,23,43,43,42,10,10,10,14,14,13,23,23
2/19/2024 6:45,28,28,27,35,35,35,11,17,27,27,763.6,763.6,763.5,706.1,22,22,22,44,44,43,9,9,9,14,14,14,3,SE,SSE,0.8,4,SSE,22,21,21,--,22,21,22,21,20,21,19,0,0,0,0,0,0,0,0,0,0.038,32,36,26,29,40,45,49,58,23,23,23,44,44,43,10,10,10,14,14,14,23,23
2/19/2024 7:00,28,28,28,35,35,35,11,18,27,27,763.8,763.8,763.6,706.3,22,22,22,43,44,43,9,9,9,14,14,14,3,SE,SSE,0.8,4,SSE,22,22,21,--,21,21,21,21,19,20,19,0,0,9,18,0.2,0,0,0,0,0.037,32,36,26,29,40,45,48,60,23,23,23,43,44,43,10,10,10,13,14,13,23,23
2/19/2024 7:15,29,29,28,35,35,35,11,18,28,28,764,764,763.8,706.5,22,22,22,42,44,42,8,9,8,14,14,14,3,SE,SSE,0.7,5,SSE,22,21,21,--,21,21,21,20,20,20,19,0,0,29,42,0.63,0,0,0,0,0.036,32,37,26,29,40,46,49,60,23,23,23,42,44,42,10,10,9,13,14,13,23,23
2/19/2024 7:30,29,29,29,34,35,34,11,18,28,28,764.3,764.3,764,706.8,22,22,22,44,44,40,9,9,8,14,14,14,4,SSW,SSW,0.9,8,S,21,21,21,0.1,21,20,21,20,19,20,19,0,0,60,77,1.29,0,0,0,0,0.039,32,39,26,31,40,49,49,63,23,23,23,44,44,41,10,10,9,13,13,13,22,23
2/19/2024 7:45,29,29,29,34,34,34,12,18,28,28,764.5,764.6,764.3,707,22,22,22,44,44,44,9,9,9,15,15,14,5,SSW,SSW,1.2,9,SSW,21,21,22,--,22,20,20,20,19,19,19,0,0,103,125,2.22,1,1,0.1,0,0.038,36,41,29,33,46,51,56,68,23,23,23,45,45,43,10,10,10,14,14,13,22,22
2/19/2024 8:00,30,30,29,33,34,33,12,18,29,29,764.7,764.7,764.5,707.2,23,23,22,44,44,44,10,10,9,15,15,15,4,SSW,SSW,1.1,9,SSW,22,21,22,--,22,21,21,20,21,21,19,0,0,156,181,3.36,1,1,0.1,0,0.046,37,41,30,33,46,51,57,64,23,24,23,45,45,44,11,11,10,14,14,14,23,23
2/19/2024 8:15,31,31,30,32,33,32,12,19,29,29,764.9,764.9,764.7,707.3,23,23,23,44,45,44,10,10,10,15,15,15,4,SSW,SSW,1,7,SSE,22,22,22,--,22,22,22,21,22,22,21,0,0,209,236,4.51,1,1,0.1,0,0.047,39,45,31,36,48,56,60,69,24,24,23,44,45,44,11,11,11,14,14,14,24,24
2/19/2024 8:30,31,31,31,32,33,32,13,19,30,30,765.1,765.1,764.9,707.6,23,23,23,44,45,44,10,10,10,15,15,15,4,SW,SW,1.1,7,SW,22,22,23,0.2,23,21,22,21,22,22,21,0,0,261,290,5.62,2,2,0.2,0,0.049,42,49,34,38,52,61,65,73,24,24,24,43,44,43,11,11,11,15,15,14,24,24
2/19/2024 8:45,32,32,31,32,32,32,13,20,31,31,765.2,765.3,765.1,707.6,23,24,23,43,45,43,11,11,10,16,16,15,4,SW,SW,1,8,SW,23,22,23,--,23,23,23,21,23,23,21,0,0,320,345,6.88,2,2,0.2,0,0.053,43,49,35,40,54,61,67,75,25,25,24,42,43,42,11,12,11,15,15,15,25,25
2/19/2024 9:00,32,32,32,31,32,31,13,20,32,32,765.5,765.5,765.2,707.9,24,24,24,42,43,42,10,11,10,16,16,16,4,SSW,SSW,1.1,8,S,23,23,24,--,24,23,23,23,23,24,23,0,0,371,396,7.97,2,3,0.2,0,0.061,39,45,32,35,49,56,62,71,26,26,25,41,42,41,12,12,11,15,15,15,25,25
2/19/2024 9:15,33,33,32,30,31,30,13,20,32,32,765.6,765.6,765.5,708,24,25,24,40,42,40,10,11,10,16,16,16,5,SSW,SSW,1.3,9,S,24,23,24,--,24,23,23,22,24,24,23,0,0,423,443,9.1,3,3,0.3,0,0.063,38,42,32,35,48,53,60,68,26,26,26,40,41,40,12,12,11,15,15,15,26,26
2/19/2024 9:30,33,33,33,30,30,30,13,20,32,32,765.8,765.8,765.6,708.2,25,25,25,40,41,39,10,11,10,16,16,16,6,SSW,SSW,1.6,12,SW,23,23,24,0.4,24,22,23,22,23,24,23,0,0,474,497,10.21,3,4,0.3,0,0.068,37,42,30,34,46,52,58,67,26,27,26,40,40,39,12,12,11,15,15,15,26,26
2/19/2024 9:45,34,34,33,29,30,29,13,20,33,33,766,766,765.8,708.4,25,26,25,39,41,38,10,11,10,16,17,16,5,SSW,SSW,1.3,10,SSW,24,23,25,--,25,24,24,22,25,25,23,0,0,525,548,11.29,4,4,0.4,0,0.071,34,40,28,32,43,50,52,65,27,27,26,38,40,38,12,12,11,15,15,15,26,26
2/19/2024 10:00,34,34,34,29,30,29,13,20,33,33,766.1,766.1,766,708.5,26,26,25,37,39,37,10,10,10,16,16,16,5,SSW,SSW,1.2,9,S,25,24,25,--,25,24,24,23,26,26,25,0,0,571,589,12.29,4,4,0.5,0,0.077,31,35,25,28,39,44,48,55,27,28,27,37,38,36,12,12,11,15,15,15,27,27
2/19/2024 10:15,34,34,34,28,29,28,13,21,34,34,766.1,766.2,766.1,708.5,26,26,26,36,37,35,10,10,10,16,17,16,5,SSW,SSW,1.1,8,S,25,25,26,--,26,25,25,24,26,27,26,0,0,613,636,13.18,5,5,0.5,0,0.082,31,36,25,29,39,45,48,56,28,28,28,35,37,35,11,12,11,15,15,15,27,27
2/19/2024 10:30,35,35,34,28,28,28,13,21,34,34,766,766.1,766,708.4,26,27,26,35,36,35,10,10,10,17,17,16,5,S,S,1.2,9,S,26,25,26,0.6,26,25,25,24,27,27,26,0,0,653,668,14.04,5,6,0.6,0,0.084,31,37,25,29,39,46,47,58,29,29,28,34,35,34,11,12,11,15,15,15,28,28
2/19/2024 10:45,35,35,35,27,28,27,13,21,34,34,765.9,766,765.9,708.3,27,27,26,36,36,35,10,10,10,17,17,16,5,SSW,SSW,1.2,8,SSW,26,26,26,--,26,25,25,25,27,27,27,0,0,690,707,14.84,6,6,0.6,0,0.087,33,36,27,29,41,45,50,60,29,29,29,34,35,34,12,12,11,16,16,15,28,28
2/19/2024 11:00,35,35,35,27,27,27,13,21,34,34,765.8,765.9,765.8,708.2,27,28,27,35,36,34,10,11,10,17,17,17,3,S,S,0.9,8,SSE,27,26,26,--,27,26,27,25,28,29,27,0,0,722,731,15.53,6,6,0.7,0,0.093,33,38,27,31,42,48,51,59,30,30,29,32,35,32,12,12,12,16,16,15,29,29
2/19/2024 11:15,35,35,35,27,27,27,13,21,35,35,765.8,765.8,765.7,708.1,27,28,27,35,35,34,11,11,10,17,17,17,4,SSW,SSW,1,7,SSW,27,26,27,--,27,26,26,26,29,29,28,0,0,747,759,16.07,6,7,0.7,0,0.095,34,38,28,31,42,48,52,60,30,31,30,32,33,32,12,12,12,16,16,16,30,30
2/19/2024 11:30,36,36,35,27,27,26,14,21,35,35,765.7,765.8,765.7,708.1,28,28,28,33,35,33,10,11,10,17,17,17,3,SSW,S,0.7,7,SW,28,27,27,0.7,27,27,27,26,30,30,29,0,0,771,784,16.58,7,7,0.7,0,0.101,34,38,28,31,42,47,52,58,31,32,31,30,33,30,12,13,12,16,16,16,31,31
2/19/2024 11:45,36,36,36,26,27,26,13,21,35,35,765.5,765.7,765.5,707.9,29,29,28,31,32,31,10,11,10,17,17,17,4,SE,SSE,1,7,SE,28,28,27,--,28,27,28,27,29,31,29,0,0,793,802,17.07,7,7,0.8,0,0.107,32,36,27,30,40,45,49,57,32,32,32,29,31,29,12,13,12,16,16,16,31,31
2/19/2024 12:00,36,36,35,26,26,26,13,21,35,35,765.3,765.5,765.3,707.7,29,29,28,28,31,28,9,10,9,17,17,17,4,SE,SSE,0.9,9,SE,29,28,28,--,28,28,28,26,31,31,29,0,0,810,814,17.43,7,8,0.8,0,0.108,31,35,26,28,39,44,47,57,32,33,32,28,29,28,12,12,11,16,16,15,31,32
2/19/2024 12:15,36,36,36,26,26,26,13,21,35,35,765,765.3,765,707.4,29,29,29,29,29,28,9,10,9,17,17,17,4,SE,SSE,1,9,SSE,29,29,28,--,28,28,28,28,30,31,30,0,0,820,826,17.64,8,8,0.8,0,0.115,32,36,26,30,40,45,48,59,33,33,33,27,28,26,12,12,11,16,16,15,32,32
2/19/2024 12:30,36,36,36,26,26,26,13,21,35,35,764.7,765,764.7,707.1,30,30,29,28,29,27,9,10,9,17,17,17,4,SE,SSE,0.9,8,SSE,29,29,28,0.8,28,28,28,28,31,31,31,0,0,828,835,17.81,8,8,0.8,0,0.117,31,34,26,29,38,43,47,55,33,34,33,26,28,26,11,12,11,15,16,15,32,32
2/19/2024 12:45,36,36,36,25,26,25,13,21,35,35,764.6,764.7,764.6,707,30,30,30,26,28,26,9,9,8,17,17,17,4,S,S,1,8,S,30,29,29,--,29,28,28,28,31,31,31,0,0,829,833,17.84,8,8,0.8,0,0.121,30,34,25,27,38,43,45,53,34,34,33,25,26,24,11,12,11,15,16,15,33,33
2/19/2024 13:00,36,36,36,25,25,25,13,21,36,36,764.4,764.6,764.4,706.8,30,31,30,26,27,24,9,9,8,17,18,17,3,SSW,SSE,0.8,7,SSE,31,30,29,--,29,29,29,28,32,32,31,0,0,826,833,17.76,8,8,0.8,0,0.126,29,33,25,27,37,41,45,52,34,34,34,24,26,24,11,12,10,15,16,15,33,33
2/19/2024 13:15,37,37,36,25,25,24,13,21,36,36,764.3,764.4,764.2,706.7,30,31,30,27,27,24,9,9,7,17,18,17,5,SE,SE,1.2,8,SE,30,29,29,--,29,28,29,28,31,32,30,0,0,817,826,17.58,8,8,0.8,0,0.123,29,32,24,27,36,40,43,53,34,34,34,24,25,22,11,12,9,15,16,14,33,33
2/19/2024 13:30,37,37,37,24,25,24,13,21,37,37,764,764.2,763.9,706.5,30,31,30,23,27,23,8,9,8,17,17,17,3,SE,S,0.7,7,S,31,30,29,0.8,29,29,29,28,32,32,31,0,0,803,814,17.27,7,8,0.8,0,0.126,28,32,24,27,35,40,42,51,35,35,34,22,24,22,10,12,10,15,16,14,34,34
2/19/2024 13:45,38,38,37,24,24,24,14,22,37,37,763.8,763.9,763.8,706.2,31,31,31,24,24,22,8,8,7,17,17,17,3,SE,S,0.8,8,SE,31,31,29,--,30,29,30,29,32,33,32,0,0,795,807,17.1,7,7,0.8,0,0.133,28,33,24,27,35,41,42,50,35,36,35,23,23,21,11,11,10,15,15,14,34,34
2/19/2024 14:00,38,38,38,24,24,24,14,22,38,38,763.5,763.7,763.5,706,31,31,31,23,24,23,7,8,7,17,17,17,2,ESE,SE,0.6,7,SE,31,31,30,--,30,30,30,29,32,33,32,0,0,766,780,16.49,7,7,0.7,0,0.133,28,31,23,26,34,39,41,49,36,36,35,22,24,21,11,12,10,15,16,15,35,35
2/19/2024 14:15,39,39,38,24,24,24,14,22,38,38,763.2,763.4,763.2,705.8,31,32,31,24,24,23,8,8,7,17,18,17,3,SE,S,0.8,7,SSW,31,31,30,--,30,30,30,29,32,33,32,0,0,738,754,15.87,6,7,0.7,0,0.137,28,31,23,26,35,39,41,52,36,36,36,22,23,22,11,12,11,15,16,15,35,35
2/19/2024 14:30,39,39,39,24,24,24,14,22,39,39,763.1,763.2,763.1,705.6,31,32,31,23,24,22,7,8,7,17,18,17,3,SSW,SW,0.8,7,SW,31,31,29,0.7,30,29,30,29,31,33,31,0,0,710,722,15.28,6,6,0.6,0,0.137,27,31,23,26,34,39,40,51,36,36,36,22,23,21,11,12,10,15,16,14,34,35
2/19/2024 14:45,39,39,39,24,24,24,14,22,39,39,763,763.1,763,705.6,31,32,31,22,24,22,7,8,7,17,17,17,2,W,SW,0.6,7,S,32,31,30,--,30,30,30,29,32,33,31,0,0,669,694,14.4,5,6,0.6,0,0.136,27,32,23,26,34,40,41,52,36,37,36,20,24,20,10,12,10,15,16,14,35,35
2/19/2024 15:00,39,39,39,23,24,23,14,22,39,39,762.9,763,762.9,705.5,32,32,31,22,22,21,7,7,7,17,17,17,3,SE,SSE,0.7,7,SE,31,31,30,--,30,30,30,30,32,33,32,0,0,653,659,14.04,5,5,0.5,0,0.14,27,31,22,26,34,39,40,49,36,37,36,20,22,20,10,11,10,14,15,14,35,35
2/19/2024 15:15,40,40,39,22,23,22,14,22,40,40,762.8,762.9,762.8,705.4,32,32,31,21,22,20,7,7,7,17,17,17,2,S,S,0.6,6,SSW,32,31,31,--,31,31,31,30,33,33,32,0,0,633,652,13.61,4,5,0.5,0,0.143,27,32,22,26,34,40,40,51,36,36,36,20,21,20,10,11,9,14,15,14,35,35
2/19/2024 15:30,40,40,40,22,22,22,14,23,40,40,762.6,762.8,762.6,705.2,32,32,32,21,21,20,7,7,6,17,17,17,2,ESE,SE,0.6,6,SSE,32,32,30,0.6,31,30,31,30,33,34,32,0,0,599,621,12.89,4,4,0.4,0,0.144,27,30,23,26,34,38,40,47,36,37,36,21,21,20,10,11,10,14,15,14,35,35
2/19/2024 15:45,39,40,39,22,22,22,14,22,39,40,762.7,762.7,762.6,705.3,32,32,32,20,21,20,7,7,6,17,17,17,2,ESE,SE,0.6,6,E,32,32,30,--,30,30,30,30,32,33,29,0,0,481,577,10.34,3,4,0.3,0,0.142,27,32,23,26,34,40,41,49,36,36,36,20,21,20,10,11,9,14,15,14,34,35
2/19/2024 16:00,39,39,39,23,23,22,14,22,38,39,762.7,762.8,762.7,705.2,32,33,32,20,20,20,6,7,6,17,17,17,2,SW,WSW,0.4,6,SSW,32,32,30,--,31,30,31,30,32,32,32,0,0,459,487,9.87,3,3,0.3,0,0.147,29,34,24,27,36,42,43,51,36,36,36,21,21,20,10,10,9,14,15,14,34,34
2/19/2024 16:15,38,39,38,23,23,22,13,22,38,38,762.6,762.7,762.6,705.1,33,33,32,20,20,20,7,7,6,17,17,17,1,SSW,SSW,0.4,4,SSW,33,32,31,--,31,31,31,30,31,32,31,0,0,410,448,8.82,2,3,0.3,0,0.148,28,33,23,26,35,41,42,52,36,36,36,21,21,20,10,10,9,14,15,14,34,35
2/19/2024 16:30,38,38,38,23,23,23,13,21,37,38,762.5,762.6,762.5,705.1,33,33,32,20,20,19,7,7,6,17,17,17,2,S,SSW,0.6,8,SSE,32,32,31,0.4,31,31,31,30,31,31,31,0,0,338,367,7.26,2,2,0.2,0,0.148,29,33,24,27,36,41,43,50,36,36,35,21,22,20,10,10,9,14,15,14,34,35
2/19/2024 16:45,38,38,38,23,23,23,13,21,37,37,762.5,762.5,762.5,705.1,33,33,32,20,20,19,6,7,6,17,17,17,2,SE,S,0.5,5,SSW,32,32,30,--,31,30,31,30,30,31,30,0,0,284,309,6.12,2,2,0.2,0,0.148,29,34,24,27,36,42,43,51,36,36,35,20,21,20,9,10,9,14,14,14,34,34
2/19/2024 17:00,37,38,37,23,23,23,13,21,36,37,762.6,762.7,762.6,705.2,32,33,32,19,20,19,6,7,6,17,17,17,2,SSW,SSW,0.4,4,WSW,33,32,31,--,31,31,31,30,30,30,30,0,0,232,257,4.99,1,1,0.1,0,0.146,29,34,25,27,37,43,44,52,35,36,35,21,21,20,9,10,9,14,14,14,34,34
2/19/2024 17:15,37,37,37,23,23,23,12,21,36,36,762.7,762.7,762.6,705.3,32,33,32,20,20,19,6,7,6,17,17,17,1,ESE,SE,0.2,3,ESE,32,32,30,--,31,30,31,30,29,30,29,0,0,176,200,3.78,1,1,0.1,0,0.146,30,34,25,27,37,43,45,54,35,35,35,21,22,21,9,10,9,14,14,14,33,34
2/19/2024 17:30,36,37,36,24,24,23,12,20,35,36,762.8,762.8,762.7,705.3,32,32,32,20,20,20,6,7,6,17,17,17,1,S,SSW,0.3,3,SSE,32,32,30,0.2,31,30,31,30,29,29,29,0,0,121,148,2.61,1,1,0.1,0,0.146,31,35,26,30,38,44,47,56,35,35,35,21,21,20,9,10,9,14,14,14,33,33
2/19/2024 17:45,35,36,35,25,25,24,12,20,34,35,762.9,762.9,762.8,705.4,32,32,32,20,20,20,7,7,6,17,17,17,1,SSW,SSW,0.3,3,S,32,32,31,--,31,31,31,30,29,29,29,0,0,73,95,1.58,0,0,0,0,0.146,32,36,27,30,40,45,49,58,34,35,34,22,22,21,9,9,9,13,14,13,32,33
2/19/2024 18:00,35,35,35,25,25,25,12,20,34,34,762.9,762.9,762.9,705.5,32,33,31,20,20,19,6,7,6,17,17,17,1,SE,SSE,0.3,2,S,32,31,30,--,31,30,31,30,28,29,28,0,0,39,53,0.84,0,0,0,0,0.145,32,35,26,29,40,44,48,55,34,34,34,22,22,22,9,9,9,13,14,13,32,32
2/19/2024 18:15,34,35,34,26,26,25,12,20,33,34,763.1,763.1,762.9,705.7,31,31,31,21,22,21,6,6,6,17,17,16,1,SSE,SSE,0.3,2,S,31,31,29,--,30,29,30,29,28,28,28,0,0,16,25,0.35,0,0,0,0,0.132,31,35,26,29,38,44,46,55,33,34,33,22,23,22,9,9,9,13,14,13,31,32
2/19/2024 18:30,34,34,34,26,26,26,12,20,33,33,763.1,763.2,763.1,705.7,31,31,31,22,22,21,6,7,6,16,17,16,1,S,S,0.3,3,SSE,31,31,29,0.1,29,29,29,29,28,28,28,0,0,2,7,0.03,0,0,0,0,0.132,32,36,27,30,40,45,49,57,33,33,32,23,24,22,9,9,9,13,14,13,31,31
2/19/2024 18:45,33,34,33,27,27,26,12,19,32,33,763.3,763.3,763.1,705.8,30,31,30,23,23,22,6,7,6,16,16,16,1,SSE,SSE,0.4,3,S,30,30,28,--,29,28,29,28,27,28,27,0,0,0,0,0,0,0,0,0,0.125,33,38,28,31,41,48,50,61,32,32,32,24,25,23,9,10,9,14,14,13,30,31
2/19/2024 19:00,33,33,33,27,27,27,11,19,31,32,763.4,763.4,763.3,705.9,30,30,30,23,23,22,6,6,6,16,16,16,2,SSE,SSE,0.4,2,SSE,30,30,28,--,28,28,28,28,27,27,27,0,0,0,0,0,0,0,0,0,0.12,33,37,27,31,41,46,50,58,32,32,32,25,25,24,9,9,9,13,14,13,30,31
2/19/2024 19:15,32,33,32,28,28,27,11,19,31,31,763.5,763.5,763.4,706,30,30,30,22,23,22,6,7,6,16,16,16,2,SSE,SSE,0.4,4,SSE,30,30,29,--,29,29,29,28,27,27,27,0,0,0,0,0,0,0,0,0,0.121,32,37,26,30,40,46,48,60,31,32,31,24,25,24,8,9,8,13,14,13,30,30
2/19/2024 19:30,32,32,32,28,28,28,11,19,31,31,763.5,763.6,763.5,706,30,30,30,23,23,22,7,7,6,16,16,16,1,S,S,0.3,4,E,30,30,29,0,29,29,29,29,27,27,27,0,0,0,0,0,0,0,0,0,0.124,34,40,29,33,43,50,53,63,31,31,31,26,26,24,9,9,8,13,14,13,29,30
2/19/2024 19:45,31,32,31,28,28,28,11,19,30,31,763.6,763.6,763.5,706.1,29,30,29,24,24,23,6,7,6,16,16,16,3,SE,SE,0.7,4,E,29,29,28,--,29,28,29,28,26,27,26,0,0,0,0,0,0,0,0,0,0.115,36,42,30,34,45,52,55,66,31,31,30,26,26,25,8,9,8,13,13,13,29,29
2/19/2024 20:00,31,31,31,28,29,28,11,18,30,30,763.7,763.7,763.6,706.2,29,29,29,24,24,23,6,7,6,16,16,16,2,S,S,0.4,4,SSE,29,29,28,--,28,28,28,28,27,27,26,0,0,0,0,0,0,0,0,0,0.115,36,40,30,33,45,50,55,63,30,31,30,26,27,25,8,9,8,13,13,13,29,29
2/19/2024 20:15,31,31,31,29,29,28,11,18,30,30,763.9,763.9,763.7,706.3,29,29,29,24,24,24,6,7,6,16,16,16,2,SSE,SE,0.5,4,SSE,29,29,27,--,28,27,28,27,26,27,26,0,0,0,0,0,0,0,0,0,0.112,36,41,30,34,45,51,56,64,30,30,30,26,27,26,8,9,8,13,14,13,28,29
2/19/2024 20:30,31,31,31,29,29,29,11,18,30,30,764.1,764.1,763.9,706.6,28,29,28,28,28,25,8,8,6,16,16,16,3,SE,SE,0.7,8,ESE,28,28,27,0.1,27,27,27,27,26,26,26,0,0,0,0,0,0,0,0,0,0.105,37,42,31,34,46,52,57,66,30,30,29,30,30,26,10,10,8,14,14,13,28,29
2/19/2024 20:45,31,31,31,29,29,29,11,18,29,30,764.3,764.3,764.1,706.7,28,28,27,31,31,28,9,9,8,16,16,16,4,ESE,ESE,0.9,6,ESE,27,27,26,--,27,26,27,26,25,26,25,0,0,0,0,0,0,0,0,0,0.098,37,41,31,34,47,51,58,66,29,29,29,31,31,30,10,10,10,14,14,14,28,28
2/19/2024 21:00,31,31,31,30,30,29,11,18,29,29,764.4,764.4,764.3,706.9,27,27,27,34,34,31,9,9,9,16,16,16,3,ESE,ESE,0.8,4,ESE,27,27,26,--,26,26,26,26,25,25,24,0,0,0,0,0,0,0,0,0,0.091,38,42,31,34,48,53,60,68,29,29,29,33,33,31,11,11,10,15,15,14,28,28
2/19/2024 21:15,30,31,30,30,30,30,11,18,29,29,764.5,764.5,764.4,706.9,26,27,26,35,35,34,9,10,9,16,16,16,3,ESE,ESE,0.8,4,ESE,26,26,25,--,26,25,26,25,24,25,24,0,0,0,0,0,0,0,0,0,0.085,38,42,31,34,48,52,60,68,28,29,28,34,34,32,11,11,10,15,15,14,27,28
2/19/2024 21:30,30,30,30,30,30,30,11,18,29,29,764.5,764.5,764.5,707,26,26,26,36,36,35,10,10,9,16,16,16,4,ESE,ESE,0.9,5,SE,25,25,25,0.1,25,24,25,24,23,24,23,0,0,0,0,0,0,0,0,0,0.08,39,42,31,34,49,53,61,69,28,28,28,34,34,33,11,11,11,15,15,14,27,27
2/19/2024 21:45,30,30,30,30,30,30,11,18,29,29,764.4,764.5,764.4,706.9,26,26,26,37,37,36,10,10,10,16,16,16,4,SE,SE,0.9,5,SE,25,25,25,--,25,24,24,24,23,23,23,0,0,0,0,0,0,0,0,0,0.076,39,44,32,34,49,55,61,68,28,28,28,35,35,34,11,11,11,15,15,15,27,27
2/19/2024 22:00,30,30,30,31,31,30,11,18,29,29,764.5,764.5,764.4,706.9,25,26,25,38,38,37,10,10,10,16,16,16,3,SE,SE,0.8,4,SE,25,25,25,--,25,24,25,24,23,24,23,0,0,0,0,0,0,0,0,0,0.073,39,42,31,34,48,53,61,70,28,28,28,36,36,35,11,11,11,15,15,15,27,27
2/19/2024 22:15,30,30,30,31,31,31,11,18,29,29,764.5,764.5,764.4,707,25,25,25,39,39,38,10,10,10,16,16,16,4,SE,SE,1,5,SE,24,24,25,--,25,24,24,24,23,23,23,0,0,0,0,0,0,0,0,0,0.073,39,42,31,34,48,53,61,67,27,28,27,37,37,35,11,11,11,15,15,15,26,27
2/19/2024 22:30,30,30,30,32,32,31,11,18,29,29,764.6,764.6,764.5,707,25,25,25,40,40,39,11,11,10,16,16,16,5,SE,SE,1.2,6,SE,24,24,24,0.1,25,23,24,23,22,23,22,0,0,0,0,0,0,0,0,0,0.071,38,42,31,33,48,53,60,70,27,27,27,38,38,37,11,11,11,15,15,15,26,26
2/19/2024 22:45,29,30,29,32,32,32,11,18,28,29,764.4,764.6,764.4,706.9,25,25,25,42,42,40,11,11,10,16,16,16,5,SE,SE,1.2,7,SE,23,23,24,--,24,23,23,23,22,22,22,0,0,0,0,0,0,0,0,0,0.067,39,42,32,34,49,53,61,68,27,27,26,40,40,38,12,12,11,15,15,15,26,26
2/19/2024 23:00,29,29,29,33,33,32,11,18,28,28,764.3,764.4,764.3,706.8,24,25,24,44,44,42,11,11,11,16,16,16,5,SE,SE,1.2,6,ESE,23,23,24,--,24,22,23,22,22,22,22,0,0,0,0,0,0,0,0,0,0.063,40,45,32,36,50,56,63,70,26,26,26,41,41,39,12,12,12,15,15,15,26,26
2/19/2024 23:15,29,29,29,33,33,33,11,18,28,28,764.3,764.3,764.3,706.7,24,24,24,45,45,44,11,11,11,16,16,16,5,SE,SE,1.3,7,SE,23,23,24,--,24,22,22,22,21,22,21,0,0,0,0,0,0,0,0,0,0.061,41,45,33,37,51,56,64,72,26,26,26,42,42,41,12,12,12,15,16,15,25,26
2/19/2024 23:30,29,29,29,34,34,33,11,18,28,28,764.2,764.3,764.2,706.7,24,24,24,45,45,45,12,12,11,16,16,16,5,SE,SE,1.3,6,SE,23,23,24,0.1,24,22,22,22,21,22,21,0,0,0,0,0,0,0,0,0,0.061,41,46,33,37,51,57,65,73,26,26,26,43,43,42,12,12,12,16,16,15,25,25
2/19/2024 23:45,29,29,29,34,34,34,11,18,28,28,764.1,764.2,764,706.6,24,24,24,46,46,45,12,12,11,16,16,16,5,SE,SE,1.3,7,SSE,22,22,24,--,24,22,22,22,21,21,21,0,0,0,0,0,0,0,0,0,0.059,40,45,32,35,50,56,62,70,26,26,26,44,44,43,12,12,12,15,16,15,25,25
2/20/2024 0:00,29,29,29,34,34,34,12,18,28,28,764,764.1,764,706.5,24,24,24,46,46,46,12,12,11,16,16,16,5,SE,SE,1.2,7,SE,23,22,24,--,24,22,22,22,21,21,21,0,0,0,0,0,0,0,0,0,0.058,37,42,30,33,47,52,58,67,25,26,25,44,44,43,12,12,12,16,16,15,25,25
2/20/2024 0:15,29,29,29,35,35,34,12,18,28,28,763.8,764,763.8,706.3,24,24,24,47,47,46,12,12,11,16,17,16,5,SE,SE,1.3,8,SE,22,22,24,--,24,22,22,22,21,21,21,0,0,0,0,0,0,0,0,0,0.057,36,41,29,32,46,51,57,67,25,25,25,45,46,44,12,13,12,16,16,15,25,25
2/20/2024 0:30,29,29,29,35,35,35,12,18,28,28,763.7,763.9,763.7,706.2,24,24,24,48,48,47,12,12,12,16,16,16,5,SE,SE,1.2,7,SE,22,22,24,0.1,24,22,22,22,21,21,21,0,0,0,0,0,0,0,0,0,0.057,36,40,28,32,44,50,55,63,25,25,25,46,46,45,13,13,12,16,16,16,25,25
2/20/2024 0:45,28,29,28,36,36,35,12,18,28,28,763.6,763.7,763.6,706.1,24,24,24,49,49,48,12,12,12,16,16,16,4,SE,SE,1.1,6,SE,22,22,23,--,24,22,22,22,21,21,21,0,0,0,0,0,0,0,0,0,0.055,35,38,28,31,44,48,54,62,25,25,25,47,47,46,13,13,12,16,16,16,25,25
2/20/2024 1:00,28,28,28,36,36,36,12,18,28,28,763.4,763.6,763.4,705.9,23,24,23,50,50,49,12,12,12,16,16,16,4,SE,SE,0.9,6,SE,23,22,23,--,23,22,23,22,21,22,21,0,0,0,0,0,0,0,0,0,0.053,35,39,27,30,43,49,54,62,25,25,25,47,47,46,13,13,13,16,16,16,25,25
2/20/2024 1:15,28,28,28,36,36,36,12,18,28,28,763.3,763.4,763.3,705.8,23,23,23,51,51,50,12,12,12,16,16,16,4,SE,SE,1,6,SE,23,22,23,--,23,22,22,22,21,21,21,0,0,0,0,0,0,0,0,0,0.051,34,38,27,30,42,48,52,63,25,25,25,48,48,47,13,13,13,16,16,16,25,25
2/20/2024 1:30,28,28,28,36,36,36,12,18,27,28,763.2,763.3,763.2,705.7,23,24,23,50,51,50,13,13,12,17,17,16,4,SSE,SSE,0.9,7,S,23,23,24,0,24,23,23,22,22,22,21,0,0,0,0,0,0,0,0,0,0.052,34,38,27,31,42,47,52,60,25,25,25,48,49,47,13,13,13,16,16,16,25,25
2/20/2024 1:45,28,28,28,36,36,36,12,18,27,28,763.1,763.1,763,705.6,23,24,23,51,51,50,13,13,12,17,17,17,3,SSE,SSE,0.8,5,SE,23,22,23,--,24,23,23,22,22,22,21,0,0,0,0,0,0,0,0,0,0.052,35,38,27,31,43,48,53,66,25,25,25,48,49,48,13,13,13,16,16,16,25,25
2/20/2024 2:00,28,28,28,36,36,36,12,18,27,28,763.1,763.1,763,705.6,23,23,23,52,52,51,13,13,13,17,17,17,3,SSE,SSE,0.9,6,SE,23,23,23,--,23,23,23,22,22,22,21,0,0,0,0,0,0,0,0,0,0.05,35,38,28,31,44,48,54,62,25,25,24,50,50,48,13,13,13,16,16,16,24,25
2/20/2024 2:15,28,28,28,37,37,36,12,18,27,28,762.9,763,762.9,705.4,23,23,23,52,52,51,13,13,13,17,17,17,4,S,SSE,0.9,6,S,23,23,23,--,23,23,23,23,22,22,22,0,0,0,0,0,0,0,0,0,0.052,35,38,27,30,43,48,54,62,24,25,24,50,50,49,13,13,13,16,16,16,24,24
2/20/2024 2:30,28,28,28,37,37,37,12,18,27,27,762.8,762.9,762.8,705.4,23,23,23,53,53,52,13,13,13,17,17,17,4,S,SSE,1,6,SSE,22,22,23,0,23,22,23,22,21,22,21,0,0,0,0,0,0,0,0,0,0.051,35,38,28,31,44,48,54,62,24,24,24,51,51,50,13,13,13,16,16,16,24,24
2/20/2024 2:45,28,28,28,37,37,37,12,18,27,27,762.7,762.8,762.7,705.3,23,23,22,54,54,53,13,13,13,16,17,16,4,SSE,SSE,0.9,6,S,22,22,22,--,23,22,22,22,21,21,21,0,0,0,0,0,0,0,0,0,0.047,35,38,28,30,44,48,54,64,24,24,24,50,51,50,13,13,13,16,16,16,24,24
2/20/2024 3:00,28,28,28,37,37,37,12,18,27,27,762.7,762.7,762.7,705.2,23,23,23,53,54,53,13,13,13,17,17,16,3,S,SSE,0.8,7,S,23,22,23,--,23,23,23,22,22,22,21,0,0,0,0,0,0,0,0,0,0.046,36,41,28,32,45,51,56,68,24,24,24,51,52,50,13,14,13,16,16,16,24,24
2/20/2024 3:15,28,28,28,38,38,37,12,18,27,27,762.6,762.7,762.6,705.2,23,23,23,52,53,52,13,13,13,17,17,17,3,S,S,0.7,5,SSE,23,23,23,--,23,23,23,23,22,22,22,0,0,0,0,0,0,0,0,0,0.051,36,39,29,32,45,49,56,63,24,24,24,51,51,50,13,14,13,16,16,16,24,24
2/20/2024 3:30,28,28,28,38,38,38,12,18,27,27,762.6,762.7,762.6,705.2,23,23,23,52,52,52,13,13,13,17,17,17,3,SSE,SSE,0.7,7,SSE,23,23,23,0,23,23,23,23,22,22,22,0,0,0,0,0,0,0,0,0,0.052,36,41,28,31,45,51,56,63,24,24,24,51,51,51,13,13,13,16,16,16,24,24
2/20/2024 3:45,28,28,28,38,38,38,12,18,27,27,762.6,762.7,762.6,705.2,23,23,23,51,52,51,13,13,13,17,17,17,3,S,S,0.7,6,SSE,23,23,23,--,23,23,23,23,22,22,22,0,0,0,0,0,0,0,0,0,0.052,36,39,28,31,45,49,55,63,24,24,24,51,51,50,13,13,13,16,16,16,24,24
2/20/2024 4:00,28,28,28,38,38,38,12,18,27,27,762.5,762.6,762.5,705.1,23,23,23,52,52,51,13,13,13,17,17,17,3,S,S,0.8,7,S,23,23,23,--,23,23,23,23,22,22,22,0,0,0,0,0,0,0,0,0,0.053,35,38,28,31,44,48,55,64,24,24,24,51,51,50,13,13,13,16,16,16,24,24
2/20/2024 4:15,28,28,28,38,38,38,12,18,27,27,762.6,762.6,762.5,705.1,23,23,23,52,52,52,13,13,13,17,17,17,3,S,S,0.8,7,SSE,23,23,23,--,23,23,23,23,22,22,22,0,0,0,0,0,0,0,0,0,0.051,36,40,28,31,44,50,55,63,24,24,24,52,52,51,13,13,13,16,16,16,24,24
2/20/2024 4:30,28,28,28,38,38,38,12,18,27,27,762.5,762.6,762.5,705.1,23,23,23,52,52,52,13,13,13,17,17,17,4,S,S,0.9,7,S,22,22,23,0,23,22,23,22,21,22,21,0,0,0,0,0,0,0,0,0,0.05,35,38,28,31,44,48,54,63,24,24,24,52,52,51,13,13,13,16,16,16,24,24
2/20/2024 4:45,28,28,28,39,39,38,12,18,27,27,762.6,762.6,762.5,705.2,23,23,23,52,52,52,13,13,13,17,17,17,3,S,S,0.8,7,SSE,23,22,23,--,23,23,23,22,22,22,21,0,0,0,0,0,0,0,0,0,0.051,36,40,28,31,45,50,55,64,24,24,24,51,52,51,13,13,13,16,16,16,24,24
2/20/2024 5:00,28,28,28,39,39,39,12,18,27,27,762.7,762.7,762.6,705.3,23,23,23,52,52,51,13,13,13,17,17,17,3,S,S,0.7,6,SSW,23,23,23,--,23,23,23,23,22,22,22,0,0,0,0,0,0,0,0,0,0.05,36,39,28,31,45,49,55,62,24,24,24,51,52,51,13,13,13,16,16,16,24,24
2/20/2024 5:15,28,28,28,39,39,39,12,18,27,27,762.9,762.9,762.8,705.4,23,23,23,52,52,52,13,13,13,17,17,17,2,S,S,0.6,5,S,23,23,23,--,23,23,23,23,22,22,22,0,0,0,0,0,0,0,0,0,0.049,35,40,28,31,44,50,55,63,24,24,24,51,52,51,13,13,13,16,16,16,24,24
2/20/2024 5:30,28,28,28,39,39,39,12,18,27,27,763.1,763.1,762.9,705.7,23,23,23,51,52,51,12,13,12,16,17,16,3,S,S,0.7,5,SSE,23,23,23,0,23,23,23,23,22,22,22,0,0,0,0,0,0,0,0,0,0.049,36,40,29,32,45,50,56,63,24,24,24,50,52,50,13,13,13,16,16,16,24,24
2/20/2024 5:45,28,28,28,39,39,39,12,18,27,27,763.5,763.5,763.2,706,23,23,23,53,53,51,12,13,12,16,17,16,2,SSW,SSW,0.6,6,S,23,23,22,--,23,22,23,22,21,22,21,0,0,0,0,0,0,0,0,0,0.05,36,40,29,32,45,50,56,67,24,24,24,51,51,50,13,13,13,16,16,16,24,24
2/20/2024 6:00,28,28,28,39,39,39,12,18,27,27,763.6,763.6,763.4,706.1,22,23,22,56,56,53,12,13,12,16,16,16,1,WNW,W,0.3,3,W,22,22,21,--,22,21,22,21,20,21,20,0,0,0,0,0,0,0,0,0,0.038,36,40,29,32,45,50,57,64,24,24,24,51,52,51,13,13,13,16,16,16,24,24
2/20/2024 6:15,28,28,28,39,39,39,12,18,27,27,764.1,764.3,763.5,706.6,21,22,21,56,58,56,12,12,12,16,16,16,3,W,W,0.7,8,WSW,21,21,21,--,21,20,21,20,19,20,19,0,0,0,0,0,0,0,0,0,0.032,37,42,29,33,46,52,57,67,24,24,24,51,52,50,13,13,13,16,16,16,24,24
2/20/2024 6:30,28,28,28,39,39,39,12,18,27,27,764.3,764.3,763.9,706.8,22,22,21,54,56,54,12,12,12,16,16,16,4,WSW,WSW,1.1,9,WSW,21,20,22,0,22,20,20,20,19,19,19,0,0,0,0,0,0,0,0,0,0.035,38,42,30,34,47,52,60,70,24,24,23,52,52,51,13,13,13,16,16,16,23,24
2/20/2024 6:45,28,28,28,40,40,39,13,18,27,27,764.4,764.4,764.3,706.9,22,22,22,54,54,54,12,12,12,16,16,16,3,SW,SW,0.9,8,WSW,22,21,21,--,22,21,22,20,20,21,19,0,0,0,0,0,0,0,0,0,0.038,39,45,31,37,48,56,62,70,23,24,23,52,52,51,13,13,13,16,16,16,23,24
2/20/2024 7:00,28,28,28,39,40,39,13,19,28,28,764.6,764.6,764.4,707.1,22,22,22,55,55,54,12,12,12,16,16,16,3,SW,SW,0.8,6,SW,22,21,21,--,22,21,22,21,20,21,20,0,0,10,18,0.21,0,0,0,0,0.038,43,55,34,42,54,70,67,80,23,24,23,52,53,52,13,13,13,16,16,16,23,23
2/20/2024 7:15,28,29,28,39,39,39,13,19,28,28,764.7,764.7,764.6,707.2,22,22,22,55,55,55,12,12,12,16,16,16,4,SW,SW,1,8,WSW,21,21,21,--,21,20,21,20,19,20,19,0,0,28,37,0.59,0,0,0,0,0.037,40,45,32,35,50,56,63,70,23,23,23,53,53,52,13,13,13,16,16,16,23,23
2/20/2024 7:30,29,29,28,39,39,39,13,19,28,28,764.8,764.8,764.7,707.2,22,22,22,54,55,54,12,12,12,16,16,16,5,WSW,WSW,1.2,9,WSW,21,20,21,0,21,20,20,20,19,19,19,0,0,49,65,1.05,0,0,0,0,0.036,40,46,32,35,50,58,64,72,23,23,23,53,53,52,13,13,13,16,16,15,23,23
2/20/2024 7:45,29,29,29,39,39,38,13,19,28,28,764.8,764.8,764.7,707.2,22,22,22,55,55,54,13,13,12,16,16,16,6,SW,SW,1.5,10,WSW,20,20,22,--,22,20,20,19,19,19,19,0,0,89,111,1.92,0,1,0,0,0.037,43,51,34,39,54,65,67,76,23,23,23,55,55,53,13,13,13,16,16,16,23,23
2/20/2024 8:00,29,29,29,38,39,38,14,19,29,29,764.8,764.8,764.8,707.3,22,23,22,56,56,55,13,13,13,17,17,16,5,SW,SW,1.2,8,SW,21,20,22,--,22,21,21,20,21,21,19,0,0,138,160,2.96,1,1,0.1,0,0.04,47,54,36,42,58,68,71,79,23,23,23,56,56,54,14,14,13,16,16,16,23,23
2/20/2024 8:15,30,30,29,38,38,38,14,20,29,29,764.9,764.9,764.8,707.4,23,23,23,55,56,55,14,14,13,17,17,17,5,SSW,SSW,1.1,8,SSW,22,21,23,--,23,22,22,21,22,22,21,0,0,190,216,4.08,1,1,0.1,0,0.047,45,51,35,41,56,64,69,76,23,24,23,55,56,55,14,14,14,17,17,16,24,24
2/20/2024 8:30,31,31,30,38,38,38,14,20,30,30,765,765,764.9,707.5,23,24,23,55,55,55,14,14,14,18,18,17,5,SSW,SSW,1.3,8,SW,22,22,24,0.2,24,22,22,22,22,22,22,0,0,237,257,5.1,1,2,0.2,0,0.053,44,53,35,40,55,67,69,76,24,24,24,55,55,55,15,15,14,17,17,17,24,24
2/20/2024 8:45,31,31,31,37,38,37,15,20,31,31,765.4,765.4,765.1,707.7,24,24,24,54,55,54,14,14,14,18,18,18,5,SSW,SSW,1.3,9,SSW,23,22,24,--,24,23,23,22,23,23,22,0,0,292,315,6.28,2,2,0.2,0,0.058,44,50,34,40,55,62,68,77,25,25,24,54,55,54,15,15,15,17,17,17,25,25
2/20/2024 9:00,32,32,31,37,37,37,15,21,32,32,765.5,765.5,765.4,707.9,25,25,24,52,54,52,14,15,14,18,18,18,4,SSW,SSW,1.1,9,SW,24,23,25,--,25,24,24,23,25,25,23,0,0,344,371,7.4,2,2,0.2,0,0.066,45,52,35,41,56,66,70,79,25,26,25,51,54,51,15,15,15,18,18,17,26,26
2/20/2024 9:15,32,32,32,36,37,36,15,21,32,32,765.6,765.6,765.4,707.9,25,26,25,50,52,50,14,14,14,18,18,18,5,SSW,SSW,1.2,8,SW,25,24,26,--,26,25,25,24,25,25,24,0,0,397,427,8.54,3,3,0.3,0,0.074,41,49,33,36,52,61,65,74,26,27,26,50,52,49,15,15,15,18,18,18,27,27
2/20/2024 9:30,33,33,32,35,36,35,15,21,33,33,765.7,765.8,765.6,708.1,26,26,26,46,50,46,14,14,14,18,19,18,5,SSW,SSW,1.2,10,SW,25,25,26,0.4,26,25,25,25,26,26,25,0,0,447,476,9.62,3,3,0.3,0,0.082,40,49,32,37,50,61,63,73,27,27,26,46,50,46,15,15,15,18,18,17,27,27
2/20/2024 9:45,33,33,33,33,35,33,15,21,32,33,765.8,765.8,765.7,708.2,27,27,26,44,46,44,14,14,13,18,19,18,5,SSW,SW,1.4,11,SW,25,25,26,--,26,25,25,25,26,27,26,0,0,499,517,10.73,4,4,0.4,0,0.087,36,41,29,33,46,51,57,67,27,28,27,44,46,44,14,15,14,17,18,17,27,28
2/20/2024 10:00,33,33,33,32,33,32,14,21,33,33,765.9,765.9,765.8,708.3,27,28,27,40,44,40,13,14,13,18,19,18,5,SW,SW,1.2,9,SW,27,25,27,--,27,26,26,25,28,28,26,0,0,542,564,11.66,4,4,0.4,0,0.093,35,38,28,31,44,48,54,62,28,28,28,42,44,42,14,15,14,17,18,17,28,28
2/20/2024 10:15,33,33,33,31,32,31,14,21,33,33,765.9,765.9,765.9,708.3,28,28,28,39,40,39,13,13,12,18,18,18,6,SW,SW,1.6,11,S,27,26,27,--,27,26,26,25,28,28,27,0,0,589,610,12.66,5,5,0.5,0,0.097,34,38,28,31,43,48,52,61,29,29,28,39,42,39,14,14,13,17,17,17,28,28
2/20/2024 10:30,34,34,33,30,31,30,14,21,33,33,765.9,765.9,765.8,708.2,28,28,28,37,39,36,12,13,12,18,18,18,6,SW,SW,1.6,11,SSW,27,27,27,0.6,27,26,26,26,28,28,27,0,0,629,645,13.53,5,5,0.5,0,0.101,33,37,27,30,41,46,50,58,29,29,29,37,40,37,13,14,13,17,17,16,29,29
2/20/2024 10:45,34,34,34,30,30,30,14,21,33,33,765.7,765.8,765.6,708.1,28,29,28,35,37,35,12,12,12,18,18,18,6,SW,SW,1.5,11,SW,28,27,28,--,28,27,27,26,28,29,28,0,0,665,686,14.31,6,6,0.6,0,0.106,33,38,27,30,41,47,50,58,30,30,29,35,38,35,13,14,13,16,17,16,29,29
2/20/2024 11:00,34,34,34,29,30,29,14,21,34,34,765.6,765.7,765.5,707.9,29,29,29,34,36,34,12,12,12,18,18,18,5,SSW,SSW,1.2,10,SW,29,27,28,--,28,28,28,26,30,30,28,0,0,702,719,15.09,6,6,0.6,0,0.11,33,36,27,30,41,45,50,60,30,31,30,34,37,34,13,14,13,17,17,16,30,30
2/20/2024 11:15,35,35,34,29,29,28,14,21,34,34,765.4,765.6,765.4,707.8,29,29,29,33,34,31,11,12,10,18,18,18,5,SW,SW,1.2,8,S,29,28,28,--,28,28,28,27,30,30,29,0,0,734,745,15.78,6,7,0.7,0,0.112,32,36,26,29,40,45,48,58,31,31,31,32,35,31,13,13,12,16,17,16,30,31
2/20/2024 11:30,35,35,34,28,29,28,14,21,34,34,765.2,765.4,765.2,707.6,29,30,29,31,33,31,11,11,11,18,18,18,5,SW,SW,1.2,9,SW,29,28,29,0.7,29,28,28,27,30,30,30,0,0,761,773,16.38,7,7,0.7,0,0.114,31,35,26,30,39,44,48,57,32,32,31,31,33,31,12,13,12,16,17,16,31,31
2/20/2024 11:45,35,35,35,27,28,27,14,21,35,35,765.1,765.3,765.1,707.5,30,30,29,30,31,30,10,11,10,18,18,18,5,SSW,SW,1.1,8,SW,30,29,29,--,29,28,28,28,31,31,30,0,0,781,793,16.81,7,7,0.8,0,0.119,31,37,26,29,39,46,48,57,32,32,32,29,31,29,12,13,12,16,17,16,31,32
2/20/2024 12:00,36,36,35,27,27,27,14,21,35,35,764.9,765.1,764.9,707.4,30,30,30,29,30,29,10,11,10,18,18,18,4,SSW,SSW,1,9,SW,30,29,29,--,29,29,29,28,31,31,31,0,0,795,800,17.1,7,7,0.8,0,0.122,32,35,26,29,40,44,48,57,33,33,32,28,30,28,12,13,12,16,17,16,32,32
2/20/2024 12:15,36,36,36,27,27,27,14,21,35,35,764.7,764.9,764.7,707.1,30,30,30,29,30,29,10,11,10,18,18,18,4,SSW,SSW,1,8,SSW,30,30,29,--,29,29,29,29,31,31,31,0,0,803,809,17.27,7,7,0.8,0,0.124,32,35,26,29,40,44,48,58,33,34,33,28,29,28,12,13,12,16,17,16,33,33
2/20/2024 12:30,36,36,36,26,27,26,14,21,35,35,764.5,764.7,764.5,707,30,31,30,28,29,28,10,10,10,18,18,18,4,SSW,SSW,1,8,S,30,30,29,0.8,29,29,29,29,31,32,31,0,0,803,812,17.27,7,7,0.8,0,0.126,32,36,27,30,40,45,49,61,34,34,33,27,29,27,12,13,12,16,17,16,33,33
2/20/2024 12:45,36,36,36,26,26,26,14,21,36,36,764.3,764.5,764.3,706.7,31,31,30,27,28,27,10,10,10,18,18,18,3,SW,SW,0.9,7,W,31,30,30,--,30,30,30,29,32,33,31,0,0,805,816,17.31,7,7,0.8,0,0.129,32,35,27,29,40,44,50,57,34,35,34,26,28,26,12,13,12,16,17,16,34,34
2/20/2024 13:00,36,37,36,26,26,26,14,21,36,36,764,764.2,764,706.5,31,31,31,26,27,26,10,10,9,18,18,18,3,SSW,SSW,0.8,7,SSW,31,31,30,--,30,30,30,30,32,33,32,0,0,802,814,17.26,7,7,0.8,0,0.135,32,36,26,29,40,45,49,57,35,35,35,26,27,25,13,13,12,17,17,16,34,34
2/20/2024 13:15,37,37,37,26,26,26,14,22,37,37,763.8,764,763.8,706.3,31,32,31,25,27,25,10,10,10,18,18,18,3,SW,WSW,0.8,8,W,32,31,30,--,30,30,30,30,34,34,32,0,0,801,844,17.23,7,7,0.8,0,0.136,32,37,26,29,40,46,49,59,36,36,35,24,27,24,12,14,12,16,17,16,35,35
2/20/2024 13:30,37,37,37,25,26,25,14,21,36,37,763.4,763.8,763.4,705.9,31,32,31,26,26,25,10,10,9,18,18,18,2,SW,SW,0.6,6,WSW,31,31,30,0.7,30,30,30,30,29,34,29,0,0,484,846,10.42,5,7,0.6,0,0.137,31,35,26,29,39,44,47,55,36,36,35,26,26,24,12,13,12,16,17,16,34,35
2/20/2024 13:45,36,37,36,25,26,25,13,21,36,36,763.2,763.5,763.2,705.8,31,32,31,24,26,24,8,10,8,17,18,17,2,SW,SW,0.6,6,SW,31,31,30,--,30,30,30,29,33,34,29,0,0,409,847,8.79,5,7,0.5,0,0.136,31,35,26,29,38,44,47,59,35,35,34,25,26,24,12,12,11,16,16,15,33,34
2/20/2024 14:00,37,37,36,24,25,24,13,21,36,36,763,763.2,762.9,705.5,32,32,31,23,24,22,8,9,7,18,18,17,3,SW,SW,0.7,6,SSE,32,31,31,--,31,31,31,29,34,36,29,0,0,624,863,13.42,6,7,0.6,0,0.138,31,47,26,33,39,59,48,76,35,35,34,24,26,22,11,12,10,16,16,14,34,34
2/20/2024 14:15,37,37,36,25,25,24,14,22,37,37,762.7,762.9,762.7,705.3,32,32,32,23,24,20,8,9,7,18,18,17,3,W,WSW,0.7,7,W,32,32,30,--,31,30,31,30,34,34,33,0,0,774,796,16.66,6,6,0.6,0,0.144,30,34,25,27,38,43,45,53,36,36,35,23,25,21,12,13,10,16,17,14,35,35
2/20/2024 14:30,38,38,37,24,25,24,14,22,37,37,762.4,762.7,762.4,705,32,33,32,23,24,23,9,9,8,18,18,18,3,SW,SW,0.6,7,SW,33,32,31,0.6,31,31,31,30,34,34,30,0,0,702,772,15.09,6,6,0.6,0,0.146,30,34,26,29,38,43,46,53,36,37,36,22,24,22,11,13,11,16,17,15,35,36
2/20/2024 14:45,38,38,38,24,24,24,14,22,38,38,762.2,762.4,762.2,704.8,33,33,33,22,23,22,9,9,8,18,18,18,2,SSW,SSW,0.6,8,W,33,33,32,--,32,32,32,31,34,35,34,0,0,697,740,15,6,6,0.6,0,0.155,30,34,26,28,38,42,46,53,36,37,36,23,24,22,12,12,11,16,16,15,36,36
2/20/2024 15:00,39,39,38,24,24,24,14,22,38,38,762.2,762.2,762.2,704.8,32,33,32,24,24,22,9,9,8,18,18,18,4,W,W,0.9,8,W,32,32,30,--,32,30,32,30,32,34,32,0,0,632,664,13.6,5,5,0.5,0,0.146,30,40,25,31,38,50,47,65,37,37,36,22,24,22,12,13,11,16,17,16,36,36
2/20/2024 15:15,38,39,38,24,24,24,14,22,38,38,761.9,762.2,761.9,704.5,32,33,32,24,24,23,9,9,9,18,18,18,2,SW,SW,0.5,5,SW,33,32,31,--,31,31,31,30,34,34,29,0,0,487,612,10.47,4,4,0.4,0,0.143,29,34,25,27,37,42,45,54,37,37,36,23,24,22,13,13,12,17,17,16,36,36
2/20/2024 15:30,39,39,38,23,24,23,14,22,38,39,761.8,761.9,761.8,704.4,33,33,32,23,23,22,9,9,8,18,18,18,3,SW,SW,0.9,6,SSW,32,32,31,0.6,31,31,31,31,32,34,32,0,0,553,591,11.89,4,4,0.4,0,0.149,28,31,24,27,35,39,42,48,37,37,36,22,24,21,11,13,11,15,17,15,35,36
2/20/2024 15:45,39,39,39,23,23,23,14,22,38,38,761.7,761.8,761.7,704.3,33,33,32,22,23,21,8,9,8,18,18,18,2,SSW,S,0.6,7,SW,33,32,31,--,31,31,31,31,33,33,32,0,0,507,522,10.92,4,4,0.4,0,0.152,28,32,24,26,35,40,42,52,36,37,36,22,23,22,11,12,11,15,16,15,35,35
2/20/2024 16:00,38,39,38,23,23,23,13,21,37,38,761.7,761.8,761.7,704.4,33,33,32,22,22,21,8,9,8,18,18,18,3,SW,SW,0.8,9,SW,33,32,31,--,32,31,32,31,32,33,32,0,0,450,468,9.67,3,3,0.3,0,0.152,28,32,24,27,35,40,42,50,36,37,36,22,22,22,11,12,11,15,16,15,35,36
2/20/2024 16:15,38,38,38,23,23,23,13,21,37,37,761.7,761.7,761.7,704.3,33,33,32,23,23,22,8,9,8,18,18,18,3,SW,WSW,0.7,6,SSW,32,32,31,--,31,31,31,31,31,32,31,0,0,389,436,8.37,2,3,0.3,0,0.15,29,34,24,27,36,42,43,53,36,36,36,23,23,22,12,12,11,16,16,15,35,35
2/20/2024 16:30,37,38,37,24,24,23,13,21,37,37,761.6,761.7,761.6,704.2,32,33,32,23,23,22,8,9,8,18,18,17,3,WNW,W,0.9,8,WNW,32,32,31,0.4,31,31,31,30,31,31,29,0,0,274,353,5.89,2,2,0.2,0,0.144,29,33,24,28,36,41,43,50,36,36,36,22,24,22,11,12,11,16,16,15,35,35
2/20/2024 16:45,37,37,37,24,24,24,13,21,37,37,761.7,761.7,761.6,704.3,32,33,32,22,23,22,9,9,8,18,18,18,3,W,SW,0.7,6,WSW,33,32,31,--,31,31,31,31,32,32,31,0,0,324,332,6.96,2,2,0.2,0,0.147,29,33,24,28,36,41,44,52,36,37,36,22,23,22,11,12,11,16,16,15,35,36
2/20/2024 17:00,37,37,37,24,24,23,13,21,36,37,761.8,761.8,761.6,704.4,33,34,32,22,22,21,8,9,8,18,18,18,3,SW,SW,0.8,6,W,32,32,31,--,32,31,32,31,31,32,30,0,0,250,301,5.38,1,2,0.2,0,0.154,29,33,24,27,36,41,43,52,36,36,36,22,23,22,11,12,11,15,16,15,34,35
2/20/2024 17:15,37,37,37,24,24,24,13,21,36,36,761.8,761.9,761.8,704.4,32,32,32,23,23,22,8,8,8,18,18,17,3,W,WSW,0.9,6,WSW,32,32,30,--,31,30,31,30,30,30,30,0,0,190,221,4.09,1,1,0.1,0,0.144,28,34,24,27,36,42,42,49,36,36,35,23,23,22,11,11,11,15,16,15,34,35
2/20/2024 17:30,36,37,36,24,24,24,12,21,35,36,761.9,761.9,761.8,704.5,32,32,32,22,23,22,8,8,8,18,18,18,3,W,WSW,0.7,6,SW,32,32,31,0.2,31,31,31,30,29,30,29,0,0,133,158,2.86,1,1,0.1,0,0.143,29,32,24,26,36,40,43,50,35,36,35,23,23,22,11,11,10,15,16,15,33,34
2/20/2024 17:45,36,36,36,24,24,24,12,20,34,35,762.1,762.1,761.9,704.6,32,32,32,23,23,22,8,8,8,17,18,17,4,W,W,0.9,6,WSW,32,32,30,--,31,30,31,30,29,29,29,0,0,71,98,1.52,0,1,0,0,0.141,29,33,25,27,36,41,44,53,35,35,34,23,24,22,10,11,10,15,15,14,33,34
2/20/2024 18:00,35,36,35,24,24,24,11,20,34,34,762.2,762.2,762.1,704.8,31,32,31,23,23,23,8,8,8,17,17,17,3,W,WSW,0.8,5,W,31,31,30,--,30,30,30,30,29,29,29,0,0,39,54,0.85,0,0,0,0,0.137,29,34,24,27,37,42,44,53,34,34,34,24,24,23,10,11,10,14,15,14,32,33
2/20/2024 18:15,34,35,34,25,25,24,11,19,33,34,762.2,762.2,762.1,704.8,31,31,31,24,24,23,8,8,8,17,17,17,2,WSW,WSW,0.6,4,WSW,31,31,29,--,30,29,30,29,28,29,28,0,0,16,25,0.34,0,0,0,0,0.134,30,34,25,28,38,43,46,56,33,34,33,25,25,24,10,10,10,14,15,14,31,32
2/20/2024 18:30,34,34,34,25,25,25,11,19,32,33,762.3,762.3,762.2,704.9,31,31,31,24,24,24,8,8,8,17,17,17,2,SW,WSW,0.5,4,WSW,31,31,29,0.1,29,29,29,29,28,28,28,0,0,2,7,0.03,0,0,0,0,0.132,32,38,26,31,40,47,48,59,33,33,32,26,26,25,10,10,10,14,15,14,31,31
2/20/2024 18:45,33,34,33,26,26,25,11,19,32,32,762.5,762.5,762.3,705,31,31,31,25,25,24,8,8,8,17,17,17,2,SW,SW,0.5,4,WSW,31,31,29,--,29,29,29,29,28,28,28,0,0,0,0,0,0,0,0,0,0.131,40,50,34,42,50,62,61,73,32,32,32,27,27,26,10,10,10,14,15,14,31,31
2/20/2024 19:00,33,33,33,26,26,26,11,19,31,32,762.5,762.6,762.4,705.1,31,31,31,25,25,25,9,9,8,17,17,17,2,SW,SW,0.6,4,WSW,31,31,29,--,29,29,29,29,28,28,28,0,0,0,0,0,0,0,0,0,0.129,37,42,32,38,47,53,58,68,32,32,31,27,28,27,10,11,10,15,15,14,30,31
2/20/2024 19:15,32,33,32,27,27,26,11,19,31,31,762.7,762.7,762.5,705.3,31,31,31,25,26,25,9,9,8,17,17,17,2,SW,SW,0.6,3,SW,31,31,29,--,29,29,29,29,28,28,28,0,0,0,0,0,0,0,0,0,0.128,33,38,28,31,42,48,51,60,31,32,31,28,28,27,11,11,10,15,15,14,30,30
2/20/2024 19:30,32,32,32,28,28,27,11,19,30,31,762.9,762.9,762.7,705.5,31,31,31,26,26,25,9,9,9,17,17,17,2,SW,SW,0.5,3,SW,31,31,29,0.1,29,29,29,29,28,28,28,0,0,0,0,0,0,0,0,0,0.129,34,40,28,32,43,50,52,62,31,31,31,28,28,28,10,11,10,15,15,14,30,30
2/20/2024 19:45,31,32,31,28,28,28,11,18,30,30,763,763,762.9,705.5,31,31,31,26,26,25,9,9,9,17,17,17,1,SSW,SSW,0.3,3,SSW,31,31,29,--,29,29,29,29,28,28,28,0,0,0,0,0,0,0,0,0,0.13,38,45,32,36,48,56,60,70,31,31,31,29,29,28,10,11,10,14,15,14,29,30
2/20/2024 20:00,31,31,31,29,29,28,11,18,30,30,763.1,763.1,763,705.7,31,31,31,27,27,26,9,9,9,18,18,17,2,SSW,SSW,0.6,5,S,31,31,29,--,29,29,29,29,28,28,28,0,0,0,0,0,0,0,0,0,0.129,39,48,32,38,49,60,61,71,30,31,30,30,30,29,11,11,10,15,15,14,29,29
2/20/2024 20:15,31,31,31,29,29,28,11,18,30,30,763.3,763.3,763.1,705.8,30,31,30,28,28,27,9,9,9,18,18,17,2,SSW,SSW,0.6,4,SSW,30,30,29,--,29,29,29,29,28,28,28,0,0,0,0,0,0,0,0,0,0.126,38,42,32,35,48,53,59,66,30,30,30,30,31,30,11,11,11,15,15,15,29,29
2/20/2024 20:30,31,31,31,29,29,29,11,18,30,30,763.3,763.3,763.3,705.8,30,30,30,28,28,27,9,10,9,17,18,17,3,SSW,SSW,0.6,4,SSW,30,30,28,0.1,29,28,29,28,27,28,27,0,0,0,0,0,0,0,0,0,0.122,40,44,33,37,50,55,62,70,30,30,29,32,32,30,11,11,11,15,15,15,28,29
2/20/2024 20:45,31,31,31,30,30,29,11,18,30,30,763.4,763.4,763.3,705.9,30,30,29,29,29,29,10,10,9,17,17,17,3,SSW,S,0.7,6,S,30,29,28,--,28,28,28,28,27,27,27,0,0,0,0,0,0,0,0,0,0.117,41,47,34,39,52,59,65,72,29,30,29,32,32,31,11,11,11,15,15,15,28,29
2/20/2024 21:00,31,31,31,30,30,30,11,18,30,30,763.6,763.6,763.4,706.1,29,30,28,31,31,29,9,10,9,17,17,17,3,N,W,0.7,6,SSE,28,28,27,--,28,27,28,27,26,27,26,0,0,0,0,0,0,0,0,0,0.112,40,46,34,38,51,58,63,72,29,29,29,33,34,32,11,12,11,15,15,15,28,28
2/20/2024 21:15,31,31,31,31,31,30,11,19,29,30,763.8,763.8,763.6,706.2,28,28,28,32,32,31,10,10,9,17,17,17,3,N,NNW,0.7,6,NNE,28,28,27,--,27,27,27,26,26,26,25,0,0,0,0,0,0,0,0,0,0.101,40,49,34,40,50,61,64,75,29,29,29,33,33,32,12,12,11,15,15,15,28,28
2/20/2024 21:30,31,31,31,31,31,31,11,18,29,29,763.8,763.8,763.8,706.3,28,29,28,32,32,32,10,10,10,17,17,17,3,NNW,NNW,0.8,5,N,29,28,27,0.1,27,27,27,27,26,26,26,0,0,0,0,0,0,0,0,0,0.104,41,46,34,40,51,58,64,72,29,30,29,33,33,33,12,12,12,15,15,15,29,29
2/20/2024 21:45,31,31,31,31,31,31,11,18,29,29,763.8,763.9,763.8,706.3,28,29,28,33,33,32,10,10,10,17,17,17,2,NNW,NNW,0.5,4,NNE,28,28,27,--,27,27,27,27,26,26,26,0,0,0,0,0,0,0,0,0,0.104,42,49,35,40,53,61,66,76,30,30,29,33,34,33,12,12,12,16,16,15,29,29
2/20/2024 22:00,30,31,30,31,31,31,12,18,29,29,763.9,763.9,763.8,706.4,28,28,28,34,34,33,10,10,10,17,17,17,2,NNW,NNW,0.5,3,NNW,28,28,27,--,27,27,27,27,26,26,25,0,0,0,0,0,0,0,0,0,0.099,43,50,36,41,54,62,68,75,29,29,29,34,34,33,12,12,12,16,16,15,28,29
2/20/2024 22:15,30,31,30,31,32,31,12,18,29,29,764,764,763.9,706.5,28,28,27,34,34,34,10,10,10,17,17,17,2,NNW,NNW,0.5,4,NNW,27,27,26,--,27,26,27,26,25,26,25,0,0,0,0,0,0,0,0,0,0.097,45,55,38,45,57,69,70,78,29,29,29,34,35,34,12,12,12,16,16,16,28,28
2/20/2024 22:30,30,30,30,32,32,31,12,19,29,29,763.9,764,763.9,706.4,27,27,27,35,35,34,10,10,10,17,17,17,2,N,N,0.5,4,N,27,27,26,0,26,26,26,26,25,25,25,0,0,0,0,0,0,0,0,0,0.093,45,54,38,45,57,68,69,75,29,29,29,35,36,34,12,12,12,16,16,16,28,28
2/20/2024 22:45,30,30,30,32,32,32,12,18,29,29,763.8,763.9,763.8,706.3,27,27,27,36,36,35,10,10,10,17,17,17,2,NNW,NNW,0.5,3,N,27,27,26,--,26,26,26,26,25,25,25,0,0,0,0,0,0,0,0,0,0.091,45,55,38,43,57,69,70,79,29,29,29,35,36,35,12,12,12,16,16,16,28,28
2/20/2024 23:00,30,30,30,32,32,32,12,18,29,29,763.7,763.8,763.7,706.2,27,27,27,36,36,35,11,11,10,17,17,17,2,NW,NW,0.4,2,NNW,27,27,26,--,26,26,26,26,25,25,25,0,0,0,0,0,0,0,0,0,0.09,45,51,37,45,56,65,69,75,29,29,29,36,37,35,12,13,12,16,16,16,28,28
2/20/2024 23:15,30,30,30,32,32,32,12,18,29,29,763.7,763.7,763.7,706.2,27,27,27,37,38,36,11,11,11,17,17,17,1,N,N,0.4,2,NNW,27,27,26,--,26,26,26,26,25,25,25,0,0,0,0,0,0,0,0,0,0.09,47,54,39,45,59,68,71,80,29,29,29,37,38,36,12,13,12,16,16,16,28,28
2/20/2024 23:30,30,30,30,32,32,32,12,18,29,29,763.4,763.6,763.4,706,27,27,27,38,38,37,12,12,11,17,17,17,2,ENE,ENE,0.4,4,ENE,27,27,26,0,26,26,26,26,25,25,25,0,0,0,0,0,0,0,0,0,0.089,47,53,39,46,58,67,71,79,28,29,28,39,39,36,13,13,12,16,16,16,27,28
2/20/2024 23:45,30,30,30,33,33,32,12,18,29,29,763.4,763.5,763.4,706,27,27,27,40,40,38,12,12,11,17,17,17,2,E,E,0.5,4,ENE,27,27,26,--,26,26,26,26,25,25,25,0,0,0,0,0,0,0,0,0,0.087,47,55,38,43,59,70,71,78,28,28,28,39,40,38,13,13,12,16,16,16,27,27
2/21/2024 0:00,30,30,30,33,33,33,12,18,29,29,763.4,763.5,763.4,705.9,26,27,26,40,40,40,12,12,12,17,17,17,1,ESE,ESE,0.3,3,ESE,26,26,26,--,26,26,26,26,24,25,24,0,0,0,0,0,0,0,0,0,0.084,46,54,38,44,58,68,70,80,28,28,28,40,40,39,13,13,13,16,16,16,27,27
2/21/2024 0:15,30,30,30,33,33,33,12,18,29,29,763.3,763.4,763.3,705.8,26,26,26,41,41,40,12,12,12,17,17,17,2,ESE,ESE,0.5,3,ESE,26,26,26,--,26,26,26,25,24,24,24,0,0,0,0,0,0,0,0,0,0.081,46,53,37,43,58,67,70,77,28,28,27,40,40,40,13,13,13,16,16,16,27,27
2/21/2024 0:30,30,30,30,34,34,33,12,18,29,29,763.1,763.3,763.1,705.7,26,26,26,42,42,41,12,12,12,17,17,17,2,ESE,ESE,0.4,3,ESE,26,26,25,0,26,25,26,25,24,24,24,0,0,0,0,0,0,0,0,0,0.079,46,53,37,43,58,67,70,77,27,27,27,41,41,40,13,13,13,16,16,16,27,27
2/21/2024 0:45,30,30,30,34,34,34,12,19,29,29,763.1,763.2,763.1,705.7,26,26,25,43,43,42,12,12,12,17,17,17,2,ESE,ESE,0.4,3,ESE,26,25,25,--,25,25,25,25,24,24,24,0,0,0,0,0,0,0,0,0,0.075,45,54,36,43,56,68,69,77,27,27,27,41,42,41,13,13,13,16,16,16,26,27
2/21/2024 1:00,30,30,30,34,34,34,12,19,29,29,763.1,763.1,763.1,705.6,25,26,25,44,44,43,12,12,12,17,17,17,2,ESE,ESE,0.4,3,ESE,25,25,25,--,25,25,25,25,24,24,24,0,0,0,0,0,0,0,0,0,0.074,44,50,35,41,54,63,68,75,27,27,27,42,42,41,13,13,13,16,16,16,26,26
2/21/2024 1:15,30,30,29,35,35,34,12,19,29,29,763,763.1,763,705.5,25,25,25,45,45,44,12,12,12,17,17,17,2,ESE,ESE,0.6,3,ESE,25,25,25,--,25,25,25,25,24,24,24,0,0,0,0,0,0,0,0,0,0.072,43,51,35,40,54,65,68,75,27,27,27,42,42,42,13,13,13,16,16,16,26,26
2/21/2024 1:30,29,30,29,35,35,35,12,18,29,29,762.8,762.9,762.8,705.4,25,25,25,46,46,45,12,12,12,17,17,17,3,SE,SE,0.7,4,SE,25,25,24,0,25,24,25,24,23,24,23,0,0,0,0,0,0,0,0,0,0.068,41,50,34,39,52,63,65,74,27,27,27,42,42,42,13,13,13,16,16,16,26,26
2/21/2024 1:45,29,29,29,35,35,35,12,18,29,29,762.7,762.8,762.7,705.2,25,25,24,48,48,46,13,13,12,17,17,17,3,SE,SE,0.9,4,SE,24,24,24,--,24,24,24,24,23,23,23,0,0,0,0,0,0,0,0,0,0.065,40,45,32,35,50,56,63,70,27,27,27,44,44,42,13,13,13,16,16,16,26,26
2/21/2024 2:00,29,29,29,35,35,35,12,18,28,29,762.5,762.7,762.5,705.1,24,24,24,49,49,48,13,13,13,17,17,17,4,SE,SE,0.9,4,SE,23,23,24,--,24,23,24,23,22,23,22,0,0,0,0,0,0,0,0,0,0.062,39,43,31,35,48,54,61,68,26,27,26,44,45,43,13,13,13,16,17,16,26,26
2/21/2024 2:15,29,29,29,35,35,35,12,18,28,28,762.4,762.5,762.4,705,24,24,24,49,50,49,13,13,13,17,17,17,3,SE,SE,0.7,4,SE,24,23,24,--,24,24,24,23,23,23,22,0,0,0,0,0,0,0,0,0,0.06,39,42,31,34,48,52,61,69,26,26,26,45,45,44,13,13,13,17,17,16,26,26
2/21/2024 2:30,29,29,29,36,36,35,12,18,28,28,762.3,762.4,762.3,704.9,24,24,24,50,50,49,13,13,13,17,17,17,2,SSE,SSE,0.6,4,SE,24,24,24,0,24,24,24,24,23,23,23,0,0,0,0,0,0,0,0,0,0.061,38,42,31,33,48,53,60,68,26,26,26,46,46,45,14,14,13,17,17,16,26,26
2/21/2024 2:45,29,29,29,36,36,36,12,18,28,28,762.2,762.3,762.2,704.8,24,24,24,50,50,50,13,13,13,17,17,17,2,SSE,SSE,0.5,3,SSE,24,24,24,--,24,24,24,24,23,23,23,0,0,0,0,0,0,0,0,0,0.062,37,40,30,33,46,50,57,66,26,26,26,46,46,45,14,14,13,17,17,16,26,26
2/21/2024 3:00,29,29,29,36,36,36,12,18,28,28,762.1,762.2,762.1,704.7,24,24,24,50,50,49,13,13,13,17,17,17,3,S,S,0.7,4,S,24,24,24,--,24,24,24,24,23,23,23,0,0,0,0,0,0,0,0,0,0.063,36,40,29,32,46,50,57,64,26,26,26,47,47,46,14,14,14,17,17,17,26,26
2/21/2024 3:15,29,29,29,36,36,36,12,18,28,28,762,762.1,762,704.6,24,24,24,50,50,49,13,13,13,17,17,17,2,SSE,SSE,0.6,4,SSE,24,24,24,--,24,24,24,24,23,23,23,0,0,0,0,0,0,0,0,0,0.059,37,42,29,33,46,52,58,67,26,26,26,47,47,46,13,14,13,16,17,16,25,26
2/21/2024 3:30,29,29,29,37,37,36,13,18,28,28,761.9,762,761.9,704.6,24,24,24,50,50,50,13,13,13,17,17,17,2,S,S,0.5,4,S,24,24,24,0,24,24,24,24,23,23,23,0,0,0,0,0,0,0,0,0,0.058,38,42,30,33,47,52,59,68,26,26,25,48,48,46,13,14,13,16,17,16,25,26
2/21/2024 3:45,29,29,29,37,37,36,13,18,28,28,761.9,761.9,761.9,704.5,24,24,24,50,50,50,13,13,13,17,17,17,2,S,S,0.5,4,SSW,24,24,24,--,24,24,24,24,23,23,23,0,0,0,0,0,0,0,0,0,0.059,38,42,30,33,47,53,59,70,26,26,25,48,48,47,14,14,13,17,17,16,25,25
2/21/2024 4:00,29,29,29,37,37,37,13,18,28,28,761.9,761.9,761.9,704.6,24,24,24,50,50,50,13,13,13,17,17,17,3,SSW,SSW,0.8,7,S,23,23,24,--,24,23,24,23,22,23,22,0,0,0,0,0,0,0,0,0,0.059,39,42,31,33,48,52,61,69,25,25,25,48,49,48,13,14,13,16,17,16,25,25
2/21/2024 4:15,29,29,29,37,37,37,13,18,28,28,761.8,761.9,761.8,704.5,23,24,23,53,53,50,13,13,12,16,17,16,4,SSW,SSW,0.9,5,SW,22,22,23,--,24,22,23,22,21,22,21,0,0,0,0,0,0,0,0,0,0.052,39,43,32,34,49,54,62,70,25,25,24,50,50,48,13,13,13,16,16,16,24,25
2/21/2024 4:30,29,29,29,37,37,37,13,18,28,28,761.9,761.9,761.8,704.5,23,23,23,53,53,52,12,13,12,16,16,16,4,SSW,SSW,0.9,5,SSW,22,22,22,0,23,22,22,22,21,21,21,0,0,0,0,0,0,0,0,0,0.046,40,45,32,34,50,56,63,71,24,24,24,51,51,50,13,13,13,16,16,16,24,24
2/21/2024 4:45,28,29,28,38,38,37,12,18,28,28,761.9,761.9,761.8,704.5,23,23,23,53,53,53,13,13,12,17,17,16,3,SSW,SSW,0.9,6,S,22,22,23,--,23,22,22,22,21,21,21,0,0,0,0,0,0,0,0,0,0.046,41,47,33,36,51,59,64,73,24,24,24,51,52,51,13,13,13,16,16,16,24,24
2/21/2024 5:00,28,28,28,38,38,37,12,18,28,28,762,762.1,761.9,704.6,23,24,23,49,53,49,12,13,12,17,17,16,4,SW,SW,1.1,8,SW,22,22,23,--,23,22,22,22,21,21,21,0,0,0,0,0,0,0,0,0,0.051,40,46,32,35,50,58,64,72,24,24,24,50,52,50,13,13,13,16,16,16,24,24
2/21/2024 5:15,28,28,28,38,38,38,12,18,27,28,762.3,762.3,762,704.8,24,24,24,48,49,47,12,12,12,17,17,16,4,SW,SW,1.1,7,SW,23,22,24,--,24,22,23,22,21,22,21,0,0,0,0,0,0,0,0,0,0.056,40,45,32,35,50,56,63,70,24,24,24,49,50,49,13,13,13,16,16,16,24,24
2/21/2024 5:30,28,28,28,38,38,38,12,18,28,28,762.6,762.6,762.3,705.2,22,24,22,53,54,48,12,12,12,16,17,15,5,W,W,1.3,9,WSW,20,20,21,0,24,19,22,19,19,21,18,0,0,0,0,0,0,0,0,0,0.043,41,47,33,37,52,59,65,76,24,24,24,49,50,49,13,13,13,16,16,16,24,24
2/21/2024 5:45,28,28,28,38,38,38,12,18,28,28,762.6,762.7,762.6,705.2,22,22,22,48,53,48,11,12,11,15,16,15,5,W,W,1.1,7,W,21,20,22,--,22,21,21,19,20,20,19,0,0,0,0,0,0,0,0,0,0.038,46,55,37,45,58,69,70,78,24,24,24,46,49,46,12,13,12,15,16,15,24,24
2/21/2024 6:00,28,28,28,38,38,38,12,18,28,28,762.8,762.8,762.7,705.4,23,23,22,46,48,46,11,11,11,15,15,15,5,W,W,1.3,8,W,21,21,22,--,22,21,21,21,20,20,20,0,0,0,0,0,0,0,0,0,0.044,49,56,39,45,61,71,72,79,24,24,24,46,47,46,12,12,12,15,15,15,24,24
2/21/2024 6:15,28,28,28,38,38,38,12,18,27,28,763,763,762.8,705.5,23,23,23,43,46,43,10,11,10,15,15,15,5,W,W,1.3,8,WNW,21,21,22,--,22,21,21,21,20,20,20,0,0,0,0,0,0,0,0,0,0.047,46,55,37,44,58,69,70,77,24,24,24,44,46,44,11,12,11,15,15,14,24,24
2/21/2024 6:30,28,28,28,37,38,37,12,18,27,27,763.2,763.2,763,705.7,23,24,23,39,43,39,9,10,9,15,15,15,5,W,W,1.3,7,W,22,21,23,0.1,23,21,22,21,21,21,20,0,0,0,0,0,0,0,0,0,0.052,42,49,34,40,52,61,66,74,24,24,24,42,44,41,10,11,10,14,15,14,24,24
2/21/2024 6:45,29,29,28,37,38,37,13,18,28,28,763.5,763.5,763.2,706,23,24,23,39,40,39,8,9,8,14,15,14,4,W,W,1.1,6,W,22,22,22,--,23,22,22,21,21,21,20,0,0,0,0,0,0,0,0,0,0.053,40,45,33,37,51,56,64,73,24,24,24,41,43,40,10,11,10,14,14,13,24,24
2/21/2024 7:00,29,29,29,37,37,37,13,19,28,28,763.8,763.8,763.5,706.3,24,24,23,38,38,36,8,8,8,15,15,14,3,WSW,WSW,0.8,6,WSW,23,22,23,--,23,23,23,22,22,22,21,0,0,10,18,0.21,0,0,0,0,0.054,38,43,31,35,48,54,59,67,24,24,24,39,41,38,10,10,9,13,14,13,24,24
2/21/2024 7:15,29,29,29,36,37,36,13,19,29,29,763.9,763.9,763.8,706.3,24,24,23,35,40,35,8,9,8,14,15,14,3,SW,WSW,0.9,5,SW,24,23,23,--,23,23,23,22,22,22,21,0,0,28,40,0.61,0,0,0,0,0.054,39,44,32,36,49,55,61,70,24,24,24,39,40,38,10,10,9,14,14,13,24,24
2/21/2024 7:30,30,30,29,35,36,35,13,19,29,29,764,764,763.9,706.5,24,25,24,39,39,34,10,10,7,16,16,14,3,WSW,WSW,0.7,4,WSW,25,24,24,0.1,24,24,24,23,23,23,22,0,0,57,76,1.23,0,0,0,0,0.062,36,42,30,33,45,52,56,65,25,25,24,40,41,37,11,11,9,14,14,13,24,24
2/21/2024 7:45,30,30,30,34,35,34,13,19,29,29,764.2,764.2,764,706.7,25,25,25,41,41,38,11,11,10,16,16,16,3,WSW,WSW,0.7,5,WSW,25,24,24,--,24,24,24,24,24,24,23,0,0,100,125,2.15,1,1,0.1,0,0.069,36,41,30,34,46,51,57,68,25,25,25,42,43,40,12,12,11,15,15,14,25,25
2/21/2024 8:00,31,31,30,34,34,34,13,19,30,30,764.3,764.4,764.2,706.8,25,25,25,41,42,40,11,11,11,16,17,16,2,SW,WSW,0.5,4,WSW,25,25,25,--,25,25,25,24,24,24,24,0,0,151,176,3.25,1,1,0.1,0,0.071,36,40,29,33,45,50,56,64,26,26,25,42,43,42,12,12,12,16,16,15,26,26
2/21/2024 8:15,31,31,31,33,34,33,13,20,31,31,764.3,764.3,764.3,706.8,26,26,25,42,42,41,12,12,11,17,17,17,1,SW,SW,0.3,2,SW,26,25,25,--,25,25,25,25,25,25,24,0,0,201,225,4.31,1,1,0.1,0,0.075,36,40,29,32,45,50,56,64,26,27,26,42,42,41,13,13,12,16,16,16,26,26
2/21/2024 8:30,32,32,31,33,33,33,14,20,31,31,764.5,764.5,764.3,706.9,26,26,26,39,43,38,11,12,10,16,17,16,2,SW,WSW,0.5,4,WSW,26,26,25,0.2,25,25,25,25,25,25,25,0,0,253,278,5.43,2,2,0.2,0,0.078,37,42,30,34,46,52,57,67,27,28,27,39,42,39,12,13,12,16,17,16,27,27
2/21/2024 8:45,33,33,32,32,33,32,14,20,32,32,764.8,764.8,764.5,707.2,26,26,25,36,39,35,9,11,9,16,16,16,3,WNW,WNW,0.7,6,NW,25,25,24,--,25,24,25,24,25,25,25,0,0,306,330,6.59,2,2,0.2,0,0.074,36,41,30,34,45,51,56,67,28,28,27,36,39,35,12,12,11,15,16,15,27,27
2/21/2024 9:00,33,33,33,32,33,32,14,21,33,33,764.9,764.9,764.8,707.3,25,25,25,35,37,35,9,9,9,15,16,15,3,NW,NW,0.7,6,NNW,25,25,24,--,24,24,24,24,25,25,24,0,0,360,387,7.74,2,2,0.2,0,0.072,37,41,31,34,47,51,58,67,29,29,28,35,36,34,12,12,11,15,16,15,28,28
2/21/2024 9:15,34,34,33,30,32,30,14,21,33,33,764.9,764.9,764.9,707.3,25,26,25,33,36,33,8,9,8,16,16,15,3,NW,NW,0.8,5,NW,26,25,25,--,25,25,25,24,26,26,25,0,0,416,439,8.94,3,3,0.3,0,0.074,37,42,30,33,46,52,57,65,29,29,29,33,35,32,11,12,11,15,16,15,29,29
2/21/2024 9:30,34,34,34,29,30,29,14,21,34,34,765,765,764.9,707.5,26,26,26,33,34,32,9,9,8,16,16,15,3,NNW,NNW,0.8,5,NW,26,26,25,0.4,25,25,25,25,27,27,26,0,0,468,496,10.06,3,4,0.3,0,0.08,36,40,30,32,45,50,56,63,30,30,29,32,33,31,12,12,11,16,16,15,29,29
2/21/2024 9:45,35,35,34,28,29,28,14,21,34,34,765.2,765.2,765,707.6,26,27,26,31,33,31,8,9,8,16,16,16,3,NNW,NNW,0.8,5,N,26,26,26,--,26,25,26,25,27,27,27,0,0,519,541,11.16,4,4,0.4,0,0.085,34,40,28,33,43,50,52,65,30,31,30,31,32,30,12,12,11,15,16,15,30,30
2/21/2024 10:00,35,35,35,28,28,28,14,21,35,35,765.2,765.2,765.1,707.6,27,27,27,33,34,32,9,10,8,16,17,16,2,NNW,NNW,0.6,5,NNW,27,26,26,--,26,26,26,25,28,28,27,0,0,564,582,12.12,4,4,0.5,0,0.088,33,37,27,31,41,46,51,65,31,31,31,31,32,30,12,12,11,16,16,15,30,30
2/21/2024 10:15,36,36,35,28,28,28,14,21,35,35,765.3,765.3,765.2,707.7,27,28,27,32,33,31,9,10,9,16,17,16,3,NW,NW,0.6,5,N,28,27,26,--,27,26,27,26,29,29,28,0,0,609,633,13.1,5,5,0.5,0,0.094,31,36,26,30,39,45,48,61,32,32,31,30,32,29,12,13,12,16,16,16,31,31
2/21/2024 10:30,36,36,36,28,28,28,14,21,36,36,765.2,765.3,765.1,707.6,28,28,27,32,33,31,9,10,9,17,17,16,3,NW,NW,0.6,5,NW,28,27,27,0.5,27,27,27,26,29,29,29,0,0,651,671,14.01,5,6,0.6,0,0.096,30,34,25,28,37,43,45,56,32,32,32,30,31,29,13,13,12,16,17,16,31,31
2/21/2024 10:45,36,36,36,27,28,27,15,22,36,36,765,765.1,765,707.4,28,28,28,31,32,31,9,10,9,17,17,17,2,NW,NW,0.6,5,NW,28,28,27,--,27,27,27,27,30,30,29,0,0,687,707,14.78,6,6,0.6,0,0.1,27,32,23,27,34,40,40,50,33,33,32,29,30,28,12,13,12,16,17,16,32,32
2/21/2024 11:00,36,36,36,27,27,27,14,22,36,36,764.9,765,764.8,707.3,29,29,28,29,31,29,9,10,9,17,17,17,2,N,N,0.6,5,NNW,29,28,27,--,28,27,28,27,30,30,30,0,0,722,737,15.52,6,7,0.7,0,0.106,26,32,22,27,33,40,38,50,33,34,33,28,30,27,12,13,12,16,17,16,33,33
2/21/2024 11:15,37,37,36,27,27,26,14,22,36,36,764.6,764.9,764.6,707.1,28,29,28,30,31,29,9,10,9,17,17,17,3,NNW,NW,0.7,7,NW,28,28,27,--,27,27,27,27,30,30,30,0,0,745,752,16.02,7,7,0.7,0,0.105,27,34,23,27,34,42,40,54,34,34,34,27,29,26,13,13,12,16,17,16,33,33
2/21/2024 11:30,37,37,37,26,27,26,14,22,36,37,764.5,764.7,764.5,707,29,29,28,30,31,29,9,10,9,17,17,17,3,N,NNW,0.6,7,N,29,28,28,0.7,28,28,28,27,30,30,30,0,0,764,773,16.44,7,7,0.7,0,0.108,29,34,25,28,36,42,43,53,34,35,34,27,28,26,13,13,12,17,17,16,34,34
2/21/2024 11:45,37,37,37,26,26,26,14,22,37,37,764.3,764.5,764.3,706.8,29,29,29,29,29,28,9,9,8,17,17,17,2,WNW,NW,0.5,4,WNW,29,29,28,--,28,28,28,27,31,31,30,0,0,785,791,16.9,7,7,0.8,0,0.11,27,32,24,26,34,40,41,50,35,35,35,26,27,24,13,13,11,16,17,15,34,34
2/21/2024 12:00,37,37,37,26,26,26,14,22,37,37,764,764.3,764,706.5,29,29,29,28,29,28,9,9,8,17,17,17,3,NE,N,0.7,5,NE,29,29,28,--,28,28,28,28,31,31,30,0,0,797,810,17.15,7,8,0.8,0,0.112,29,33,25,28,36,41,44,53,35,35,35,25,26,25,12,13,12,16,17,16,34,34
2/21/2024 12:15,37,37,37,26,26,26,14,22,37,37,763.9,764,763.9,706.3,29,29,29,28,29,27,9,9,8,17,17,17,3,N,N,0.7,6,NNW,29,29,28,--,28,28,28,28,31,31,30,0,0,811,819,17.44,8,8,0.8,0,0.113,28,33,24,28,36,41,42,50,36,36,35,25,26,24,12,13,12,16,17,16,35,35
2/21/2024 12:30,37,37,37,26,26,26,14,22,37,37,763.6,763.9,763.6,706.1,29,30,29,28,28,28,9,9,9,17,17,17,3,NE,NE,0.7,7,NE,30,29,28,0.8,28,28,28,28,31,31,31,0,0,818,821,17.6,8,8,0.8,0,0.114,29,34,25,28,37,42,44,53,35,36,35,25,26,24,13,13,12,17,17,16,35,35
2/21/2024 12:45,37,37,37,26,26,25,14,22,37,37,763.3,763.5,763.3,705.8,30,30,29,27,28,27,9,9,9,17,17,17,2,WNW,WNW,0.5,5,NW,30,29,28,--,28,28,28,28,31,31,31,0,0,816,821,17.55,8,8,0.8,0,0.118,29,33,25,27,37,41,44,51,36,36,36,24,26,24,13,13,12,17,17,16,36,36
2/21/2024 13:00,38,38,37,25,26,25,14,22,38,38,763.1,763.3,763.1,705.6,30,31,30,25,28,25,9,9,9,18,18,17,1,SW,SW,0.3,4,SW,31,30,29,--,30,29,30,28,33,33,31,0,0,820,823,17.63,8,8,0.8,0,0.126,29,33,25,28,36,41,44,51,37,37,36,24,25,22,13,13,12,17,17,16,36,36
2/21/2024 13:15,38,38,38,25,25,25,15,22,38,38,762.7,763.1,762.7,705.3,31,31,30,26,26,25,9,9,8,17,18,17,2,W,W,0.5,4,WNW,31,30,29,--,30,29,30,29,32,33,32,0,0,808,816,17.39,8,8,0.8,0,0.128,28,33,24,27,35,41,43,52,37,37,37,23,24,22,12,13,12,16,17,16,36,36
2/21/2024 13:30,38,38,38,25,25,25,15,22,38,38,762.5,762.7,762.5,705,31,31,31,26,26,25,9,9,8,17,18,17,2,SW,S,0.4,5,ESE,31,31,29,0.8,30,29,30,29,32,33,32,0,0,792,802,17.03,7,7,0.8,0,0.132,28,34,24,27,35,42,43,53,37,37,37,22,24,22,12,13,12,16,17,16,36,36
2/21/2024 13:45,38,38,38,24,25,24,15,22,38,39,762.4,762.5,762.3,705,31,31,31,25,26,25,9,9,9,18,18,17,2,SE,SE,0.4,4,SE,31,31,29,--,30,29,30,29,32,33,31,0,0,777,809,16.71,7,7,0.7,0,0.131,28,32,24,27,34,40,42,50,37,37,37,23,24,22,12,13,12,16,17,16,36,36
2/21/2024 14:00,39,39,38,24,25,24,15,22,39,39,762.1,762.3,762.1,704.7,31,32,31,24,25,24,8,9,8,18,18,17,1,SW,SSW,0.4,6,SW,31,31,30,--,30,30,30,29,33,34,32,0,0,771,796,16.58,7,7,0.7,0,0.137,27,31,24,26,34,39,41,49,37,38,37,22,24,22,12,13,12,16,17,16,36,37
2/21/2024 14:15,39,39,39,25,25,24,15,23,39,39,761.8,762.1,761.8,704.4,31,32,31,24,25,24,8,9,8,17,18,17,2,W,NW,0.5,5,WNW,31,31,30,--,30,30,30,30,33,34,32,0,0,748,784,16.09,6,7,0.7,0,0.137,26,30,23,26,33,38,39,46,38,38,37,23,24,22,13,13,12,17,17,16,37,37
2/21/2024 14:30,39,39,39,25,25,25,15,23,39,39,761.5,761.8,761.5,704.1,31,32,31,24,25,24,9,9,8,18,18,17,2,W,W,0.5,6,W,32,31,30,0.7,30,30,30,29,34,34,32,0,0,731,752,15.71,6,6,0.7,0,0.134,25,30,22,25,32,37,37,46,38,38,38,21,24,21,12,14,12,16,18,16,37,38
2/21/2024 14:45,39,39,39,24,25,24,15,23,39,39,761.3,761.5,761.3,704,32,32,31,24,24,23,8,9,8,18,18,18,3,W,WSW,0.7,7,W,31,31,30,--,31,30,31,30,32,34,32,0,0,688,735,14.8,6,6,0.6,0,0.143,25,30,22,26,31,38,37,50,38,38,38,21,23,20,12,13,12,16,17,16,37,38
2/21/2024 15:00,39,39,39,24,25,24,15,23,40,40,761.1,761.3,761.1,703.7,32,32,31,23,24,23,8,9,8,18,18,17,2,WSW,W,0.6,6,W,32,31,30,--,30,30,30,30,33,33,32,0,0,658,671,14.16,5,5,0.6,0,0.138,24,28,21,25,30,35,35,43,38,38,38,22,23,21,12,13,12,17,17,16,37,38
2/21/2024 15:15,39,40,39,24,24,24,15,23,40,40,760.9,761.1,760.9,703.6,32,32,32,24,24,23,8,9,8,17,18,17,3,WNW,W,0.7,6,WNW,32,32,30,--,31,30,31,30,32,33,32,0,0,614,643,13.21,4,5,0.5,0,0.141,24,27,21,24,30,34,35,46,38,38,38,21,22,20,12,13,11,16,17,16,37,38
2/21/2024 15:30,39,39,39,24,24,24,15,23,40,40,760.7,760.9,760.7,703.4,32,33,32,22,24,22,8,9,8,18,18,17,1,W,WSW,0.3,4,SSW,32,32,31,0.6,31,31,31,30,33,33,32,0,0,544,570,11.71,4,4,0.4,0,0.146,25,30,22,25,31,37,35,45,38,38,38,21,23,20,12,13,11,16,17,15,37,37
2/21/2024 15:45,39,39,39,24,24,24,15,23,39,40,760.5,760.7,760.5,703.2,33,33,32,22,23,22,8,9,8,18,18,18,1,SE,SE,0.3,4,SSE,33,32,31,--,31,31,31,31,33,33,33,0,0,521,534,11.2,4,4,0.4,0,0.149,24,28,21,25,30,35,35,43,38,38,38,21,22,20,12,13,11,16,17,16,37,37
2/21/2024 16:00,39,39,39,24,24,23,14,22,39,39,760.6,760.6,760.5,703.2,33,33,33,20,22,20,7,9,7,18,18,18,2,SW,SW,0.6,6,SW,33,33,31,--,31,31,31,31,33,33,33,0,0,475,490,10.21,3,4,0.3,0,0.154,24,29,21,24,30,36,35,45,38,38,37,20,22,19,10,13,10,15,17,14,36,37
2/21/2024 16:15,38,39,38,24,24,23,14,22,38,39,760.7,760.7,760.6,703.4,33,34,33,20,20,20,7,8,7,18,18,17,3,SW,SW,0.6,7,SSW,33,33,31,--,32,31,32,31,32,33,32,0,0,411,455,8.85,3,3,0.3,0,0.157,24,29,21,24,30,36,34,46,37,37,37,20,21,19,11,12,10,15,16,14,36,36
2/21/2024 16:30,38,38,38,23,24,23,13,22,38,38,760.8,760.8,760.7,703.5,33,33,33,20,21,20,7,7,7,17,18,17,3,SW,SW,0.7,7,WSW,33,33,31,0.4,31,31,31,31,31,32,31,0,0,358,376,7.69,2,2,0.2,0,0.152,24,28,20,23,30,35,34,44,37,37,37,20,21,20,10,11,10,14,16,14,35,36
2/21/2024 16:45,38,38,38,24,24,23,13,21,37,38,760.9,760.9,760.8,703.5,33,33,32,21,21,20,7,8,7,17,18,17,3,WSW,WSW,0.7,7,WSW,32,32,31,--,31,31,31,31,31,32,31,0,0,296,330,6.36,2,2,0.2,0,0.152,24,29,20,24,30,36,33,44,37,37,36,20,22,20,10,11,10,14,15,14,35,36
2/21/2024 17:00,37,38,37,24,24,24,14,21,37,37,760.9,760.9,760.8,703.5,32,33,32,21,21,21,7,7,7,17,17,17,3,W,W,0.8,6,SW,32,32,30,--,31,30,31,30,30,31,30,0,0,247,267,5.32,1,2,0.2,0,0.146,25,29,21,25,31,36,35,43,36,37,36,21,22,20,10,12,10,15,16,14,35,35
2/21/2024 17:15,37,37,37,24,24,24,13,21,36,37,760.8,760.9,760.8,703.5,32,33,32,21,21,21,7,7,7,17,17,17,2,WSW,WSW,0.6,4,W,33,32,31,--,31,31,31,30,30,30,30,0,0,197,223,4.23,1,1,0.1,0,0.145,24,29,21,24,30,36,34,45,36,36,36,21,22,20,10,11,10,15,15,14,34,35
2/21/2024 17:30,37,37,37,25,25,24,13,21,36,36,760.8,760.9,760.8,703.5,32,33,32,22,22,21,7,7,7,17,17,17,3,W,W,0.7,6,NW,32,32,30,0.2,31,30,31,30,29,30,29,0,0,142,165,3.05,1,1,0.1,0,0.146,24,29,20,24,29,36,33,45,36,36,36,22,23,21,11,11,10,15,15,14,34,35
2/21/2024 17:45,36,37,36,25,25,25,13,21,35,36,760.9,760.9,760.9,703.6,32,32,32,20,22,20,6,7,6,17,17,17,3,W,W,0.7,6,WSW,32,32,30,--,30,30,30,30,29,29,29,0,0,90,114,1.94,0,1,0,0,0.142,22,27,20,23,27,34,30,44,36,36,35,21,23,21,10,11,9,14,15,14,34,34
2/21/2024 18:00,35,36,35,25,25,25,13,21,34,35,761.1,761.1,760.9,703.8,32,32,32,22,22,20,7,7,6,17,17,17,3,W,W,0.7,5,W,32,32,30,--,30,30,30,30,29,29,29,0,0,46,65,0.99,0,0,0,0,0.139,21,26,18,22,26,32,28,36,35,35,34,23,23,21,10,11,9,14,15,14,33,34
2/21/2024 18:15,35,35,35,26,26,25,12,20,34,34,761.3,761.3,761.1,703.9,31,32,31,22,22,21,7,7,7,17,17,17,2,W,W,0.6,4,W,31,31,29,--,30,29,30,29,28,29,28,0,0,19,28,0.4,0,0,0,0,0.136,22,28,19,22,27,35,30,42,34,35,34,22,23,22,9,11,9,14,15,14,32,33
2/21/2024 18:30,34,35,34,26,26,26,12,20,33,34,761.5,761.5,761.3,704.2,31,31,31,27,27,22,10,10,7,18,18,17,1,W,NW,0.3,3,W,31,31,29,0.1,29,29,29,29,28,28,28,0,0,3,9,0.06,0,0,0,0,0.131,21,26,18,22,26,33,29,43,34,34,33,25,25,22,10,11,9,15,15,14,32,32
2/21/2024 18:45,34,34,34,27,27,26,12,20,33,33,761.7,761.7,761.5,704.3,30,31,30,30,30,27,10,10,10,18,18,18,2,NE,NE,0.4,4,ENE,30,30,28,--,29,28,29,28,27,28,27,0,0,0,0,0,0,0,0,0,0.123,30,36,26,30,38,45,46,59,33,33,32,29,29,25,12,12,10,16,16,15,31,32
2/21/2024 19:00,34,34,34,27,27,27,12,20,32,33,761.9,761.9,761.7,704.5,29,30,29,32,32,30,10,10,10,18,18,17,2,ENE,ENE,0.5,4,ENE,29,29,28,--,28,28,28,28,27,27,27,0,0,0,0,0,0,0,0,0,0.113,33,37,28,32,41,46,50,58,32,32,31,31,31,29,12,12,12,16,16,16,30,31
2/21/2024 19:15,33,34,33,28,28,27,12,20,32,32,762.1,762.1,761.9,704.6,29,29,28,33,33,32,11,11,10,17,18,17,2,NE,NE,0.5,4,NE,28,28,27,--,28,27,28,27,26,27,26,0,0,0,0,0,0,0,0,0,0.108,32,36,27,31,40,45,49,59,31,32,31,31,31,30,12,12,12,16,16,16,30,31
2/21/2024 19:30,33,33,33,28,28,28,12,19,32,32,762.1,762.1,762,704.7,28,28,28,32,33,32,10,11,10,17,17,17,2,NE,NE,0.4,3,NE,28,28,27,0,27,27,27,27,26,26,26,0,0,0,0,0,0,0,0,0,0.105,32,37,27,31,40,46,48,57,31,31,31,31,32,31,12,12,12,16,16,16,30,30
2/21/2024 19:45,32,33,32,29,29,28,12,19,31,32,762.2,762.2,762.1,704.8,28,28,28,32,32,32,10,10,10,17,17,17,1,NNE,NNE,0.3,3,NE,28,28,27,--,27,27,27,27,26,26,26,0,0,0,0,0,0,0,0,0,0.104,32,36,27,29,40,45,48,57,31,31,31,31,32,31,12,12,12,16,16,16,30,30
2/21/2024 20:00,32,32,32,30,30,29,12,19,31,31,762.5,762.5,762.3,705,28,28,27,34,34,32,10,10,10,17,17,17,1,N,NNW,0.2,2,N,27,27,26,--,27,26,27,26,25,26,25,0,0,0,0,0,0,0,0,0,0.098,32,37,28,31,41,46,49,58,31,31,31,32,32,31,12,12,12,16,16,16,30,30
2/21/2024 20:15,32,32,32,30,30,30,12,19,31,31,762.6,762.6,762.5,705.1,28,28,27,33,34,33,10,10,10,17,17,17,1,NNE,NNE,0.2,2,NNE,28,27,27,--,27,27,27,26,25,25,25,0,0,0,0,0,0,0,0,0,0.096,33,38,28,31,42,47,51,64,30,31,30,32,33,31,12,12,12,16,16,16,29,30
2/21/2024 20:30,32,32,32,30,30,30,12,19,31,31,762.8,762.8,762.6,705.3,28,28,28,33,34,33,10,10,10,17,17,17,1,NNW,NNW,0.2,2,NNW,28,28,27,0,27,27,27,26,25,25,25,0,0,0,0,0,0,0,0,0,0.096,34,38,28,32,42,48,52,63,30,30,30,33,33,32,12,12,12,16,16,16,29,29
2/21/2024 20:45,32,32,32,30,30,30,12,19,31,31,763,763,762.8,705.5,27,28,27,35,35,33,10,10,10,17,17,17,2,NNW,NW,0.4,3,NNW,27,27,26,--,27,26,27,26,25,25,25,0,0,0,0,0,0,0,0,0,0.094,35,40,30,34,44,50,54,66,30,30,30,33,33,32,12,12,12,16,16,16,29,29
2/21/2024 21:00,32,32,32,30,30,30,12,19,31,31,763.1,763.1,762.9,705.6,27,27,27,36,36,35,10,10,10,17,17,16,2,WNW,WNW,0.4,3,WNW,27,27,26,--,26,26,26,26,25,25,24,0,0,0,0,0,0,0,0,0,0.087,37,42,31,34,46,53,57,67,30,30,29,33,34,33,12,12,12,15,16,15,29,29
2/21/2024 21:15,32,32,32,30,30,30,12,19,31,31,763.1,763.1,763.1,705.7,27,27,27,36,36,35,11,11,10,17,17,17,1,NNW,NNW,0.3,2,NNW,27,27,26,--,26,26,26,26,25,25,25,0,0,0,0,0,0,0,0,0,0.092,37,41,31,34,46,51,57,66,29,30,29,34,34,33,12,12,12,16,16,15,29,29
2/21/2024 21:30,32,32,32,30,30,30,12,19,31,31,763.1,763.2,763.1,705.6,27,27,27,37,37,36,11,11,11,17,17,17,1,NW,NW,0.3,2,NW,27,27,26,0,26,26,26,26,25,25,25,0,0,0,0,0,0,0,0,0,0.092,37,41,31,34,47,51,58,65,29,29,29,34,35,34,12,12,12,16,16,16,28,29
2/21/2024 21:45,31,32,31,31,31,30,12,19,30,30,763.1,763.1,763.1,705.7,27,27,27,38,38,37,11,11,11,17,17,17,1,NW,NW,0.3,2,NNW,27,27,26,--,26,26,26,26,25,25,25,0,0,0,0,0,0,0,0,0,0.091,37,42,31,35,46,52,58,67,29,29,29,35,35,34,12,12,12,16,16,16,28,29
2/21/2024 22:00,31,31,31,31,31,31,12,19,30,30,763.1,763.1,763.1,705.7,27,27,27,36,38,36,11,11,11,17,17,17,1,NNW,NW,0.2,1,WNW,27,27,26,--,26,26,26,26,25,25,25,0,0,0,0,0,0,0,0,0,0.091,36,39,30,33,45,49,56,64,29,29,29,36,36,35,12,13,12,16,16,16,28,28
2/21/2024 22:15,31,31,31,32,32,31,12,19,29,30,763.1,763.2,763.1,705.7,27,27,27,35,36,34,10,11,10,17,17,17,1,NNW,N,0.3,2,N,27,27,26,--,26,26,26,26,25,25,25,0,0,0,0,0,0,0,0,0,0.094,33,38,28,31,42,48,51,64,29,29,29,37,37,36,13,13,12,16,16,16,28,28
2/21/2024 22:30,30,31,30,32,32,32,12,19,29,30,763.1,763.2,763.1,705.7,27,27,27,34,35,34,10,11,10,17,17,17,1,N,N,0.2,2,N,27,27,26,0,26,26,26,26,25,25,25,0,0,0,0,0,0,0,0,0,0.095,34,38,28,31,42,48,52,63,29,29,29,36,37,36,12,13,12,16,16,16,28,28
2/21/2024 22:45,30,30,30,32,32,32,12,19,29,29,763.2,763.2,763.1,705.8,27,27,26,36,36,34,10,11,10,17,17,16,1,NNW,SSW,0.2,2,SSE,26,26,26,--,26,26,26,26,24,25,24,0,0,0,0,0,0,0,0,0,0.091,33,37,27,30,41,46,50,56,29,29,28,36,38,35,12,13,12,16,16,15,28,28
2/21/2024 23:00,30,30,30,32,32,32,12,19,29,29,763.1,763.2,763.1,705.6,26,27,26,36,36,35,10,10,10,17,17,16,1,NNE,NNE,0.1,1,SSW,27,26,26,--,26,26,26,25,24,24,24,0,0,0,0,0,0,0,0,0,0.084,33,37,28,31,41,46,50,61,28,28,28,38,38,36,12,12,12,16,16,15,27,28
2/21/2024 23:15,30,30,30,33,33,32,12,19,29,29,763,763.1,763,705.5,27,27,27,33,36,33,9,10,9,16,17,16,1,NNE,NE,0.3,2,NE,27,27,26,--,26,26,26,26,25,25,24,0,0,0,0,0,0,0,0,0,0.089,32,36,27,30,41,45,49,58,28,28,28,36,38,36,12,12,12,16,16,16,27,27
2/21/2024 23:30,30,30,30,33,33,32,12,19,29,29,763,763,763,705.5,27,27,26,37,37,33,10,10,9,16,17,16,2,N,NNE,0.5,4,N,26,26,25,0,26,25,26,25,24,25,24,0,0,0,0,0,0,0,0,0,0.087,33,38,28,32,42,47,50,61,28,28,28,37,37,36,12,12,12,16,16,15,27,27
2/21/2024 23:45,30,30,30,33,33,33,12,19,29,29,762.9,763,762.9,705.5,26,26,25,38,38,36,10,10,10,16,16,16,2,NNE,NNE,0.5,4,N,25,25,24,--,25,24,25,24,23,24,23,0,0,0,0,0,0,0,0,0,0.074,38,46,32,38,47,57,58,69,28,28,28,37,38,37,12,12,12,15,16,15,27,27
2/22/2024 0:00,30,30,30,33,33,33,12,18,29,29,762.8,762.9,762.8,705.3,25,25,24,40,40,38,10,10,10,16,16,16,2,NNE,NNE,0.5,4,NNE,24,24,24,--,24,24,24,24,23,23,23,0,0,0,0,0,0,0,0,0,0.065,37,42,32,35,47,52,58,65,28,28,28,37,38,37,12,12,12,15,16,15,27,27
2/22/2024 0:15,30,30,30,33,33,33,12,18,29,29,762.7,762.8,762.7,705.3,24,24,24,41,41,40,10,10,10,16,16,16,2,NNE,NNE,0.6,4,NNE,24,24,24,--,24,24,24,24,23,23,22,0,0,0,0,0,0,0,0,0,0.063,37,41,32,35,47,51,58,64,27,28,27,38,38,37,12,12,11,15,15,15,26,27
2/22/2024 0:30,30,30,30,33,33,33,12,18,29,29,762.6,762.7,762.5,705.1,24,25,24,40,41,40,10,10,10,16,16,16,3,N,N,0.7,4,N,25,24,24,0,24,24,24,24,23,23,23,0,0,0,0,0,0,0,0,0,0.063,38,42,32,35,47,52,59,67,27,27,27,38,38,38,12,12,12,15,15,15,26,27
2/22/2024 0:45,30,30,30,33,33,33,12,18,29,29,762.4,762.5,762.4,705,25,25,25,40,40,40,10,10,10,16,16,16,2,NNE,NNE,0.6,4,NNE,25,25,24,--,24,24,24,24,23,23,23,0,0,0,0,0,0,0,0,0,0.066,38,42,32,36,48,52,60,70,27,27,27,38,39,38,12,12,12,15,16,15,26,26
2/22/2024 1:00,30,30,30,33,33,33,12,18,29,29,762.4,762.5,762.4,705,25,25,25,39,40,39,10,10,10,16,16,16,3,N,N,0.7,4,N,25,25,24,--,24,24,24,24,23,23,23,0,0,0,0,0,0,0,0,0,0.068,38,42,32,34,47,52,59,67,27,27,27,38,39,38,12,12,12,15,16,15,26,26
2/22/2024 1:15,30,30,30,33,33,33,12,18,29,29,762.4,762.5,762.4,705,24,25,23,44,44,40,10,10,10,15,16,15,3,NW,NW,0.7,4,NW,23,23,23,--,24,23,24,23,22,23,22,0,0,0,0,0,0,0,0,0,0.057,39,42,32,36,48,53,60,70,27,27,27,38,39,38,12,12,12,15,15,15,26,26
2/22/2024 1:30,29,30,29,33,33,33,12,18,29,29,762.3,762.4,762.3,704.9,23,23,23,45,45,44,11,11,10,16,16,15,2,WNW,WNW,0.5,2,NW,23,23,23,0,23,23,23,22,21,22,21,0,0,0,0,0,0,0,0,0,0.049,40,46,34,38,50,58,63,73,27,27,27,39,39,38,12,12,12,15,15,15,26,26
2/22/2024 1:45,29,29,29,33,33,33,12,18,28,29,762.2,762.3,762.2,704.8,23,24,23,46,47,45,11,12,11,16,16,16,2,NW,NW,0.5,3,NW,24,23,23,--,23,23,23,23,22,22,21,0,0,0,0,0,0,0,0,0,0.053,40,46,34,39,51,58,63,71,27,27,27,40,40,39,12,12,12,15,16,15,26,26
2/22/2024 2:00,29,29,29,34,34,33,12,18,28,28,762.1,762.2,762.1,704.7,24,24,24,46,46,46,11,11,11,16,16,16,2,NW,NW,0.5,3,NW,24,24,23,--,23,23,23,23,22,22,22,0,0,0,0,0,0,0,0,0,0.056,40,47,34,39,50,59,63,70,27,27,27,41,41,40,12,12,12,16,16,15,26,26
2/22/2024 2:15,29,29,29,34,34,34,12,18,28,28,761.9,762.1,761.9,704.6,24,24,24,47,47,46,11,11,11,16,16,16,2,NNW,NNW,0.4,2,NNW,24,24,23,--,23,23,23,23,22,22,22,0,0,0,0,0,0,0,0,0,0.055,41,46,34,39,51,57,64,73,27,27,26,41,42,40,12,12,12,16,16,16,26,26
2/22/2024 2:30,29,29,29,34,34,34,12,18,28,28,761.9,761.9,761.9,704.5,24,24,23,47,48,47,11,12,11,16,16,16,2,NNW,NNW,0.4,2,NNW,23,23,23,0,23,23,23,23,22,22,22,0,0,0,0,0,0,0,0,0,0.054,41,47,35,41,52,59,65,72,26,27,26,41,42,41,12,12,12,16,16,16,26,26
2/22/2024 2:45,29,29,29,34,34,34,12,18,28,28,761.8,761.9,761.8,704.4,23,23,23,50,50,46,12,12,11,16,16,16,2,NNW,NNW,0.4,2,NNW,23,23,23,--,23,23,23,23,22,22,22,0,0,0,0,0,0,0,0,0,0.052,42,49,35,40,52,61,65,74,26,26,26,41,42,41,12,12,12,16,16,16,26,26
2/22/2024 3:00,29,29,29,34,34,34,12,18,28,28,761.7,761.8,761.7,704.3,24,24,23,52,53,49,13,14,12,17,17,16,1,N,NNE,0.4,3,ENE,24,23,24,--,24,24,24,23,23,23,22,0,0,0,0,0,0,0,0,0,0.054,41,46,34,39,52,57,65,74,26,26,26,43,43,41,13,13,12,16,16,16,26,26
2/22/2024 3:15,29,29,29,35,35,34,12,18,28,28,761.6,761.7,761.6,704.2,24,24,24,52,52,52,14,14,13,17,17,17,2,ENE,ENE,0.5,4,ENE,24,24,24,--,24,24,24,24,23,23,23,0,0,0,0,0,0,0,0,0,0.059,42,50,35,41,53,63,66,75,26,26,26,45,46,43,13,14,13,17,17,16,26,26
2/22/2024 3:30,29,29,29,35,35,34,12,18,28,28,761.6,761.6,761.5,704.2,24,24,24,54,54,52,14,14,14,17,17,17,2,NE,NE,0.5,4,ENE,24,24,24,0,24,24,24,24,22,23,22,0,0,0,0,0,0,0,0,0,0.057,43,51,35,40,54,64,67,74,26,26,26,45,47,45,13,14,13,17,17,16,26,26
2/22/2024 3:45,29,29,29,35,35,35,12,18,28,28,761.7,761.7,761.6,704.3,23,24,23,55,55,54,13,14,13,17,17,17,1,NNE,NNE,0.2,2,ENE,23,23,23,--,24,23,24,23,22,22,22,0,0,0,0,0,0,0,0,0,0.053,44,54,36,42,55,68,69,84,26,26,26,46,47,45,14,14,13,17,17,17,26,26
2/22/2024 4:00,29,29,29,36,36,35,12,18,28,28,761.9,761.9,761.7,704.5,22,23,22,55,57,54,12,13,12,16,17,16,1,NW,NW,0.4,5,NW,22,22,22,--,23,22,23,22,20,22,20,0,0,0,0,0,0,0,0,0,0.042,45,51,37,43,57,65,70,78,26,26,26,46,47,46,13,14,13,16,17,16,25,26
2/22/2024 4:15,29,29,29,36,36,36,12,18,28,28,761.9,761.9,761.8,704.6,21,22,21,54,54,53,12,12,12,15,16,15,3,NW,NW,0.8,5,NW,21,21,20,--,21,20,21,20,19,20,19,0,0,0,0,0,0,0,0,0,0.033,44,50,36,41,55,63,68,77,26,26,25,45,46,45,13,13,13,16,16,16,25,25
2/22/2024 4:30,29,29,29,36,36,36,12,18,28,28,762.1,762.1,761.9,704.6,21,21,20,56,57,54,11,12,11,15,15,15,4,WNW,WNW,0.9,5,NW,20,20,20,0,20,19,20,19,18,19,18,0,0,0,0,0,0,0,0,0,0.024,45,53,37,42,56,67,69,78,25,25,25,46,46,45,13,13,12,16,16,16,25,25
2/22/2024 4:45,29,29,29,36,36,36,12,18,28,28,762.2,762.2,762.1,704.8,20,20,20,57,57,56,11,11,11,15,15,15,4,WNW,WNW,0.9,5,WNW,20,19,20,--,20,19,19,19,18,18,18,0,0,0,0,0,0,0,0,0,0.018,44,50,36,41,55,63,69,76,25,25,25,46,46,46,12,13,12,16,16,15,24,25
2/22/2024 5:00,29,29,29,36,36,36,12,18,28,28,762.3,762.3,762.2,704.9,20,20,20,52,57,52,10,11,10,14,15,14,4,WNW,WNW,1,5,WNW,20,20,20,--,20,19,19,19,18,18,18,0,0,0,0,0,0,0,0,0,0.02,43,49,35,39,54,61,67,75,25,25,25,45,46,45,12,12,12,15,16,15,24,24
2/22/2024 5:15,29,29,29,36,36,36,12,18,28,28,762.4,762.5,762.3,705,21,21,20,49,52,49,9,10,9,14,14,14,4,NW,NW,1,6,NW,20,20,20,--,20,19,19,19,18,18,18,0,0,0,0,0,0,0,0,0,0.022,43,50,36,43,53,63,66,75,25,25,25,44,45,44,11,12,11,15,15,15,24,24
2/22/2024 5:30,29,29,29,36,36,36,12,18,28,28,762.7,762.7,762.5,705.2,20,21,20,46,49,46,8,10,8,13,14,13,4,NW,NW,1,5,WNW,20,20,19,0,20,19,19,19,18,18,18,0,0,0,0,0,0,0,0,0,0.022,40,46,33,37,50,57,62,71,24,25,24,42,44,41,11,12,10,14,15,14,24,24
2/22/2024 5:45,28,29,28,36,36,36,12,18,28,28,762.9,762.9,762.7,705.4,20,20,20,43,46,43,7,8,7,13,13,13,4,WNW,WNW,1,5,NW,20,20,19,--,19,19,19,18,17,18,17,0,0,0,0,0,0,0,0,0,0.021,38,43,32,36,47,54,59,69,24,24,24,39,42,39,10,11,9,13,14,13,24,24
2/22/2024 6:00,28,28,28,35,36,35,12,18,27,28,763,763,762.9,705.5,20,20,20,42,43,42,7,7,7,13,13,13,4,NW,NW,1.1,6,WNW,19,19,19,--,19,18,19,18,17,18,17,0,0,0,0,0,0,0,0,0,0.021,36,41,30,35,45,51,57,67,24,24,24,39,40,38,9,10,9,13,14,13,24,24
2/22/2024 6:15,28,28,28,35,35,35,11,18,27,27,763.1,763.2,763,705.7,20,20,20,43,43,42,7,7,7,13,13,13,4,NW,NW,1,5,WNW,19,19,19,--,19,18,18,18,17,17,17,0,0,0,0,0,0,0,0,0,0.018,33,37,27,31,41,46,50,60,24,24,24,38,40,38,9,10,9,13,13,13,24,24
2/22/2024 6:30,28,28,28,34,35,34,11,17,27,27,763.4,763.4,763.2,705.9,20,20,20,43,43,43,7,7,7,13,13,13,4,NW,NW,1.1,6,NW,19,19,19,0,19,18,18,18,17,17,17,0,0,0,0,0,0,0,0,0,0.016,32,36,27,30,40,45,49,60,24,24,24,39,39,38,9,9,9,13,13,13,24,24
2/22/2024 6:45,29,29,28,34,35,34,11,18,28,28,763.5,763.5,763.4,706,20,20,20,44,44,43,7,7,7,13,13,13,4,NW,NW,1,6,NNW,19,19,19,--,19,18,18,18,17,17,17,0,0,0,0,0,0,0,0,0,0.016,30,34,25,28,38,43,46,53,24,24,24,38,39,38,9,9,9,13,13,13,24,24
2/22/2024 7:00,29,29,29,34,34,34,11,18,28,28,763.7,763.7,763.5,706.2,20,20,20,44,44,44,7,7,7,13,13,12,4,NW,NW,1,5,NW,19,19,19,--,19,18,18,18,17,17,17,0,0,6,16,0.13,0,0,0,0,0.014,30,34,25,28,37,43,46,58,24,24,24,38,39,38,9,9,9,13,13,13,24,24
2/22/2024 7:15,29,29,29,33,34,33,11,18,28,28,763.9,763.9,763.7,706.4,20,20,20,44,45,44,7,7,7,13,13,13,3,NW,NW,0.9,5,NW,20,19,19,--,19,19,19,18,18,18,17,0,0,29,44,0.63,0,0,0,0,0.014,31,35,26,28,38,44,47,55,24,24,24,38,39,38,9,9,9,13,13,13,24,24
2/22/2024 7:30,30,30,29,32,33,32,11,18,29,29,764,764,763.9,706.5,20,20,20,45,45,44,8,8,7,13,13,13,4,NW,NW,0.9,5,NW,19,19,19,0.1,19,18,19,18,17,18,17,0,0,65,88,1.4,0,0,0,0,0.017,30,34,25,28,38,43,46,55,24,25,24,38,39,38,9,9,9,13,13,13,24,24
2/22/2024 7:45,30,30,30,31,32,31,11,18,29,29,764.3,764.3,764,706.8,20,20,20,45,45,45,8,8,8,13,13,13,4,NW,NW,0.9,5,NW,20,19,19,--,19,19,19,18,18,18,17,0,0,115,141,2.48,1,1,0.1,0,0.019,30,34,25,28,37,43,46,55,25,25,24,38,39,38,10,10,9,13,13,13,24,24
2/22/2024 8:00,31,31,30,31,31,31,12,19,30,30,764.5,764.6,764.3,707,21,21,20,46,46,45,9,9,8,14,14,13,3,NNW,NNW,0.8,5,NNW,21,20,20,--,20,20,20,19,19,19,18,0,0,173,200,3.71,1,1,0.1,0,0.024,30,35,24,28,37,44,46,55,25,25,25,38,39,38,10,10,10,14,14,13,25,25
2/22/2024 8:15,32,32,31,30,31,30,12,19,31,31,764.6,764.6,764.5,707,21,22,21,45,46,45,9,9,9,15,15,14,3,NNW,NNW,0.8,6,NNW,22,21,21,--,21,21,21,20,21,21,19,0,0,230,257,4.95,1,2,0.1,0,0.033,31,36,25,28,38,45,47,57,26,26,25,38,38,38,11,11,10,14,14,14,25,25
2/22/2024 8:30,32,32,32,30,30,30,12,19,31,31,764.7,764.8,764.6,707.2,22,23,22,44,45,44,10,10,9,15,15,14,4,NNW,NNW,0.9,6,NNW,22,21,22,0.2,22,21,21,21,22,22,21,0,0,285,311,6.14,2,2,0.2,0,0.041,31,35,25,29,38,44,47,57,26,27,26,37,38,37,11,11,11,15,15,14,26,26
2/22/2024 8:45,33,33,32,30,31,30,13,20,32,32,764.9,765,764.7,707.4,23,23,23,42,44,41,10,10,9,15,15,15,4,NNW,NNW,1,6,NNW,22,22,23,--,23,22,22,21,22,22,22,0,0,341,367,7.34,2,2,0.2,0,0.048,30,34,25,28,38,43,47,56,27,28,27,36,38,36,11,12,11,15,15,15,27,27
2/22/2024 9:00,33,33,33,29,30,29,13,20,33,33,765,765,764.9,707.4,24,24,23,41,42,41,10,10,9,16,16,15,4,NNW,NNW,1.1,7,NNW,23,22,24,--,24,23,23,22,24,24,22,0,0,397,422,8.53,3,3,0.3,0,0.056,29,34,23,28,36,43,45,56,28,28,28,35,36,35,12,12,11,15,15,15,27,27
2/22/2024 9:15,34,34,33,29,29,29,13,20,33,33,765.1,765.1,765,707.5,24,24,24,41,42,40,10,10,10,16,16,16,5,NNW,NNW,1.4,8,NNW,23,23,24,--,24,22,23,22,23,24,23,0,0,450,476,9.69,3,4,0.3,0,0.062,27,32,22,26,34,40,41,56,29,29,28,35,35,35,12,12,11,15,16,15,28,28
2/22/2024 9:30,34,34,34,29,29,28,13,21,34,34,765.1,765.1,765,707.6,25,25,24,40,42,40,11,11,10,16,16,16,5,N,N,1.3,8,N,24,22,24,0.4,24,23,23,22,24,24,23,0,0,502,524,10.79,4,4,0.4,0,0.066,27,32,22,26,33,40,40,50,29,29,29,35,35,34,12,12,12,16,16,15,28,29
2/22/2024 9:45,35,35,34,29,29,28,14,21,34,34,765.2,765.3,765.1,707.6,25,26,25,40,40,40,11,11,11,17,17,16,5,N,NNW,1.2,8,NNW,24,24,25,--,25,24,24,23,26,26,25,0,0,552,578,11.87,4,5,0.5,0,0.073,27,32,22,26,34,40,41,54,30,30,29,35,35,34,13,13,12,16,16,16,29,29
2/22/2024 10:00,35,35,35,28,29,28,14,21,35,35,765.2,765.2,765.1,707.6,26,26,26,39,40,39,11,11,11,17,17,17,5,N,NNW,1.2,8,N,25,24,25,--,25,24,24,24,26,26,25,0,0,601,621,12.93,5,5,0.5,0,0.077,26,31,22,25,33,39,39,49,30,31,30,34,35,34,13,13,13,17,17,16,30,30
2/22/2024 10:15,36,36,35,28,28,28,14,21,35,35,765.3,765.3,765.2,707.7,26,27,26,38,40,38,11,11,11,17,17,17,3,NNW,N,0.8,7,N,27,25,26,--,26,26,26,24,29,29,26,0,0,643,661,13.84,5,6,0.6,0,0.083,26,30,21,25,32,38,38,55,31,31,30,33,35,33,13,14,13,17,17,16,31,31
2/22/2024 10:30,36,36,36,28,28,28,14,21,36,36,765.2,765.3,765.2,707.6,27,27,27,36,37,36,11,11,10,17,17,17,3,N,N,0.7,6,N,27,26,26,0.6,26,26,26,25,29,29,28,0,0,682,700,14.67,6,6,0.6,0,0.088,26,32,21,25,33,40,41,57,32,32,31,32,34,31,13,13,13,17,17,16,31,31
2/22/2024 10:45,36,36,36,27,28,27,14,21,36,36,765,765.2,765,707.4,27,28,27,34,35,31,10,11,8,17,17,16,3,N,N,0.7,7,N,28,27,26,--,26,26,26,26,29,29,29,0,0,718,735,15.45,6,7,0.7,0,0.093,23,29,19,24,29,36,34,49,32,33,32,30,32,29,13,13,12,16,17,16,32,32
2/22/2024 11:00,36,36,36,27,27,27,14,21,36,36,764.9,765,764.9,707.3,28,28,28,32,34,31,9,10,9,17,17,16,4,N,N,1,8,NNE,27,27,27,--,27,26,27,26,29,30,28,0,0,747,759,16.06,7,7,0.7,0,0.096,23,29,19,23,29,36,34,48,33,33,32,29,30,28,12,13,12,16,17,16,32,32
2/22/2024 11:15,36,36,36,26,27,26,14,21,36,36,764.8,764.9,764.8,707.2,28,28,28,32,33,31,10,10,9,17,17,17,3,N,N,0.8,7,NNW,28,27,27,--,27,26,27,26,29,29,29,0,0,771,786,16.57,7,7,0.8,0,0.099,25,30,21,24,32,38,37,50,33,34,33,28,29,28,13,13,12,17,17,16,33,33
2/22/2024 11:30,36,36,36,26,26,26,14,21,36,36,764.6,764.7,764.6,707,28,29,28,32,33,31,10,11,10,17,17,17,3,N,N,0.7,6,N,28,28,27,0.7,27,27,27,26,30,31,29,0,0,798,814,17.17,8,8,0.8,0,0.103,25,29,21,23,31,36,36,48,34,34,34,27,29,27,13,14,13,17,17,16,33,33
2/22/2024 11:45,37,37,36,26,26,26,14,21,36,36,764.4,764.6,764.3,706.8,28,29,28,31,32,31,10,10,10,17,17,17,4,N,NNE,0.9,7,N,28,28,27,--,27,27,27,27,30,31,30,0,0,820,831,17.63,8,8,0.9,0,0.105,25,30,22,26,31,38,36,49,34,34,34,27,29,27,13,14,12,17,17,16,34,34
2/22/2024 12:00,37,37,37,26,26,26,14,22,36,36,764,764.3,764,706.5,28,29,28,31,31,30,10,10,9,17,17,17,3,N,N,0.7,8,N,29,28,28,--,28,28,28,27,31,31,30,0,0,838,849,18.02,8,8,0.9,0,0.105,24,29,21,25,29,36,34,46,35,35,34,27,28,26,13,13,12,17,17,16,34,34
2/22/2024 12:15,37,37,37,26,26,26,14,22,37,37,763.8,764,763.8,706.2,29,29,29,30,31,29,9,10,9,17,17,17,2,N,N,0.6,7,NNW,29,29,28,--,28,28,28,27,31,31,31,0,0,847,853,18.23,8,9,0.9,0,0.11,23,27,20,22,28,34,32,45,35,36,35,25,27,25,13,14,12,17,17,16,35,35
2/22/2024 12:30,37,37,37,26,26,26,14,22,37,37,763.6,763.8,763.5,706.1,29,29,29,29,30,29,10,10,9,17,17,17,3,N,N,0.7,7,N,29,29,28,0.8,28,28,28,28,31,31,31,0,0,846,853,18.2,8,9,0.9,0,0.112,21,26,19,22,27,33,30,42,36,36,35,25,26,25,13,14,12,17,17,16,35,35
2/22/2024 12:45,37,37,37,26,26,26,14,22,37,37,763.3,763.5,763.3,705.8,29,30,29,30,30,29,10,10,9,17,17,17,3,NE,NNE,0.7,8,ENE,29,29,28,--,29,28,29,28,31,32,31,0,0,846,849,18.19,8,8,0.9,0,0.116,22,26,19,21,27,33,31,44,36,36,35,26,26,25,13,14,12,17,17,16,35,36
2/22/2024 13:00,37,37,37,26,26,26,14,22,37,37,763.1,763.3,763.1,705.6,30,30,29,29,30,29,10,10,10,18,18,17,2,N,N,0.6,5,N,30,29,29,--,29,29,29,28,32,32,31,0,0,837,844,18,8,8,0.9,0,0.118,22,26,18,21,28,33,31,44,36,37,36,25,27,24,13,14,13,17,18,17,36,36
2/22/2024 13:15,38,38,37,26,26,26,14,22,37,37,762.9,763,762.9,705.5,30,30,30,29,30,28,10,10,10,18,18,17,3,N,NNE,0.8,6,N,30,30,29,--,29,29,29,28,32,32,31,0,0,837,844,18.01,8,8,0.9,0,0.119,22,26,18,21,27,33,30,42,37,37,36,24,26,24,13,14,13,17,18,17,36,36
2/22/2024 13:30,38,38,38,26,26,26,15,22,38,38,762.6,762.9,762.6,705.2,30,30,30,29,30,29,10,10,10,18,18,17,3,NNE,NNE,0.8,6,N,30,29,29,0.8,29,29,29,28,32,32,31,0,0,815,835,17.53,8,8,0.8,0,0.119,21,26,18,20,26,33,30,46,37,37,36,25,26,24,13,14,13,17,18,17,36,37
2/22/2024 13:45,38,38,38,25,26,25,15,22,38,38,762.5,762.6,762.4,705,30,30,30,28,29,28,10,10,10,18,18,17,4,NE,NNE,1.1,10,N,30,30,29,--,29,28,29,28,31,32,31,0,0,790,805,16.99,7,8,0.8,0,0.121,22,27,19,22,27,34,30,45,36,37,36,24,26,24,13,14,13,17,18,17,36,36
2/22/2024 14:00,38,38,38,25,26,25,15,22,38,38,762.2,762.5,762.2,704.8,30,31,30,28,29,28,10,10,9,18,18,17,3,NE,NNE,0.7,7,NNE,30,30,29,--,29,29,29,28,32,32,31,0,0,782,800,16.81,7,8,0.8,0,0.124,22,26,19,22,28,33,31,44,37,37,36,25,25,24,13,14,13,17,18,17,36,37
2/22/2024 14:15,38,38,38,25,25,25,15,22,38,39,762.1,762.2,761.9,704.6,31,31,31,27,28,25,10,10,9,18,18,18,4,ENE,NE,1,11,N,31,30,30,--,30,29,30,29,32,32,32,0,0,754,782,16.21,7,7,0.7,0,0.131,21,26,18,22,26,33,30,46,37,37,36,24,25,23,13,13,12,17,17,16,36,36
2/22/2024 14:30,39,39,38,25,25,25,15,22,39,39,761.8,762,761.8,704.4,31,31,31,27,28,27,10,10,9,18,18,18,2,NE,NE,0.5,7,NE,31,30,30,0.7,30,30,30,29,33,33,31,0,0,720,738,15.49,6,6,0.7,0,0.129,20,25,18,21,26,31,28,44,37,37,36,24,25,23,13,13,12,17,17,16,36,36
2/22/2024 14:45,39,39,39,25,25,25,15,23,39,39,761.7,761.7,761.6,704.3,31,31,31,24,27,24,9,10,8,18,18,17,2,NW,N,0.4,5,NW,31,31,30,--,30,30,30,30,33,33,33,0,0,699,712,15.03,6,6,0.6,0,0.134,21,26,18,21,26,32,30,43,37,38,37,22,25,21,12,14,12,16,18,16,37,37
2/22/2024 15:00,39,39,39,25,25,25,15,23,39,39,761.4,761.6,761.4,704.1,31,32,31,27,27,24,9,10,9,18,18,18,3,ENE,ENE,0.9,8,ENE,30,30,29,--,30,29,30,29,31,33,31,0,0,653,682,14.05,6,6,0.6,0,0.133,20,24,17,21,25,30,27,37,37,38,36,24,24,22,12,13,12,16,17,16,36,37
2/22/2024 15:15,39,39,39,24,25,24,15,23,39,39,761.3,761.4,761.3,703.9,30,31,30,27,28,27,10,10,9,18,18,17,4,NNE,NNE,1,8,ENE,30,30,29,--,29,29,29,28,31,31,30,0,0,608,624,13.08,5,5,0.5,0,0.126,19,24,17,21,24,30,27,38,37,37,36,24,24,23,13,13,12,17,17,16,36,36
2/22/2024 15:30,39,39,39,24,24,24,15,22,39,39,761.1,761.3,761.1,703.8,31,31,31,26,27,26,9,10,9,18,18,18,2,NNE,NE,0.6,5,NNE,31,30,30,0.6,30,30,30,29,32,32,31,0,0,573,591,12.33,4,5,0.5,0,0.129,19,24,17,20,24,30,26,41,37,37,37,23,24,22,13,13,12,17,17,16,36,37
2/22/2024 15:45,39,39,39,24,24,24,15,22,39,39,761.1,761.1,761.1,703.8,31,32,31,26,26,25,10,10,9,18,18,18,3,N,NE,0.6,7,N,31,31,30,--,30,30,30,30,31,32,31,0,0,522,552,11.23,4,4,0.4,0,0.136,19,24,16,20,23,30,26,40,37,38,37,23,24,22,13,13,12,17,17,16,37,37
2/22/2024 16:00,38,39,38,24,24,24,14,22,38,39,761.2,761.2,761.1,703.8,31,31,31,28,28,26,10,10,9,18,18,18,4,N,NNE,1.1,8,N,31,30,29,--,30,29,30,29,30,31,30,0,0,475,499,10.21,3,4,0.4,0,0.131,19,25,17,20,24,31,26,39,37,38,37,24,24,23,13,13,13,17,17,17,36,37
2/22/2024 16:15,38,38,38,24,24,24,14,22,38,38,761.3,761.3,761.2,703.9,31,31,31,27,28,27,10,10,10,18,18,18,3,N,N,0.7,6,N,31,31,30,--,30,30,30,29,31,31,30,0,0,418,445,8.99,3,3,0.3,0,0.133,19,25,17,21,24,31,26,35,37,37,37,24,25,23,13,14,13,17,18,17,37,37
2/22/2024 16:30,38,38,38,25,25,24,14,22,37,38,761.4,761.4,761.3,704,31,31,31,27,28,27,10,10,10,18,18,18,4,NNE,NNE,0.9,7,NNE,31,31,30,0.4,30,29,30,29,30,31,30,0,0,358,388,7.71,2,3,0.2,0,0.132,20,25,17,21,25,31,28,44,37,37,37,24,24,24,13,14,13,17,17,17,36,37
2/22/2024 16:45,37,38,37,25,25,25,14,22,37,37,761.3,761.4,761.3,704,31,31,31,28,28,27,10,10,10,18,18,18,4,NNE,NNE,0.9,7,N,30,30,29,--,29,29,29,29,29,30,29,0,0,298,320,6.41,2,2,0.2,0,0.129,21,28,18,23,26,35,29,44,37,37,36,24,25,24,13,13,13,17,17,17,35,36
2/22/2024 17:00,37,37,37,25,25,25,14,21,36,37,761.5,761.5,761.3,704.1,31,31,30,28,28,28,10,10,10,18,18,18,4,NNE,NNE,0.9,8,NNE,31,30,29,--,29,29,29,29,29,29,29,0,0,248,274,5.33,1,2,0.2,0,0.127,21,30,19,22,26,37,29,46,36,36,35,25,25,24,13,13,12,17,17,16,35,35
2/22/2024 17:15,36,37,36,25,25,25,13,21,36,36,761.5,761.5,761.5,704.2,30,31,30,29,29,27,10,10,10,18,18,18,4,NNE,NNE,1.1,8,NNE,30,30,29,--,29,28,29,28,28,29,28,0,0,197,218,4.23,1,1,0.1,0,0.126,20,26,18,21,25,32,28,41,36,36,35,26,26,25,13,13,12,17,17,16,34,35
2/22/2024 17:30,36,36,36,26,26,25,13,21,35,36,761.7,761.7,761.5,704.3,30,30,30,30,30,29,10,10,10,17,18,17,6,NE,NE,1.4,8,NE,29,29,28,0.3,29,28,28,28,27,28,27,0,0,140,169,3.02,1,1,0.1,0,0.119,21,26,18,22,26,33,29,47,34,35,34,27,27,26,12,13,12,16,17,16,33,34
2/22/2024 17:45,35,36,35,26,26,26,13,21,34,35,761.8,761.8,761.6,704.4,29,30,29,30,30,29,10,10,10,17,18,17,5,NE,NE,1.3,8,ENE,28,28,28,--,28,27,28,27,26,27,26,0,0,85,111,1.83,0,1,0,0,0.115,20,27,17,21,24,34,27,46,33,34,33,28,28,27,12,12,12,16,16,16,32,33
2/22/2024 18:00,35,35,35,27,27,26,13,20,34,34,762.1,762.1,761.8,704.7,29,29,29,30,30,29,9,10,9,17,17,17,4,NE,NE,1,8,NNE,29,28,28,--,28,27,28,27,26,27,26,0,0,43,60,0.93,0,0,0,0,0.113,19,25,17,20,24,31,26,39,33,33,33,28,28,27,12,12,12,16,16,16,32,32
2/22/2024 18:15,34,35,34,27,27,27,12,20,33,34,762.2,762.2,762.1,704.8,29,29,29,31,31,30,10,10,9,17,17,17,4,NNE,NNE,1,6,NNE,28,28,28,--,28,27,28,27,26,26,26,0,0,18,28,0.39,0,0,0,0,0.11,22,27,18,22,27,34,31,48,32,33,32,29,29,28,12,12,12,16,16,16,31,32
2/22/2024 18:30,34,34,34,28,28,27,12,20,33,33,762.3,762.3,762.2,704.9,29,29,28,32,32,31,10,10,10,17,17,17,3,NNE,NNE,0.8,6,NNE,28,28,27,0.1,28,27,27,27,26,26,26,0,0,3,9,0.05,0,0,0,0,0.107,24,31,20,24,30,39,34,48,32,32,31,30,30,29,12,12,12,16,16,16,30,31
2/22/2024 18:45,33,34,33,28,28,27,12,20,32,33,762.4,762.4,762.3,705,28,28,28,32,32,32,10,10,10,17,17,17,3,NNE,NNE,0.7,5,NNE,28,28,27,--,27,27,27,27,26,26,26,0,0,0,0,0,0,0,0,0,0.103,24,29,21,23,30,36,34,47,31,32,31,30,30,30,12,12,12,16,16,16,30,30
2/22/2024 19:00,33,33,33,28,28,28,12,19,31,32,762.5,762.5,762.4,705.1,28,28,28,33,34,32,10,10,10,17,17,17,2,NNE,NNE,0.5,4,NE,28,28,27,--,27,27,27,27,26,26,25,0,0,0,0,0,0,0,0,0,0.1,25,30,21,26,32,38,37,49,31,31,31,31,31,30,12,12,12,16,16,16,30,30
2/22/2024 19:15,32,33,32,29,29,28,12,19,31,31,762.7,762.7,762.5,705.3,28,28,27,36,36,34,11,11,10,17,17,17,2,NE,NE,0.5,3,NE,27,27,26,--,27,26,27,26,25,26,25,0,0,0,0,0,0,0,0,0,0.096,27,31,23,27,34,39,40,49,31,31,31,32,32,31,12,12,12,16,16,16,30,30
2/22/2024 19:30,32,32,32,29,29,29,12,19,31,31,762.9,762.9,762.7,705.5,27,27,27,36,37,36,11,11,11,17,17,17,2,NNE,NNE,0.4,3,NE,27,27,26,0,26,26,26,26,25,25,25,0,0,0,0,0,0,0,0,0,0.092,29,35,25,29,37,44,46,58,31,31,31,33,33,32,12,13,12,16,16,16,30,30
2/22/2024 19:45,31,32,31,30,30,29,12,19,30,31,762.9,762.9,762.9,705.5,27,27,27,38,38,36,11,11,11,17,17,17,2,NNE,NNE,0.4,3,NNE,27,27,26,--,26,26,26,26,25,25,25,0,0,0,0,0,0,0,0,0,0.089,32,37,27,30,40,46,49,60,30,31,30,33,34,33,12,13,12,16,16,16,29,30
2/22/2024 20:00,31,31,31,30,30,30,12,19,30,30,763,763,762.9,705.6,27,27,27,38,38,38,11,11,11,17,17,17,2,NNE,NNE,0.4,3,NNE,27,27,26,--,26,26,26,26,25,25,24,0,0,0,0,0,0,0,0,0,0.087,32,37,27,30,40,46,51,62,30,30,30,34,34,33,12,12,12,16,16,16,29,29
2/22/2024 20:15,31,31,31,31,31,30,12,19,30,30,763.1,763.1,763,705.7,27,27,26,39,39,38,11,11,11,17,17,17,2,NNE,NNE,0.4,4,NNE,26,26,26,--,26,26,26,26,24,25,24,0,0,0,0,0,0,0,0,0,0.086,32,35,27,29,40,44,50,58,30,30,30,34,35,34,12,12,12,16,16,16,29,29
2/22/2024 20:30,31,31,31,31,31,31,12,19,30,30,763.2,763.2,763.1,705.7,26,26,26,38,39,38,11,11,11,17,17,17,2,NNE,NNE,0.5,3,NNE,26,26,26,0,26,26,26,26,24,24,24,0,0,0,0,0,0,0,0,0,0.084,31,36,26,29,38,45,48,57,30,30,29,35,35,34,13,13,12,16,16,16,29,29
2/22/2024 20:45,31,31,31,32,32,31,12,19,30,30,763.3,763.3,763.1,705.8,26,26,26,39,39,38,11,11,11,17,17,17,2,NNE,NNE,0.5,4,N,26,26,26,--,26,26,26,26,24,24,24,0,0,0,0,0,0,0,0,0,0.084,29,34,25,28,37,43,45,58,29,29,29,36,36,35,12,13,12,16,16,16,28,29
2/22/2024 21:00,31,31,31,32,32,31,12,19,30,30,763.4,763.4,763.3,705.9,26,26,26,39,39,39,11,11,11,17,17,17,2,NNE,NNE,0.4,2,NNE,26,26,25,--,26,25,26,25,24,24,24,0,0,0,0,0,0,0,0,0,0.081,32,36,27,29,40,45,50,63,29,29,29,36,36,36,13,13,12,16,16,16,28,29
2/22/2024 21:15,31,31,31,32,32,32,12,19,29,30,763.4,763.4,763.4,705.9,26,26,26,38,39,38,11,11,10,17,17,16,2,NNE,NNE,0.4,2,NNE,26,26,25,--,25,25,25,25,24,24,24,0,0,0,0,0,0,0,0,0,0.08,32,36,27,30,40,45,51,64,29,29,29,36,37,36,12,13,12,16,16,16,28,28
2/22/2024 21:30,30,31,30,32,32,32,12,19,29,30,763.5,763.5,763.4,706,26,26,26,39,39,38,11,11,11,17,17,17,2,N,N,0.5,4,N,26,26,25,0,25,25,25,25,24,24,24,0,0,0,0,0,0,0,0,0,0.08,33,38,28,31,41,47,51,68,29,29,29,36,37,36,12,13,12,16,16,16,28,28
2/22/2024 21:45,30,30,30,32,33,32,12,19,29,29,763.7,763.7,763.5,706.2,26,26,26,40,40,39,11,11,11,17,17,17,2,N,N,0.4,3,N,26,26,25,--,25,25,25,25,24,24,24,0,0,0,0,0,0,0,0,0,0.079,33,37,28,31,41,46,50,61,29,29,29,37,37,36,12,12,12,16,16,16,28,28
2/22/2024 22:00,30,30,30,33,33,32,12,19,29,29,763.8,763.8,763.7,706.3,26,26,26,40,41,39,11,12,11,17,17,16,0,N,NNE,0.1,2,SE,26,26,25,--,25,25,25,25,23,24,23,0,0,0,0,0,0,0,0,0,0.077,32,37,27,31,40,46,50,62,28,29,28,37,38,36,12,13,12,16,16,16,28,28
2/22/2024 22:15,30,30,30,33,33,33,12,19,29,29,763.8,763.9,763.8,706.3,26,26,26,38,40,38,11,11,10,16,17,16,0,NE,E,0,1,SE,26,26,25,--,25,25,25,25,23,24,23,0,0,0,0,0,0,0,0,0,0.076,32,36,27,30,40,45,51,64,28,28,28,38,38,37,13,13,12,16,16,16,27,28
2/22/2024 22:30,30,30,30,33,33,33,12,19,29,29,763.9,763.9,763.8,706.4,26,26,26,38,39,38,10,11,10,16,16,16,1,N,NNW,0.2,2,NW,26,26,25,0,25,25,25,25,24,24,23,0,0,0,0,0,0,0,0,0,0.077,32,36,26,29,40,45,49,60,28,28,28,38,38,38,12,13,12,16,16,16,27,28
2/22/2024 22:45,30,30,30,33,33,33,12,19,29,29,763.8,763.9,763.8,706.3,26,26,26,37,38,36,10,10,10,16,16,16,2,NW,NW,0.5,2,NW,26,26,25,--,25,25,25,25,24,24,24,0,0,0,0,0,0,0,0,0,0.078,32,37,27,31,40,46,50,61,28,28,28,38,38,37,12,12,12,16,16,16,27,27
2/22/2024 23:00,30,30,30,33,33,33,12,19,29,29,763.8,763.9,763.8,706.3,26,26,26,37,37,36,10,10,10,16,16,16,2,NW,NW,0.5,3,NW,26,26,25,--,25,25,25,25,24,24,24,0,0,0,0,0,0,0,0,0,0.077,33,37,28,31,41,46,51,60,28,28,28,37,38,37,12,12,12,16,16,16,27,27
2/22/2024 23:15,30,30,30,33,33,33,12,19,29,29,764,764,763.9,706.5,25,26,24,40,40,36,10,10,9,15,16,15,2,E,E,0.5,5,ESE,24,24,23,--,25,23,25,23,22,24,22,0,0,0,0,0,0,0,0,0,0.066,35,39,29,33,43,49,54,65,27,28,27,36,37,36,11,12,11,15,16,15,26,27
2/22/2024 23:30,30,30,30,33,33,33,12,18,29,29,763.8,764,763.8,706.3,24,24,24,41,42,40,10,10,10,16,16,15,2,E,E,0.6,4,E,24,24,24,0,24,24,24,23,22,22,22,0,0,0,0,0,0,0,0,0,0.059,35,40,29,33,44,50,55,69,27,27,27,39,39,36,12,12,11,15,15,15,26,26
2/22/2024 23:45,30,30,30,33,33,33,12,18,29,29,763.7,763.8,763.7,706.2,24,25,24,40,42,40,10,10,10,16,16,16,1,ENE,ENE,0.3,3,ENE,25,24,24,--,24,24,24,24,23,23,22,0,0,0,0,0,0,0,0,0,0.064,35,38,29,32,43,48,54,62,27,27,27,39,39,38,12,12,12,15,15,15,26,26
2/23/2024 0:00,30,30,30,33,33,33,12,18,29,29,763.6,763.7,763.6,706.1,25,25,25,40,40,40,10,11,10,16,16,16,2,NE,NE,0.5,4,ENE,25,25,24,--,24,24,24,24,23,23,23,0,0,0,0,0,0,0,0,0,0.068,34,40,28,32,42,50,53,67,27,27,27,38,39,38,12,12,12,15,15,15,26,26
2/23/2024 0:15,30,30,30,34,34,33,12,18,29,29,763.5,763.6,763.5,706.1,25,25,25,40,40,40,10,11,10,16,16,16,2,NE,NE,0.5,4,ENE,25,25,24,--,24,24,24,24,23,23,23,0,0,0,0,0,0,0,0,0,0.07,32,37,27,30,41,46,50,60,27,27,27,39,39,38,12,12,12,15,16,15,26,26
2/23/2024 0:30,30,30,29,34,34,33,12,18,29,29,763.4,763.5,763.4,706,25,25,25,40,40,40,11,11,10,16,16,16,1,E,ENE,0.3,3,NE,25,25,24,0,25,24,25,24,23,23,23,0,0,0,0,0,0,0,0,0,0.071,32,38,26,30,40,47,49,60,27,27,27,39,39,38,12,12,12,15,16,15,26,27
2/23/2024 0:45,29,30,29,34,34,34,12,18,29,29,763.4,763.4,763.4,705.9,25,25,25,41,41,40,11,11,10,16,16,16,2,ENE,ENE,0.4,4,ENE,25,25,24,--,25,24,25,24,23,23,23,0,0,0,0,0,0,0,0,0,0.07,32,37,27,29,40,46,50,59,27,27,27,40,40,38,12,12,12,16,16,15,26,26
2/23/2024 1:00,29,29,29,34,34,34,12,18,29,29,763.3,763.3,763.3,705.8,25,25,25,42,42,41,11,11,11,16,16,16,2,ENE,ENE,0.5,4,ENE,25,25,24,--,24,24,24,24,23,23,23,0,0,0,0,0,0,0,0,0,0.069,33,38,28,30,41,47,52,63,27,27,27,40,40,39,12,12,12,16,16,16,26,26
2/23/2024 1:15,29,29,29,34,34,34,12,18,28,29,763.2,763.3,763.2,705.7,24,25,23,45,45,42,11,11,10,16,16,15,2,N,N,0.4,3,NE,23,23,23,--,24,23,24,23,21,23,21,0,0,0,0,0,0,0,0,0,0.058,34,38,28,32,42,48,53,62,27,27,27,40,40,39,12,12,12,15,16,15,26,26
2/23/2024 1:30,29,29,29,34,34,34,12,18,28,28,763.1,763.2,763.1,705.7,23,23,23,46,46,45,11,11,10,15,16,15,2,NNW,NNW,0.4,3,N,23,23,22,0,23,22,23,22,21,21,21,0,0,0,0,0,0,0,0,0,0.048,35,40,30,33,44,50,55,64,27,27,27,40,40,39,12,12,12,15,16,15,26,26
2/23/2024 1:45,29,29,29,34,34,34,12,18,28,28,763,763.1,763,705.6,23,23,23,46,47,46,11,11,11,16,16,15,2,NNE,NNE,0.4,3,NNE,23,23,23,--,23,23,23,22,21,21,21,0,0,0,0,0,0,0,0,0,0.048,36,41,30,34,45,51,56,67,27,27,26,40,41,40,12,12,12,15,16,15,26,26
2/23/2024 2:00,29,29,29,34,34,34,12,18,28,28,762.9,763,762.9,705.5,23,24,23,47,47,46,12,12,11,16,16,16,2,NE,NE,0.4,2,NNE,24,23,24,--,24,24,24,23,22,22,21,0,0,0,0,0,0,0,0,0,0.052,38,42,32,35,48,52,60,71,26,27,26,41,41,40,12,12,12,16,16,15,26,26
2/23/2024 2:15,29,29,29,34,34,34,12,18,28,28,762.8,762.9,762.8,705.4,24,25,24,45,46,44,12,12,11,17,17,16,2,E,E,0.6,4,E,25,24,24,--,24,24,24,24,23,23,22,0,0,0,0,0,0,0,0,0,0.062,41,49,33,39,51,61,65,75,26,26,26,42,43,41,12,12,12,16,16,16,26,26
2/23/2024 2:30,29,29,29,34,35,34,12,18,28,28,762.7,762.8,762.7,705.3,24,25,24,46,46,45,12,12,12,17,17,17,3,E,E,0.7,4,E,24,24,24,0,24,24,24,24,23,23,23,0,0,0,0,0,0,0,0,0,0.064,41,48,33,37,51,60,65,73,26,26,26,44,44,42,13,13,12,16,16,16,26,26
2/23/2024 2:45,29,29,29,35,35,34,12,18,28,28,762.6,762.7,762.6,705.2,24,24,24,46,47,46,12,12,12,17,17,17,3,E,E,0.6,3,E,24,24,24,--,24,24,24,24,23,23,23,0,0,0,0,0,0,0,0,0,0.063,39,43,32,35,49,54,63,70,26,26,26,44,44,43,13,13,13,16,16,16,26,26
2/23/2024 3:00,29,29,29,35,35,35,12,18,28,28,762.6,762.6,762.6,705.2,24,24,24,47,47,46,12,12,12,17,17,17,2,E,E,0.5,4,E,24,24,24,--,24,24,24,24,23,23,23,0,0,0,0,0,0,0,0,0,0.063,39,44,32,35,49,55,63,74,26,26,26,45,45,44,13,13,13,16,16,16,26,26
2/23/2024 3:15,29,29,29,35,35,35,12,18,28,28,762.5,762.6,762.5,705.1,24,24,24,47,47,47,12,12,12,17,17,17,2,E,E,0.5,4,ENE,24,24,24,--,24,24,24,24,23,23,23,0,0,0,0,0,0,0,0,0,0.061,43,51,34,40,54,64,69,78,26,26,26,45,45,44,13,13,13,16,16,16,25,26
2/23/2024 3:30,29,29,29,36,36,35,12,18,28,28,762.4,762.5,762.4,705,24,24,24,48,48,47,12,12,12,17,17,16,2,E,ENE,0.4,4,ENE,24,24,24,0,24,24,24,24,22,23,22,0,0,0,0,0,0,0,0,0,0.058,43,50,34,39,54,63,69,78,26,26,26,45,46,44,13,13,13,16,16,16,25,26
2/23/2024 3:45,29,29,29,36,36,36,12,18,28,28,762.6,762.6,762.3,705.2,23,24,22,51,51,48,11,12,11,15,17,15,3,NE,NNE,0.8,8,N,21,21,21,--,24,21,24,21,20,22,20,0,0,0,0,0,0,0,0,0,0.052,45,52,34,40,56,66,70,79,26,26,26,44,46,44,12,13,12,16,16,16,25,26
2/23/2024 4:00,29,29,29,36,36,36,12,18,28,28,762.7,762.7,762.6,705.2,21,22,20,53,53,51,10,11,10,14,15,14,4,N,N,1.1,7,NNW,19,19,19,--,21,19,21,18,18,20,17,0,0,0,0,0,0,0,0,0,0.023,40,46,32,37,50,58,63,74,26,26,25,43,44,43,12,12,12,15,16,15,25,25
2/23/2024 4:15,29,29,29,36,36,36,12,18,28,28,762.7,762.7,762.6,705.3,20,20,20,53,54,53,10,10,10,14,14,14,3,NNW,NNW,0.9,5,NNW,20,19,19,--,19,19,19,19,18,18,18,0,0,0,0,0,0,0,0,0,0.015,41,46,34,37,51,58,64,71,25,25,25,43,43,43,12,12,12,15,15,15,25,25
2/23/2024 4:30,29,29,29,36,36,36,12,18,28,28,762.8,762.8,762.7,705.4,19,20,19,54,55,53,10,10,10,14,14,14,3,NW,NW,0.8,4,NW,19,19,19,0,19,19,19,19,18,18,18,0,0,0,0,0,0,0,0,0,0.012,41,47,34,39,52,59,65,73,25,25,25,43,44,43,11,12,11,15,15,15,24,25
2/23/2024 4:45,28,29,28,35,36,35,12,18,28,28,763,763,762.9,705.6,19,20,19,53,54,53,10,10,10,14,14,14,3,NW,NW,0.8,4,NW,19,19,19,--,19,19,19,19,18,18,18,0,0,0,0,0,0,0,0,0,0.012,44,56,37,46,55,71,68,77,25,25,25,43,43,43,11,11,11,15,15,15,24,24
2/23/2024 5:00,28,28,28,35,36,35,12,18,27,28,763.1,763.1,763,705.6,20,20,19,52,53,52,10,10,9,14,14,14,4,WNW,WNW,0.9,4,WNW,19,19,19,--,19,19,19,19,18,18,17,0,0,0,0,0,0,0,0,0,0.014,44,51,37,45,55,65,68,78,24,25,24,43,43,43,11,11,11,14,15,14,24,24
2/23/2024 5:15,28,28,28,35,35,35,11,18,27,27,763.2,763.2,763.1,705.7,20,20,20,51,52,51,9,10,9,14,14,14,3,WNW,WNW,0.9,4,WNW,20,19,19,--,19,19,19,19,18,18,18,0,0,0,0,0,0,0,0,0,0.016,46,52,38,43,57,66,70,77,24,24,24,43,43,43,11,11,11,14,14,14,24,24
2/23/2024 5:30,28,28,28,35,35,35,11,18,27,27,763.4,763.4,763.2,705.9,20,20,20,50,51,50,9,10,9,14,14,14,4,WNW,WNW,1,5,NW,19,19,19,0,19,19,19,19,18,18,18,0,0,0,0,0,0,0,0,0,0.016,46,52,39,45,57,66,70,77,24,24,24,43,43,42,11,11,11,14,14,14,24,24
2/23/2024 5:45,28,28,28,35,35,35,11,18,27,27,763.5,763.5,763.4,706,20,20,20,49,50,49,9,9,9,14,14,14,4,NW,NW,1,5,NW,19,19,19,--,19,18,19,18,17,18,17,0,0,0,0,0,0,0,0,0,0.018,46,55,39,45,57,69,70,78,24,24,24,42,43,42,10,11,10,14,14,14,24,24
2/23/2024 6:00,28,28,28,35,35,35,11,18,27,27,763.6,763.6,763.5,706.1,20,20,20,49,49,49,9,9,9,13,14,13,4,NW,NW,1,5,NW,19,19,19,--,19,18,19,18,17,17,17,0,0,0,0,0,0,0,0,0,0.017,43,51,37,42,54,65,68,76,24,24,24,42,42,42,10,11,10,14,14,14,24,24
2/23/2024 6:15,28,28,28,35,35,35,11,17,27,27,763.9,763.9,763.7,706.4,20,20,20,47,49,47,8,9,8,13,13,13,4,NW,NW,1.1,5,NW,19,19,19,--,19,18,18,18,17,17,17,0,0,0,0,0,0,0,0,0,0.015,42,50,36,42,53,63,66,76,24,24,24,42,42,41,10,10,10,14,14,14,24,24
2/23/2024 6:30,28,28,28,35,35,35,11,17,27,27,764,764,763.9,706.5,20,20,20,46,47,46,8,8,8,13,13,13,4,NW,NW,0.9,5,NW,19,19,19,0,19,19,19,18,18,18,17,0,0,0,0,0,0,0,0,0,0.018,38,42,32,35,48,53,60,69,24,24,24,41,42,41,10,10,10,14,14,14,24,24
2/23/2024 6:45,29,29,28,35,35,35,11,18,28,28,764.1,764.1,764,706.6,20,20,20,46,46,46,8,8,8,13,13,13,4,NW,NW,0.9,5,NNW,19,19,19,--,19,18,19,18,17,18,17,0,0,0,5,0.01,0,0,0,0,0.016,36,41,30,34,45,51,57,67,24,24,24,40,41,40,10,10,10,13,14,13,24,24
2/23/2024 7:00,29,29,29,34,35,34,12,18,28,28,764.2,764.2,764.1,706.7,20,20,19,46,46,46,8,8,8,13,13,13,3,NNW,NNW,0.9,5,NW,19,19,18,--,19,18,19,18,17,18,17,0,0,12,19,0.25,0,0,0,0,0.013,35,40,30,33,44,50,56,69,24,24,24,40,40,40,10,10,9,13,14,13,23,24
2/23/2024 7:15,29,29,29,34,34,34,12,18,28,28,764.4,764.4,764.2,706.9,19,19,19,46,46,46,8,8,8,13,13,13,4,NW,NNW,0.9,5,NW,19,19,18,--,18,18,18,18,17,17,17,0,0,33,46,0.7,0,0,0,0,0.011,35,38,28,32,43,48,54,64,24,24,24,40,40,40,10,10,9,13,13,13,24,24
2/23/2024 7:30,30,30,29,33,34,33,12,18,29,29,764.7,764.7,764.4,707.2,19,19,19,46,46,46,7,8,7,13,13,13,4,NNW,NNW,0.9,6,NNW,19,19,18,0.1,18,18,18,18,17,17,17,0,0,66,88,1.43,0,0,0,0,0.011,33,37,28,31,41,46,51,62,24,24,24,39,40,39,9,10,9,13,13,13,24,24
2/23/2024 7:45,30,30,30,32,33,32,12,18,29,29,764.8,764.8,764.7,707.3,20,20,19,45,46,45,8,8,7,13,13,13,4,NNW,NNW,1.1,6,NW,19,19,19,--,19,18,18,18,17,17,17,0,0,114,139,2.45,1,1,0.1,0,0.013,31,35,26,30,38,44,48,58,24,24,24,39,40,38,9,10,9,13,13,13,24,24
2/23/2024 8:00,31,31,30,32,32,32,12,19,30,30,765,765,764.8,707.4,20,20,20,45,45,45,8,8,7,13,13,13,5,NNW,NNW,1.2,7,NNW,19,19,19,--,19,18,18,17,17,17,17,0,0,169,195,3.64,1,1,0.1,0,0.017,29,34,24,27,36,42,45,57,24,25,24,38,39,38,9,9,9,13,13,13,24,24
2/23/2024 8:15,31,31,31,31,32,31,12,19,30,30,765.2,765.2,765,707.6,20,21,20,44,45,44,8,8,8,13,13,13,5,NNW,NNW,1.3,8,NNW,19,19,19,--,19,18,18,18,18,18,17,0,0,224,248,4.82,1,2,0.1,0,0.021,28,34,23,26,35,42,44,55,25,25,25,37,38,37,9,10,9,13,13,13,24,24
2/23/2024 8:30,32,32,31,30,31,30,12,19,31,31,765.3,765.3,765.2,707.7,21,21,21,43,44,42,8,8,8,14,14,13,5,NNW,NNW,1.2,8,N,20,19,20,0.2,20,19,19,18,19,19,17,0,0,279,306,6,2,2,0.2,0,0.028,26,33,22,25,33,41,40,57,26,26,25,36,37,36,10,10,9,14,14,13,25,25
2/23/2024 8:45,32,32,32,29,30,29,12,19,31,31,765.5,765.5,765.3,707.8,22,22,21,41,42,41,8,8,8,14,14,14,5,NNW,NNW,1.2,8,N,21,20,21,--,21,20,20,19,20,20,19,0,0,336,364,7.24,2,2,0.2,0,0.036,25,31,20,24,31,39,39,52,26,27,26,35,36,35,10,10,10,14,14,14,26,26
2/23/2024 9:00,33,33,32,30,31,29,13,20,32,32,765.5,765.6,765.5,707.9,22,22,22,40,41,40,8,8,8,14,14,14,5,N,N,1.4,8,N,21,20,22,--,22,20,20,19,21,21,20,0,0,391,417,8.42,3,3,0.3,0,0.041,24,30,20,23,30,38,37,49,27,27,27,35,37,34,10,11,10,14,15,14,26,26
2/23/2024 9:15,33,33,33,29,30,29,12,20,32,32,765.7,765.7,765.5,708.1,23,23,22,40,41,39,8,9,8,14,14,14,5,NNW,N,1.3,8,NNW,21,21,22,--,22,20,21,20,21,22,21,0,0,445,469,9.57,3,3,0.3,0,0.046,25,30,21,24,31,38,38,50,28,28,27,33,35,33,10,11,10,14,15,14,27,27
2/23/2024 9:30,34,34,33,28,29,28,13,20,33,33,765.9,765.9,765.7,708.2,23,24,23,38,40,38,8,9,8,15,15,14,5,N,N,1.4,9,N,22,21,23,0.4,23,21,21,20,23,23,21,0,0,494,517,10.63,4,4,0.4,0,0.051,24,30,21,24,30,38,36,50,28,28,28,32,34,32,10,11,10,14,14,14,27,27
2/23/2024 9:45,34,34,34,27,28,27,13,20,33,33,765.8,765.9,765.8,708.2,24,24,24,38,38,38,9,9,8,15,15,15,6,N,N,1.4,10,N,22,22,23,--,23,21,22,21,23,23,23,0,0,544,568,11.69,4,4,0.4,0,0.056,25,30,21,24,31,38,38,55,29,29,28,32,33,32,11,11,10,15,15,14,28,28
2/23/2024 10:00,34,34,34,27,27,27,13,20,34,34,765.7,765.8,765.7,708.1,25,25,24,35,38,35,8,9,8,15,15,15,5,N,N,1.3,9,NNE,23,22,24,--,24,23,23,21,24,24,23,0,0,589,608,12.68,5,5,0.5,0,0.065,25,30,21,24,31,37,36,50,29,29,29,31,33,31,11,11,11,15,15,14,28,28
2/23/2024 10:15,35,35,34,26,27,26,13,20,34,34,765.6,765.7,765.6,708,25,25,25,35,35,35,8,9,8,15,15,15,6,N,NNE,1.5,11,N,23,23,24,--,24,22,23,22,24,25,24,0,0,634,654,13.63,5,6,0.6,0,0.069,23,29,20,24,29,36,36,50,30,30,29,31,32,31,11,11,11,15,15,15,29,29
2/23/2024 10:30,35,35,35,26,27,26,13,20,34,34,765.7,765.7,765.6,708.1,25,26,25,34,35,34,9,9,8,16,16,15,6,NNE,NNE,1.5,11,NE,24,23,25,0.6,25,23,23,22,25,25,24,0,0,674,689,14.51,6,6,0.6,0,0.073,23,31,20,23,29,39,38,60,30,30,29,31,32,30,11,11,11,15,15,15,29,29
2/23/2024 10:45,35,35,35,26,26,26,13,21,34,34,765.5,765.7,765.5,707.9,26,26,25,34,34,34,8,9,8,15,16,15,6,NNE,NNE,1.5,12,NNE,24,24,25,--,25,23,23,23,25,25,25,0,0,710,724,15.27,6,6,0.7,0,0.075,22,30,19,23,28,38,34,51,30,31,30,30,31,29,11,11,11,15,15,15,29,29
2/23/2024 11:00,35,35,35,26,26,26,13,21,35,35,765.4,765.5,765.4,707.8,26,26,25,34,35,34,9,9,8,16,16,15,6,NE,NNE,1.5,11,NE,24,24,25,--,25,23,23,23,25,25,25,0,0,745,765,16.03,7,7,0.7,0,0.075,23,30,20,26,29,37,34,55,30,31,30,30,31,30,11,11,11,15,15,15,29,29
2/23/2024 11:15,36,36,35,26,26,26,13,21,35,35,765.3,765.4,765.3,707.7,26,26,26,34,35,34,9,9,8,16,16,15,6,NE,NE,1.4,10,NNE,24,24,25,--,25,23,23,23,26,26,25,0,0,775,789,16.68,7,7,0.8,0,0.076,24,29,20,24,30,36,36,49,30,31,30,30,31,30,11,11,11,15,15,15,29,29
2/23/2024 11:30,36,36,36,26,26,26,13,21,35,35,765,765.3,765,707.5,26,26,26,34,36,34,9,10,9,16,16,16,5,NNE,NNE,1.3,9,NNE,25,24,25,0.7,25,24,24,23,27,27,25,0,0,797,805,17.14,8,8,0.8,0,0.078,24,31,20,24,30,39,35,53,31,32,30,29,31,29,11,12,11,15,16,15,30,30
2/23/2024 11:45,36,36,36,25,26,25,13,21,35,35,764.7,765,764.7,707.2,26,27,26,34,34,33,9,9,9,16,16,16,5,NNE,NNE,1.2,9,NNE,25,25,25,--,26,24,25,24,27,28,26,0,0,816,824,17.54,8,8,0.8,0,0.085,22,27,19,22,28,34,33,51,32,32,32,29,30,28,12,12,11,16,16,15,31,31
2/23/2024 12:00,36,36,36,25,26,25,13,21,35,35,764.4,764.7,764.4,706.9,26,27,26,33,34,32,9,9,8,16,16,16,5,NNE,NNE,1.4,8,NE,25,25,26,--,26,24,24,24,27,27,26,0,0,832,842,17.9,8,8,0.9,0,0.084,22,28,19,23,28,35,33,46,32,33,32,28,30,28,12,12,11,16,16,15,31,31
2/23/2024 12:15,36,36,36,25,25,25,13,21,35,35,764.2,764.4,764.2,706.6,27,27,26,33,34,31,9,9,8,16,16,16,5,N,NNE,1.2,8,NNE,26,25,26,--,26,25,25,24,28,28,27,0,0,846,851,18.21,8,8,0.9,0,0.086,20,26,18,22,25,32,30,44,33,33,33,27,28,27,12,12,11,16,16,15,32,32
2/23/2024 12:30,36,36,36,25,25,25,13,21,35,35,764,764.2,764,706.5,27,27,27,32,33,32,9,9,9,16,16,16,5,NNE,NNE,1.2,9,NE,26,26,26,0.8,26,25,25,25,28,28,27,0,0,853,856,18.35,8,8,0.9,0,0.09,19,25,17,22,24,31,28,43,34,34,33,27,28,26,12,12,12,16,16,16,32,33
2/23/2024 12:45,36,36,36,25,25,25,13,21,35,35,763.7,764,763.7,706.2,27,27,27,32,33,32,9,9,9,16,17,16,4,N,NNE,1.1,9,NNE,26,26,26,--,26,25,26,25,28,28,28,0,0,855,858,18.38,8,8,0.9,0,0.091,21,26,18,22,26,33,32,46,34,34,33,26,28,26,12,13,12,16,16,16,33,33
2/23/2024 13:00,36,36,36,25,25,25,13,21,36,36,763.5,763.7,763.5,706.1,27,28,27,32,33,32,10,10,9,17,17,16,4,N,NNE,1,8,N,27,26,27,--,27,26,26,25,29,29,28,0,0,851,858,18.31,8,8,0.9,0,0.095,22,27,19,23,28,34,32,47,34,35,34,27,27,26,13,13,12,17,17,16,33,34
2/23/2024 13:15,37,37,36,25,25,25,13,21,36,36,763.2,763.5,763.2,705.7,28,28,28,33,33,32,10,10,10,17,17,17,3,NE,NE,0.9,8,NE,28,27,27,--,27,27,27,26,30,30,29,0,0,846,849,18.19,8,8,0.9,0,0.097,22,27,20,23,28,34,33,46,34,35,34,27,28,26,13,13,12,17,17,16,34,34
2/23/2024 13:30,37,37,37,25,25,25,14,21,36,36,763,763.2,763,705.6,28,28,28,32,33,32,10,10,10,17,17,17,3,NNE,NE,0.9,7,NNE,28,28,27,0.8,27,27,27,26,30,30,29,0,0,834,842,17.94,8,8,0.9,0,0.101,22,28,20,22,27,35,32,46,35,35,35,26,29,26,13,14,13,17,18,16,34,35
2/23/2024 13:45,37,37,37,25,25,25,14,22,37,37,762.8,763,762.8,705.4,28,28,28,33,34,32,10,11,10,17,17,17,3,N,N,0.8,7,N,28,27,27,--,27,27,27,26,30,30,29,0,0,818,833,17.59,8,8,0.8,0,0.101,22,26,20,22,28,33,33,43,36,36,35,26,26,25,13,14,13,17,17,17,35,35
2/23/2024 14:00,37,37,37,25,25,25,14,22,37,37,762.7,762.8,762.7,705.2,29,29,28,31,32,31,10,11,10,17,18,17,3,N,NNE,0.8,6,NNW,29,28,28,--,28,28,28,27,31,31,31,0,0,793,805,17.07,7,8,0.8,0,0.109,22,29,19,22,28,36,32,46,36,36,36,26,27,25,13,14,13,17,17,17,35,35
2/23/2024 14:15,38,38,37,25,25,25,14,22,37,37,762.5,762.7,762.5,705.1,29,29,29,31,31,30,10,10,10,17,17,17,2,NNE,NE,0.6,7,NE,29,29,28,--,28,28,28,28,31,31,31,0,0,764,779,16.44,7,7,0.8,0,0.11,23,39,20,32,29,49,35,64,36,36,35,26,27,25,13,14,12,17,18,16,35,35
2/23/2024 14:30,38,38,38,25,25,25,14,22,37,37,762.3,762.5,762.3,704.9,29,29,29,30,31,30,10,10,10,17,17,17,2,N,NNE,0.6,7,NNW,29,29,28,0.7,28,28,28,28,30,31,30,0,0,728,747,15.67,6,7,0.7,0,0.112,23,29,19,23,28,36,33,52,36,37,36,24,26,24,13,13,13,17,17,17,36,36
2/23/2024 14:45,38,38,38,25,25,24,14,22,38,38,762.2,762.3,762.2,704.8,29,29,29,30,31,29,10,10,9,17,17,17,1,NNW,N,0.4,5,NW,29,29,28,--,28,28,28,28,31,31,30,0,0,692,708,14.89,6,6,0.6,0,0.11,22,26,19,22,28,33,32,44,37,37,36,24,26,23,12,14,12,16,18,16,36,36
2/23/2024 15:00,38,38,38,24,25,24,14,22,38,38,762.1,762.2,762.1,704.7,29,30,29,30,30,29,10,11,10,18,18,17,2,NE,NE,0.4,4,N,30,29,29,--,29,29,29,28,31,32,31,0,0,655,671,14.1,5,6,0.6,0,0.117,23,29,20,24,29,36,33,47,36,37,36,25,26,24,13,14,12,17,18,16,36,36
2/23/2024 15:15,38,38,38,24,24,24,14,22,38,38,762.1,762.1,762,704.7,30,30,30,29,30,29,10,11,10,18,18,18,2,NNW,NNE,0.5,4,NE,30,30,29,--,29,29,29,29,31,32,31,0,0,614,635,13.2,5,5,0.5,0,0.12,23,27,20,22,28,34,32,44,37,37,36,24,26,24,13,14,13,17,18,17,36,37
2/23/2024 15:30,38,38,38,24,24,24,14,22,38,38,761.9,762.1,761.9,704.5,29,30,29,29,30,29,10,10,10,17,18,17,2,NW,NW,0.6,6,NW,29,29,28,0.6,29,28,29,28,30,31,30,0,0,572,589,12.3,4,5,0.5,0,0.116,23,29,20,24,29,36,34,45,37,37,36,24,25,24,13,13,12,17,17,17,36,36
2/23/2024 15:45,38,38,38,24,24,24,14,22,38,38,761.9,761.9,761.9,704.5,30,30,29,29,30,29,10,10,10,18,18,17,2,E,NNE,0.4,5,NNE,30,29,29,--,29,29,29,28,30,31,30,0,0,524,550,11.28,4,4,0.4,0,0.119,24,28,20,23,29,35,34,44,37,37,36,25,25,24,13,14,13,17,18,17,36,37
2/23/2024 16:00,38,38,38,24,24,24,14,22,37,38,761.9,761.9,761.8,704.5,30,30,29,30,30,29,10,10,10,17,18,17,3,NNW,NNW,0.8,6,N,29,29,28,--,29,28,29,28,30,30,30,0,0,478,499,10.28,3,4,0.3,0,0.119,23,29,20,23,29,36,34,49,37,37,36,24,25,24,13,13,13,17,17,17,36,36
2/23/2024 16:15,37,38,37,24,24,24,14,22,37,37,761.8,761.8,761.8,704.4,30,30,29,28,30,28,10,10,10,18,18,17,1,NE,NNE,0.3,4,ENE,30,29,29,--,29,29,29,28,30,30,30,0,0,425,455,9.15,3,3,0.3,0,0.121,24,30,20,26,30,38,35,49,37,37,36,25,25,24,13,13,12,17,17,16,35,36
2/23/2024 16:30,37,37,37,25,25,24,14,21,36,37,761.8,761.8,761.7,704.4,30,30,30,29,30,29,10,10,10,18,18,18,3,ENE,NE,0.7,6,N,30,30,29,0.4,29,29,29,29,29,30,29,0,0,352,387,7.58,2,2,0.2,0,0.12,24,29,21,24,30,36,36,46,36,36,36,25,26,25,13,13,13,17,17,17,35,35
2/23/2024 16:45,37,37,37,25,25,25,13,21,36,36,761.9,761.9,761.8,704.5,30,30,30,29,29,29,10,10,10,18,18,17,3,N,NNW,0.7,5,NNW,30,30,29,--,29,29,29,28,29,29,29,0,0,298,322,6.41,2,2,0.2,0,0.121,24,29,20,23,30,36,35,46,36,36,36,25,25,24,13,13,13,17,17,17,35,35
2/23/2024 17:00,36,37,36,25,25,25,13,21,36,36,761.9,761.9,761.8,704.5,30,30,30,29,30,29,10,10,10,18,18,17,3,NNE,NNE,0.8,6,NE,30,29,29,--,29,29,29,28,28,29,28,0,0,248,272,5.34,1,2,0.2,0,0.119,25,30,22,25,31,38,37,49,36,36,35,25,26,25,13,13,12,17,17,16,34,35
2/23/2024 17:15,36,36,36,26,26,25,13,21,35,36,761.9,761.9,761.9,704.6,30,30,30,30,30,29,10,10,10,18,18,17,3,NNE,NNE,0.8,6,NNE,30,30,28,--,29,28,29,28,28,28,28,0,0,192,218,4.13,1,1,0.1,0,0.119,26,31,23,26,32,39,39,49,35,35,35,26,26,25,12,13,12,16,17,16,34,34
2/23/2024 17:30,35,36,35,26,26,26,13,21,34,35,762.1,762.1,761.9,704.7,29,30,29,30,30,29,10,10,10,17,18,17,4,NE,NE,0.9,7,NE,29,29,28,0.2,28,28,28,28,27,28,27,0,0,135,162,2.91,1,1,0.1,0,0.116,26,32,23,26,33,40,39,58,34,35,33,27,27,26,12,12,12,16,16,16,32,34
2/23/2024 17:45,35,35,35,26,26,26,13,20,34,34,762.2,762.2,762.1,704.8,29,29,29,30,30,30,10,10,10,17,17,17,3,NE,NE,0.8,7,NNE,29,29,28,--,28,28,28,27,26,27,26,0,0,84,107,1.81,0,1,0,0,0.112,26,31,23,26,33,39,40,54,33,33,33,28,28,27,12,12,12,16,16,16,31,32
2/23/2024 18:00,34,35,34,27,27,26,12,20,33,34,762.2,762.2,762.1,704.7,29,29,29,30,30,30,9,10,9,17,17,17,4,NE,NE,1,6,NNE,28,28,28,--,28,27,28,27,26,27,26,0,0,44,60,0.95,0,0,0,0,0.109,27,32,23,27,34,40,41,53,32,33,32,29,29,28,12,12,12,16,16,16,31,31
2/23/2024 18:15,34,34,34,27,27,27,12,20,33,33,762.3,762.3,762.2,704.9,29,29,29,30,30,30,9,9,9,17,17,17,4,NE,NE,0.9,6,NNE,29,28,27,--,28,27,27,27,26,26,26,0,0,18,28,0.39,0,0,0,0,0.107,27,32,23,28,34,40,41,53,32,32,31,29,29,28,11,12,11,15,16,15,30,31
2/23/2024 18:30,33,34,33,28,28,27,12,20,32,33,762.3,762.3,762.3,704.8,28,29,28,31,31,30,9,10,9,17,17,17,2,NNE,NNE,0.5,5,NNE,28,28,27,0.1,27,27,27,27,26,26,26,0,0,2,9,0.05,0,0,0,0,0.105,28,34,24,27,35,42,42,52,31,32,31,30,30,29,12,12,11,16,16,15,30,30
2/23/2024 18:45,33,33,33,28,28,28,12,19,32,32,762.4,762.4,762.3,705,28,28,28,31,31,31,9,9,9,17,17,17,2,NNE,NNE,0.4,4,NNE,28,28,27,--,27,27,27,27,26,26,26,0,0,0,0,0,0,0,0,0,0.102,27,31,23,27,34,39,41,51,31,31,31,30,30,29,11,12,11,15,16,15,30,30
2/23/2024 19:00,32,33,32,28,28,28,11,19,31,32,762.6,762.6,762.4,705.2,28,28,28,32,32,31,10,10,9,17,17,17,3,NE,NE,0.7,4,NNE,28,28,27,--,27,27,27,27,26,26,26,0,0,0,0,0,0,0,0,0,0.099,29,35,25,29,36,44,45,56,31,31,30,31,31,30,11,12,11,15,16,15,29,30
2/23/2024 19:15,32,32,32,29,29,28,11,19,30,31,762.7,762.7,762.6,705.3,27,28,27,35,35,32,10,10,10,17,17,17,3,NE,NNE,0.6,4,NE,27,27,26,--,27,26,27,26,25,26,25,0,0,0,0,0,0,0,0,0,0.095,33,39,28,31,42,49,51,62,30,31,30,32,32,31,12,12,11,16,16,15,29,29
2/23/2024 19:30,31,32,31,29,29,29,11,19,30,30,762.8,762.8,762.7,705.3,27,27,27,37,37,35,11,11,10,17,17,17,2,NE,NE,0.6,4,NE,27,27,26,0,26,26,26,26,25,25,25,0,0,0,0,0,0,0,0,0,0.092,32,37,28,31,40,46,50,59,30,31,30,33,34,31,12,12,12,16,16,16,29,29
2/23/2024 19:45,31,31,31,30,30,29,11,19,30,30,763,763,762.8,705.5,27,27,27,40,40,37,12,12,11,17,17,17,2,NNE,NNE,0.5,5,NE,27,27,26,--,26,26,26,26,25,25,25,0,0,0,0,0,0,0,0,0,0.088,32,36,27,30,40,45,49,60,30,30,30,34,34,33,12,12,12,16,16,16,29,29
2/23/2024 20:00,31,31,31,30,30,30,11,18,30,30,762.9,763,762.9,705.5,26,27,26,42,42,40,12,12,12,17,18,17,3,NE,NNE,0.6,4,NE,26,26,26,--,26,26,26,26,25,25,25,0,0,0,0,0,0,0,0,0,0.084,33,38,28,32,42,48,51,62,30,30,29,36,37,34,13,13,12,17,17,16,29,29
2/23/2024 20:15,31,31,31,31,31,30,11,18,29,30,763.1,763.1,762.9,705.6,26,26,26,44,44,42,13,13,12,18,18,17,2,NNE,NNE,0.4,4,NNE,26,26,26,--,26,26,26,26,24,25,24,0,0,0,0,0,0,0,0,0,0.081,34,38,29,32,43,48,53,62,30,30,29,38,39,36,14,14,13,17,17,16,29,29
2/23/2024 20:30,31,31,30,31,31,31,12,19,29,29,763.2,763.2,763.1,705.7,26,26,26,45,45,44,13,13,13,18,18,18,2,NE,NE,0.5,4,NNE,26,26,25,0,26,25,26,25,24,24,24,0,0,0,0,0,0,0,0,0,0.078,35,38,30,32,44,48,54,63,29,29,29,38,39,37,13,14,13,17,17,17,29,29
2/23/2024 20:45,30,31,30,32,32,31,12,19,29,29,763.2,763.3,763.2,705.8,26,26,25,46,46,45,13,13,13,17,18,17,1,NNE,NNE,0.3,2,NNE,25,25,25,--,25,25,25,25,24,24,24,0,0,0,0,0,0,0,0,0,0.075,36,40,30,33,45,50,56,64,29,29,29,38,40,38,13,14,13,17,17,17,28,29
2/23/2024 21:00,30,30,30,32,32,32,12,19,29,29,763.4,763.4,763.3,705.9,25,25,25,46,46,46,13,13,13,18,18,17,1,NNE,NNE,0.3,3,NNE,25,25,25,--,25,25,25,25,24,24,24,0,0,0,0,0,0,0,0,0,0.074,36,42,30,33,45,53,57,71,29,29,29,39,39,38,13,14,13,17,17,17,28,29
2/23/2024 21:15,30,30,30,33,33,32,12,19,29,29,763.5,763.5,763.4,706,26,26,25,45,46,44,13,13,12,17,18,17,2,NE,NE,0.5,4,ENE,26,25,25,--,25,25,25,25,24,24,24,0,0,0,0,0,0,0,0,0,0.074,37,41,31,34,46,51,58,71,29,29,29,40,41,39,14,14,13,17,17,17,28,28
2/23/2024 21:30,30,30,30,33,33,33,12,19,29,29,763.5,763.5,763.5,706,26,26,26,45,45,45,13,13,13,17,17,17,1,ENE,ENE,0.3,2,NE,26,26,25,0,25,25,25,25,24,24,24,0,0,0,0,0,0,0,0,0,0.076,37,42,31,34,46,52,58,67,28,29,28,41,41,40,14,14,13,17,17,17,28,28
2/23/2024 21:45,30,30,30,34,34,33,12,19,29,29,763.6,763.6,763.4,706.1,25,26,25,45,45,45,12,13,12,17,17,17,1,E,E,0.3,4,ESE,25,25,25,--,25,25,25,25,23,24,23,0,0,0,0,0,0,0,0,0,0.073,38,42,32,34,47,52,60,71,28,28,28,42,42,41,13,14,13,17,17,17,27,28
2/23/2024 22:00,30,30,30,34,34,34,12,19,29,29,763.5,763.6,763.5,706.1,24,25,24,45,46,45,12,12,12,16,17,16,2,ESE,ESE,0.6,4,ESE,24,24,24,--,25,24,25,24,23,23,23,0,0,0,0,0,0,0,0,0,0.064,53,98,40,65,67,123,81,141,28,28,27,40,42,40,13,13,13,16,17,16,27,27
2/23/2024 22:15,30,30,30,34,34,34,12,19,29,29,763.5,763.6,763.5,706,24,24,24,47,47,45,12,12,11,16,16,16,2,ESE,ESE,0.5,3,E,24,24,24,--,24,24,24,24,22,23,22,0,0,0,0,0,0,0,0,0,0.058,75,101,54,66,95,127,107,141,27,28,27,41,41,40,12,13,12,16,16,16,26,27
2/23/2024 22:30,30,30,30,34,34,34,12,19,29,29,763.5,763.5,763.5,706,24,24,24,48,49,47,12,12,12,17,17,16,2,ESE,ESE,0.6,3,ESE,24,24,24,0,24,24,24,24,23,23,22,0,0,0,0,0,0,0,0,0,0.058,61,76,46,55,76,96,86,106,27,27,26,42,43,41,13,13,12,16,16,16,26,26
2/23/2024 22:45,29,30,29,35,35,34,12,19,29,29,763.5,763.5,763.4,706,24,24,24,48,48,48,12,12,12,17,17,17,2,ESE,ESE,0.6,4,E,24,24,24,--,24,24,24,24,23,23,23,0,0,0,0,0,0,0,0,0,0.059,44,55,35,43,55,70,69,79,27,27,26,43,44,42,13,13,13,16,16,16,26,26
2/23/2024 23:00,29,30,29,35,35,35,12,19,29,29,763.4,763.5,763.4,705.9,24,24,24,50,50,48,13,13,12,17,17,17,3,ESE,ESE,0.6,4,ESE,24,24,24,--,24,24,24,24,23,23,23,0,0,0,0,0,0,0,0,0,0.06,41,49,34,38,51,61,65,76,26,27,26,45,45,43,13,13,13,16,17,16,26,26
2/23/2024 23:15,29,29,29,35,35,35,12,19,28,29,763.3,763.4,763.3,705.8,24,24,24,49,50,49,12,13,12,17,17,17,3,ESE,ESE,0.7,4,ESE,24,24,24,--,24,24,24,24,23,23,23,0,0,0,0,0,0,0,0,0,0.058,40,46,33,36,50,57,64,72,26,26,26,45,45,44,13,13,13,16,17,16,26,26
2/23/2024 23:30,29,29,29,35,35,35,12,19,28,29,763.2,763.3,763.2,705.7,24,24,24,49,49,48,13,13,12,17,17,17,2,ESE,ESE,0.6,3,ESE,24,24,24,0,24,24,24,24,23,23,23,0,0,0,0,0,0,0,0,0,0.058,40,45,33,38,50,56,63,72,26,26,26,45,45,44,13,13,13,16,16,16,26,26
2/23/2024 23:45,29,29,29,36,36,35,12,18,28,28,763.1,763.1,763.1,705.7,24,24,24,50,50,49,12,13,12,17,17,17,2,ESE,ESE,0.5,3,ESE,24,24,24,--,24,24,24,23,22,23,22,0,0,0,0,0,0,0,0,0,0.056,40,44,33,37,50,55,63,69,26,27,26,44,45,44,13,13,13,16,17,16,26,26
2/24/2024 0:00,29,29,29,36,36,36,12,18,28,28,763,763.1,763,705.6,24,24,24,48,50,48,12,12,12,17,17,17,2,SE,SE,0.5,4,SE,24,24,24,--,24,24,24,23,23,23,22,0,0,0,0,0,0,0,0,0,0.056,41,45,34,37,51,56,65,72,26,27,26,43,44,43,13,13,13,16,17,16,26,26
2/24/2024 0:15,29,29,29,36,36,36,12,18,28,28,762.9,763.1,762.9,705.4,24,24,24,48,48,47,12,12,12,17,17,17,2,ESE,ESE,0.4,3,SE,24,24,24,--,24,24,24,24,22,23,22,0,0,0,0,0,0,0,0,0,0.059,41,48,34,38,52,60,66,75,27,27,26,43,44,43,13,13,13,16,16,16,26,26
2/24/2024 0:30,29,29,29,36,36,36,12,18,28,28,762.7,762.9,762.7,705.3,24,24,24,48,48,48,12,12,12,17,17,17,2,ESE,ESE,0.6,4,ESE,24,24,24,0,24,24,24,24,23,23,22,0,0,0,0,0,0,0,0,0,0.058,42,48,35,39,53,60,67,77,27,27,26,44,44,43,13,13,13,16,16,16,26,26
2/24/2024 0:45,29,29,29,36,36,36,12,18,28,28,762.6,762.7,762.6,705.2,24,24,24,48,48,48,12,12,12,17,17,17,3,ESE,ESE,0.7,4,ESE,24,24,24,--,24,24,24,24,23,23,23,0,0,0,0,0,0,0,0,0,0.058,45,55,37,43,56,69,70,82,26,26,26,44,44,43,13,13,13,16,16,16,26,26
2/24/2024 1:00,29,29,29,36,36,36,12,18,28,28,762.5,762.6,762.5,705.1,24,24,24,48,48,48,12,12,12,17,17,17,3,ESE,ESE,0.7,4,ESE,24,24,24,--,24,24,24,24,22,23,22,0,0,0,0,0,0,0,0,0,0.058,47,55,40,46,59,70,72,80,26,26,26,44,44,44,13,13,13,16,16,16,26,26
2/24/2024 1:15,29,29,29,36,36,36,12,18,28,28,762.4,762.5,762.4,705,24,24,24,48,48,48,12,12,12,17,17,17,3,SE,SE,0.7,4,ESE,24,24,24,--,24,24,24,24,22,23,22,0,0,0,0,0,0,0,0,0,0.057,47,53,39,44,58,67,72,79,26,26,26,44,44,44,13,13,13,16,16,16,26,26
2/24/2024 1:30,29,29,29,36,36,36,12,18,28,28,762.3,762.4,762.3,704.9,24,24,24,49,49,48,12,12,12,17,17,16,3,SE,SE,0.7,4,SE,24,24,24,0,24,24,24,24,22,22,22,0,0,0,0,0,0,0,0,0,0.056,47,53,39,45,59,67,72,79,26,26,26,44,44,44,13,13,13,16,16,16,26,26
2/24/2024 1:45,29,29,29,36,36,36,12,18,28,28,762.2,762.3,762.2,704.8,24,24,24,50,50,49,12,12,12,17,17,17,2,SE,SSE,0.6,4,SE,24,24,24,--,24,24,24,24,22,22,22,0,0,0,0,0,0,0,0,0,0.056,46,52,39,45,58,66,71,81,26,26,26,45,45,44,13,13,13,16,16,16,26,26
2/24/2024 2:00,29,29,29,36,36,36,12,18,28,28,762.1,762.3,762.1,704.7,24,24,23,52,52,50,13,13,12,17,17,17,2,SSE,SSE,0.6,4,SE,24,23,23,--,24,23,24,23,22,22,22,0,0,0,0,0,0,0,0,0,0.054,46,53,38,45,58,67,71,82,26,26,26,46,46,45,13,13,13,16,16,16,26,26
2/24/2024 2:15,29,29,29,37,37,36,12,18,28,28,762.1,762.1,762.1,704.7,23,24,23,53,53,52,13,13,13,17,17,17,3,SSE,SSE,0.7,4,SE,23,23,23,--,24,23,24,23,22,22,22,0,0,0,0,0,0,0,0,0,0.053,46,52,37,44,57,66,70,77,26,26,26,47,48,46,14,14,13,17,17,16,25,26
2/24/2024 2:30,29,29,29,37,37,37,12,18,28,28,762,762.1,762,704.6,24,24,23,54,54,52,14,14,13,17,17,17,2,SSE,SSE,0.6,4,SE,24,23,24,0,24,24,24,23,22,22,22,0,0,0,0,0,0,0,0,0,0.053,45,52,36,41,56,66,70,77,26,26,26,48,49,47,14,14,13,17,17,17,26,26
2/24/2024 2:45,29,29,29,37,37,37,12,18,28,28,761.9,762,761.9,704.6,24,24,24,56,56,54,14,14,14,18,18,17,2,SSE,SSE,0.5,3,SSE,24,24,24,--,24,24,24,24,23,23,22,0,0,0,0,0,0,0,0,0,0.055,44,50,35,41,55,63,69,77,26,26,26,50,50,48,14,15,14,17,17,17,26,26
2/24/2024 3:00,29,29,29,37,37,37,13,18,28,28,762,762,761.9,704.6,24,24,23,55,56,54,14,14,14,17,18,17,2,SE,SSE,0.6,4,SE,23,23,23,--,24,23,24,23,22,23,22,0,0,0,0,0,0,0,0,0,0.054,43,51,35,41,54,64,68,78,26,26,26,49,51,49,14,15,14,17,17,17,26,26
2/24/2024 3:15,29,29,29,38,38,37,13,18,28,28,761.9,762,761.9,704.5,23,23,23,56,56,55,14,14,14,17,17,17,3,SE,SE,0.7,4,SE,23,23,23,--,23,23,23,23,22,22,22,0,0,0,0,0,0,0,0,0,0.052,43,51,35,40,54,65,69,78,26,26,26,49,49,49,14,14,14,17,17,17,25,26
2/24/2024 3:30,28,29,28,38,38,38,13,18,28,28,761.9,762,761.9,704.5,23,23,23,57,57,56,14,14,14,17,17,17,2,SE,SE,0.6,4,SE,23,23,23,0,23,23,23,23,22,22,22,0,0,0,0,0,0,0,0,0,0.048,43,51,35,39,54,64,68,78,25,26,25,50,50,49,14,14,14,17,17,17,25,25
2/24/2024 3:45,28,29,28,38,38,38,13,18,28,28,761.8,761.9,761.8,704.4,23,23,23,59,59,57,14,14,14,17,17,17,3,SE,SE,0.7,4,SE,23,23,23,--,23,23,23,23,21,22,21,0,0,0,0,0,0,0,0,0,0.045,44,51,35,40,55,65,69,77,25,25,25,51,51,50,14,14,14,17,17,17,25,25
2/24/2024 4:00,28,28,28,38,38,38,13,18,28,28,761.7,761.8,761.7,704.3,22,23,22,60,60,59,14,14,14,17,17,17,3,ESE,ESE,0.7,4,SE,22,22,22,--,23,22,23,22,21,21,21,0,0,0,0,0,0,0,0,0,0.044,45,51,36,41,57,65,70,78,25,25,25,52,53,51,14,15,14,17,17,17,25,25
2/24/2024 4:15,28,28,28,39,39,38,13,18,28,28,761.7,761.7,761.7,704.3,22,23,22,59,60,59,14,14,14,17,17,17,3,ESE,ESE,0.7,4,ESE,22,22,22,--,23,22,23,22,21,21,21,0,0,0,0,0,0,0,0,0,0.043,46,53,36,41,58,67,71,79,25,25,25,54,54,52,15,15,14,17,17,17,25,25
2/24/2024 4:30,28,28,28,39,39,39,13,18,28,28,761.7,761.7,761.6,704.3,22,22,22,61,61,59,14,14,14,17,17,17,3,ESE,ESE,0.6,3,ESE,22,22,22,0,22,22,22,22,21,21,21,0,0,0,0,0,0,0,0,0,0.041,46,53,36,41,58,67,71,79,25,25,24,53,54,53,15,15,14,17,17,17,25,25
2/24/2024 4:45,28,28,28,39,39,39,13,18,28,28,761.8,761.8,761.7,704.4,22,22,22,62,62,61,14,14,14,17,17,17,2,ESE,ESE,0.5,3,ESE,22,22,22,--,22,22,22,22,21,21,21,0,0,0,0,0,0,0,0,0,0.039,47,54,37,41,59,68,72,79,25,25,25,53,54,53,15,15,15,17,17,17,25,25
2/24/2024 5:00,28,28,28,40,40,39,13,18,28,28,761.7,761.8,761.7,704.3,22,22,22,63,63,62,14,15,14,17,17,17,2,SE,SE,0.6,4,SE,22,22,22,--,22,22,22,22,21,21,21,0,0,0,0,0,0,0,0,0,0.038,48,55,38,43,60,70,73,80,25,25,24,55,55,53,15,15,15,17,17,17,25,25
2/24/2024 5:15,28,28,28,40,40,40,13,18,28,28,761.8,761.8,761.7,704.4,22,22,22,66,66,62,15,15,14,17,17,17,1,NE,ENE,0.3,3,E,22,22,22,--,22,22,22,22,21,21,20,0,0,0,0,0,0,0,0,0,0.037,48,55,38,43,60,70,72,79,24,25,24,55,56,54,15,15,14,17,17,17,25,25
2/24/2024 5:30,28,28,28,40,40,40,13,18,27,28,761.9,761.9,761.8,704.6,22,22,21,64,66,63,14,15,14,17,18,17,1,NNE,NE,0.3,2,NNE,21,21,21,0,22,21,22,21,20,21,20,0,0,0,0,0,0,0,0,0,0.035,48,55,38,45,60,69,73,79,25,25,25,54,57,54,15,15,15,17,18,17,25,25
2/24/2024 5:45,28,28,28,40,40,40,13,19,28,28,762.2,762.2,761.9,704.8,21,21,21,64,68,64,14,15,14,16,17,16,1,N,N,0.1,2,N,21,21,21,--,21,21,21,21,19,20,19,0,0,0,0,0,0,0,0,0,0.029,52,64,42,50,66,81,77,91,25,25,25,54,55,54,15,15,15,17,17,17,25,25
2/24/2024 6:00,28,28,28,40,40,40,13,19,27,28,762.2,762.3,762.1,704.8,21,21,21,63,70,62,14,15,13,16,17,16,1,N,NNE,0.2,2,NNE,21,21,21,--,21,21,21,21,19,20,19,0,0,0,0,0,0,0,0,0,0.025,52,59,42,48,66,75,76,88,25,25,24,53,54,53,14,15,14,17,17,17,25,25
2/24/2024 6:15,28,28,28,40,41,40,13,18,27,27,762.4,762.4,762.2,705,21,21,21,66,66,62,14,14,13,17,17,16,1,N,N,0.2,2,NNE,21,21,21,--,21,21,21,21,19,19,19,0,0,0,0,0,0,0,0,0,0.026,53,60,43,49,67,76,76,89,25,25,24,52,54,52,14,14,14,17,17,17,25,25
2/24/2024 6:30,28,28,28,41,41,40,13,18,27,27,762.6,762.6,762.4,705.2,21,21,21,62,70,62,13,15,13,16,17,16,1,ENE,NNE,0.2,2,N,21,21,21,0,21,21,21,21,19,20,19,0,0,0,0,0,0,0,0,0,0.027,58,68,48,58,73,86,80,101,24,25,24,53,53,52,14,14,14,17,17,17,25,25
2/24/2024 6:45,28,28,28,41,41,40,14,19,28,28,762.8,762.8,762.6,705.4,20,21,20,62,63,61,12,13,12,15,16,15,1,NW,NW,0.3,2,NNW,20,20,20,--,21,20,21,20,18,19,18,0,0,0,5,0.01,0,0,0,0,0.021,59,69,49,57,75,87,82,102,24,25,24,51,53,51,14,14,14,16,17,16,24,25
2/24/2024 7:00,29,29,28,40,41,40,14,19,28,28,763,763,762.8,705.5,20,20,20,63,64,61,13,13,12,15,16,15,1,WNW,NW,0.2,2,NNW,20,20,20,--,20,20,20,19,18,19,18,0,0,12,19,0.26,0,0,0,0,0.016,59,72,50,61,75,90,83,102,24,24,24,51,52,50,13,14,13,16,16,16,24,24
2/24/2024 7:15,29,29,29,40,40,40,14,19,29,29,763,763,762.9,705.5,20,20,20,76,76,64,16,16,12,17,17,15,1,NW,NW,0.2,2,NW,20,20,21,--,21,21,21,20,19,19,18,0,0,31,42,0.67,0,0,0,0,0.017,58,67,48,55,73,84,80,93,24,24,24,52,52,51,14,14,13,17,17,16,24,24
2/24/2024 7:30,29,29,29,39,40,39,14,19,29,29,763.2,763.2,763,705.8,21,21,20,74,79,74,16,17,16,18,18,18,1,ESE,ESE,0.2,1,ESE,21,20,22,0,22,22,22,21,21,21,19,0,0,60,77,1.28,0,0,0,0,0.026,57,66,47,54,72,83,81,96,24,25,24,54,57,51,15,15,14,17,18,16,25,25
2/24/2024 7:45,30,30,29,39,39,39,14,19,29,29,763.5,763.5,763.3,706.1,21,21,21,71,72,64,15,16,14,17,18,16,1,NW,N,0.2,1,NNE,21,21,21,--,22,21,22,21,20,21,20,0,0,94,113,2.02,1,1,0.1,0,0.028,61,72,50,57,77,91,86,111,25,25,25,52,55,52,14,15,14,17,18,17,25,25
2/24/2024 8:00,30,30,30,38,39,38,14,20,30,30,763.9,763.9,763.6,706.3,21,21,21,72,75,68,16,16,15,18,18,17,0,NW,NW,0,1,NW,21,21,22,--,22,22,22,21,21,21,20,0,0,135,158,2.91,1,1,0.1,0,0.029,61,69,50,56,77,87,85,101,25,26,25,53,54,52,15,15,14,18,18,17,26,26
2/24/2024 8:15,31,31,30,38,38,38,15,20,30,30,764.1,764.1,763.9,706.6,22,23,21,74,76,70,18,18,16,19,20,18,0,ENE,NNE,0,1,NNE,23,21,23,--,23,23,23,22,23,23,21,0,0,185,204,3.98,1,1,0.1,0,0.038,63,74,51,58,80,93,88,104,26,26,26,63,63,53,18,18,15,20,20,18,26,26
2/24/2024 8:30,31,31,31,38,38,38,15,21,31,31,764.2,764.2,764.1,706.7,23,23,23,75,75,72,19,19,18,20,20,19,1,NNE,NE,0.2,1,NE,23,23,24,0.1,24,24,24,23,24,24,23,0,0,240,265,5.17,2,2,0.2,0,0.048,73,100,56,73,92,125,100,136,26,26,26,60,64,57,18,19,17,20,20,19,27,27
2/24/2024 8:45,32,32,31,38,38,38,16,21,32,32,764.5,764.5,764.2,706.9,24,24,23,74,76,74,19,19,19,21,21,20,1,E,E,0.1,2,ENE,24,23,25,--,25,25,25,24,25,25,24,0,0,289,309,6.21,2,2,0.2,0,0.056,66,82,50,63,83,103,92,117,27,27,26,65,65,59,20,20,18,21,21,20,28,28
2/24/2024 9:00,33,33,32,38,38,38,16,21,33,33,764.7,764.7,764.5,707.1,24,25,24,74,74,73,19,19,19,21,21,21,1,E,E,0.2,2,ESE,25,24,26,--,26,26,26,25,26,26,25,0,0,337,364,7.25,2,3,0.2,0,0.061,63,73,47,53,80,92,87,104,27,28,27,65,65,61,20,20,19,22,22,21,29,29
2/24/2024 9:15,33,33,33,38,38,37,17,22,34,34,764.9,764.9,764.7,707.3,25,25,24,74,74,74,20,20,19,21,21,21,2,ESE,SE,0.4,4,SE,24,24,25,--,26,25,26,25,26,27,26,0,0,386,408,8.29,3,3,0.3,0,0.065,61,71,44,50,77,89,85,103,28,28,27,62,65,62,20,20,20,22,22,21,30,30
2/24/2024 9:30,34,34,33,37,38,37,17,22,34,34,764.8,765,764.8,707.3,25,25,24,72,74,72,20,20,19,21,21,21,2,SE,SE,0.5,4,SE,25,24,26,0.3,26,26,26,25,28,28,26,0,0,443,476,9.53,3,4,0.3,0,0.067,60,69,44,51,76,87,83,97,28,29,28,61,63,59,20,21,20,22,22,22,31,31
2/24/2024 9:45,34,34,34,38,38,37,18,23,35,35,764.8,764.8,764.8,707.3,25,25,25,71,72,71,20,20,19,21,21,21,3,SE,SE,0.8,6,SE,25,25,26,--,26,26,26,26,28,28,27,0,0,504,538,10.83,4,4,0.4,0,0.07,60,68,44,49,76,85,83,97,29,29,29,60,61,59,20,20,20,22,22,22,31,31
2/24/2024 10:00,35,35,34,36,38,36,18,23,36,36,764.9,764.9,764.8,707.3,25,26,25,69,71,69,20,20,19,21,22,21,4,SE,SSE,0.9,7,SSE,25,25,27,--,27,26,26,26,28,28,27,0,0,549,578,11.8,4,5,0.5,0,0.073,61,69,46,51,77,87,84,99,29,29,29,58,60,58,20,20,20,22,22,22,31,31
2/24/2024 10:15,35,35,35,36,36,36,17,23,36,36,764.8,764.8,764.8,707.3,26,26,26,68,69,68,20,20,19,21,22,21,4,SE,SE,1,8,ESE,25,25,27,--,27,26,27,26,28,29,28,0,0,574,605,12.36,5,5,0.5,0,0.078,61,69,46,52,77,87,85,100,29,30,29,58,59,57,20,20,20,22,22,22,32,32
2/24/2024 10:30,35,35,35,36,36,36,18,23,37,37,764.9,764.9,764.8,707.3,26,26,26,66,68,66,20,20,19,22,22,21,4,SE,SE,0.9,7,SE,26,25,28,0.5,28,27,27,26,29,30,28,0,0,606,636,13.03,5,5,0.6,0,0.082,61,72,46,52,77,91,84,99,30,30,29,58,58,56,20,21,20,22,22,22,32,32
2/24/2024 10:45,35,35,35,36,36,36,18,23,37,37,764.8,764.9,764.7,707.2,27,27,26,65,67,65,20,20,20,22,22,22,3,ESE,ESE,0.6,6,ESE,27,26,29,--,29,29,29,27,28,31,28,0,0,542,675,11.66,5,6,0.5,0,0.088,61,68,46,52,76,86,84,99,30,30,30,56,58,56,21,21,20,23,23,22,33,33
2/24/2024 11:00,35,36,35,35,36,35,18,23,37,37,764.6,764.8,764.6,707,27,28,27,63,65,63,20,20,20,22,22,22,4,ESE,ESE,1,7,SE,27,27,29,--,29,28,29,28,28,33,28,0,0,674,793,14.49,5,6,0.6,0,0.093,60,71,46,52,76,89,83,98,30,31,30,55,57,55,20,21,20,22,23,22,33,33
2/24/2024 11:15,35,35,35,36,36,35,17,23,36,37,764.3,764.6,764.3,706.8,27,27,27,63,64,62,20,20,19,22,22,22,3,ESE,ESE,0.8,7,E,27,26,29,--,29,28,29,28,28,28,27,0,0,208,353,4.48,3,4,0.3,0,0.092,58,67,44,51,73,84,80,92,30,30,30,56,57,54,20,21,20,22,22,22,32,33
2/24/2024 11:30,34,35,34,34,36,34,17,22,35,36,764.1,764.3,764.1,706.6,27,28,27,59,63,59,19,20,19,22,22,21,3,ESE,SE,0.8,8,SE,28,27,29,0.4,29,29,29,28,28,33,27,0,0,376,858,8.08,4,6,0.4,0,0.095,53,65,40,48,67,82,76,99,30,31,30,54,56,51,20,20,19,22,22,22,32,33
2/24/2024 11:45,35,35,34,35,35,34,17,22,36,36,764.1,764.1,764,706.6,28,29,28,52,59,52,18,19,18,21,22,21,3,SE,SE,0.8,8,SE,28,28,30,--,30,29,29,29,34,34,28,0,0,521,895,11.22,5,8,0.6,0,0.101,49,61,38,45,62,77,73,81,31,31,30,47,54,47,19,20,18,21,22,21,33,33
2/24/2024 12:00,35,35,35,34,35,34,17,23,36,36,763.8,764,763.8,706.3,29,29,29,49,52,47,17,18,17,21,21,21,2,ESE,SE,0.4,6,ESE,29,28,30,--,30,30,30,29,35,35,29,0,0,487,898,10.47,6,8,0.6,0,0.113,43,51,33,39,53,64,67,74,31,32,31,45,47,44,18,19,18,21,21,20,33,33
2/24/2024 12:15,35,35,35,34,34,34,17,23,36,36,763.6,763.8,763.6,706.1,29,29,29,47,49,46,17,17,16,21,21,21,3,SSW,S,0.7,6,SE,29,29,29,--,30,29,30,29,29,35,29,0,0,531,858,11.43,6,8,0.6,0,0.113,41,48,32,36,51,60,64,74,32,32,31,44,45,42,18,19,17,21,21,20,33,33
2/24/2024 12:30,36,36,35,34,34,34,17,23,37,37,763.5,763.6,763.5,706.1,29,30,29,44,48,44,16,17,16,21,21,20,2,S,SSW,0.4,6,SSE,30,29,30,0.5,30,30,30,29,34,36,29,0,0,549,946,11.8,6,8,0.7,0,0.114,40,45,31,35,50,56,63,72,32,33,32,40,44,40,18,18,17,21,21,20,34,34
2/24/2024 12:45,36,36,36,34,34,34,17,23,37,37,763.3,763.6,763.3,705.8,30,30,29,45,45,42,16,17,15,21,21,20,3,SE,SSE,0.7,6,SSE,30,29,30,--,30,30,30,30,29,34,29,0,0,331,881,7.13,5,7,0.5,0,0.118,39,43,31,34,49,54,62,72,33,33,32,41,42,38,18,18,17,20,21,20,33,34
2/24/2024 13:00,36,36,36,33,34,33,17,23,37,37,763,763.3,763,705.6,30,31,30,40,44,39,16,16,15,21,21,20,3,SSW,S,0.6,7,SSW,31,30,31,--,31,31,31,30,35,35,29,0,0,669,923,14.4,6,8,0.7,0,0.124,38,43,30,34,48,54,60,68,33,34,32,38,41,37,17,18,17,20,21,20,34,34
2/24/2024 13:15,36,36,36,33,33,33,17,23,37,37,762.8,763,762.8,705.4,31,31,30,38,41,38,15,16,15,20,21,20,2,S,S,0.6,6,SSE,31,30,30,--,31,30,31,30,30,35,30,0,0,299,352,6.43,5,6,0.5,0,0.128,37,40,30,33,46,50,58,65,33,33,33,37,39,36,16,17,16,19,20,19,33,34
2/24/2024 13:30,36,36,36,33,33,33,17,23,37,37,762.5,762.8,762.5,705,31,31,30,38,40,37,15,15,14,20,20,20,3,S,S,0.7,7,S,31,30,31,0.4,31,31,31,30,30,35,29,0,0,421,895,9.06,6,8,0.6,0,0.127,37,41,30,33,46,51,58,65,33,33,33,36,38,35,16,17,16,19,20,19,34,34
2/24/2024 13:45,37,37,36,32,33,32,18,23,38,39,762.2,762.4,762.2,704.8,31,32,31,37,38,35,15,15,14,20,20,20,3,SSW,SSW,0.7,8,SW,31,31,31,--,31,31,31,31,35,36,30,0,0,845,893,18.17,7,8,0.8,0,0.134,36,39,29,33,45,49,56,62,34,34,33,34,36,33,16,17,16,20,20,19,35,35
2/24/2024 14:00,37,37,37,31,32,31,18,23,39,39,762.1,762.2,762.1,704.7,31,32,31,37,37,35,15,15,14,20,21,20,3,SW,SSW,0.9,8,S,31,31,31,--,32,31,32,31,30,35,30,0,0,703,812,15.13,6,7,0.7,0,0.137,35,39,28,32,44,49,55,62,35,35,34,34,35,32,16,17,16,20,20,19,35,36
2/24/2024 14:15,37,37,36,32,32,31,17,23,38,39,761.8,762.1,761.8,704.5,31,31,30,38,38,37,15,15,14,20,20,20,3,SE,SSE,0.8,6,SE,31,30,30,--,31,30,31,30,30,34,29,0,0,303,751,6.52,4,6,0.4,0,0.129,36,39,29,32,45,49,56,64,34,34,34,35,36,34,17,17,16,20,20,19,34,35
2/24/2024 14:30,37,37,36,32,32,32,17,23,38,38,761.7,761.8,761.7,704.3,31,32,31,35,39,35,14,15,14,20,20,20,2,WSW,SW,0.5,6,SW,32,31,31,0.6,31,31,31,30,31,35,30,0,0,611,789,13.14,5,6,0.5,0,0.133,36,41,29,33,45,51,56,64,34,35,34,33,36,33,16,17,16,19,20,19,35,36
2/24/2024 14:45,37,37,36,31,32,31,17,23,38,38,761.4,761.7,761.4,704.1,32,32,31,35,35,34,15,15,14,21,21,20,3,SW,SW,0.7,6,SW,32,31,32,--,32,32,32,31,36,36,30,0,0,484,754,10.42,4,6,0.4,0,0.14,36,40,29,33,45,50,56,64,34,35,34,33,34,32,16,17,15,19,20,19,35,35
2/24/2024 15:00,38,38,37,30,31,30,17,23,39,39,761.4,761.4,761.3,704.1,32,33,32,30,35,30,13,15,13,20,21,20,2,S,S,0.6,7,S,33,32,32,--,33,32,33,32,34,36,34,0,0,662,715,14.24,5,5,0.5,0,0.148,36,40,29,32,45,50,56,64,35,36,35,30,34,30,15,17,15,19,20,19,35,36
2/24/2024 15:15,38,38,37,29,30,29,17,23,38,39,761.3,761.4,761.3,704,33,33,32,32,32,28,13,14,12,20,20,19,2,W,WSW,0.4,6,WSW,32,32,32,--,32,32,32,32,34,35,31,0,0,546,621,11.75,4,5,0.4,0,0.15,39,63,32,52,48,79,59,83,36,36,35,31,32,29,16,16,15,19,19,18,36,36
2/24/2024 15:30,37,38,37,29,29,29,16,22,37,38,761.3,761.3,761.3,703.9,32,32,31,35,35,32,14,14,14,20,20,20,3,SW,WSW,0.7,6,W,31,31,31,0.5,32,31,32,31,30,34,30,0,0,237,534,5.1,3,4,0.3,0,0.142,49,78,41,67,61,98,70,100,35,36,35,32,33,31,16,16,15,19,19,19,35,36
2/24/2024 15:45,37,37,37,29,29,29,16,22,37,37,761.2,761.3,761.2,703.8,32,32,31,33,35,33,14,14,14,20,20,20,2,SW,SW,0.5,4,WSW,32,31,32,--,32,32,32,31,33,33,30,0,0,354,462,7.62,3,3,0.3,0,0.139,37,46,30,35,47,57,58,69,35,35,34,32,33,32,16,16,15,19,19,19,35,35
2/24/2024 16:00,37,37,37,28,29,28,16,22,38,38,761,761.2,761,703.7,32,33,32,34,34,33,15,15,14,21,21,20,2,SW,SSW,0.4,4,SSW,33,32,32,--,32,32,32,32,34,34,33,0,0,472,504,10.15,3,3,0.3,0,0.147,36,39,29,32,45,49,56,64,35,35,35,32,33,32,16,17,16,20,20,19,36,36
2/24/2024 16:15,37,37,37,29,29,28,16,22,37,38,761,761.1,761,703.7,33,33,32,34,34,33,14,15,14,20,21,20,3,S,S,0.7,5,SSE,32,32,32,--,32,32,32,32,31,34,31,0,0,351,455,7.55,2,3,0.2,0,0.148,35,40,29,32,44,50,56,65,35,36,34,32,33,31,16,17,16,19,20,19,35,36
2/24/2024 16:30,35,37,35,30,30,29,15,22,35,37,761,761.1,761,703.7,32,32,31,37,37,34,15,15,14,20,21,20,3,SW,SW,0.9,7,SW,31,31,31,0.3,32,31,32,31,30,31,30,0,0,119,134,2.56,1,2,0.1,0,0.139,37,42,30,33,46,52,58,66,34,35,33,35,35,32,16,16,16,19,19,19,34,35
2/24/2024 16:45,35,35,35,29,30,29,14,21,35,35,761.1,761.1,761,703.8,31,32,31,36,37,35,15,15,15,21,21,20,3,SW,SW,0.7,5,SW,32,31,32,--,32,32,32,31,31,31,30,0,0,169,241,3.65,1,1,0.1,0,0.137,37,42,30,33,46,53,58,66,34,34,33,36,36,35,16,16,16,19,19,19,34,34
2/24/2024 17:00,35,35,35,28,29,28,14,21,34,35,761.2,761.2,761.1,703.8,32,32,32,36,36,35,15,15,15,21,21,20,2,SW,SSW,0.5,5,SW,32,32,32,--,32,32,32,31,31,31,31,0,0,179,221,3.84,1,1,0.1,0,0.141,37,41,30,33,46,51,59,69,33,34,33,35,36,35,16,16,16,19,20,19,34,34
2/24/2024 17:15,34,35,34,28,29,28,13,20,33,34,761.3,761.3,761.1,703.9,32,32,32,35,36,35,15,15,14,20,21,20,2,SSW,S,0.5,5,S,32,32,32,--,32,32,32,31,31,31,31,0,0,137,160,2.95,1,1,0.1,0,0.142,37,42,30,33,46,52,58,68,33,34,33,35,36,35,16,16,16,19,19,19,33,34
2/24/2024 17:30,34,34,34,28,28,28,13,20,33,33,761.3,761.3,761.2,704,32,32,32,36,36,35,15,15,14,20,21,20,2,SSW,SSW,0.6,4,SW,32,32,31,0.2,32,31,32,31,30,31,30,0,0,103,137,2.22,0,1,0,0,0.14,37,41,30,33,47,51,58,65,33,33,32,37,37,35,16,16,16,19,19,19,32,33
2/24/2024 17:45,33,34,33,28,28,28,12,20,32,33,761.4,761.4,761.3,704.1,31,32,31,37,37,36,15,15,15,20,21,20,2,S,S,0.4,4,S,31,31,31,--,31,31,31,31,30,30,30,0,0,60,77,1.3,0,0,0,0,0.137,37,42,30,33,47,52,58,66,32,33,32,37,38,36,16,16,16,19,19,19,32,33
2/24/2024 18:00,33,33,33,29,29,28,12,20,32,32,761.5,761.5,761.4,704.1,31,31,31,38,38,37,15,15,15,20,20,20,1,SSE,S,0.2,3,SSE,31,31,31,--,31,31,31,31,29,30,29,0,0,26,37,0.56,0,0,0,0,0.133,37,41,30,33,47,51,59,67,32,32,32,38,38,37,16,16,16,19,19,19,32,32
2/24/2024 18:15,33,33,33,30,30,29,12,20,31,32,761.7,761.7,761.5,704.3,31,31,31,37,38,37,15,15,15,20,20,20,1,S,S,0.2,3,S,31,31,31,--,31,31,31,31,30,30,29,0,0,9,18,0.18,0,0,0,0,0.133,37,41,30,33,46,51,58,66,32,32,32,38,38,38,16,16,16,19,19,19,32,32
2/24/2024 18:30,32,33,32,30,30,30,13,20,31,32,761.8,761.8,761.7,704.5,31,31,31,38,38,37,15,15,15,20,20,20,1,S,S,0.1,2,SSE,31,31,31,0.1,31,31,31,31,29,29,29,0,0,0,0,0,0,0,0,0,0.133,37,42,30,33,47,52,59,70,32,32,32,38,39,38,16,16,16,19,19,19,32,32
2/24/2024 18:45,32,32,32,30,31,30,13,19,31,31,761.9,761.9,761.8,704.5,31,31,31,38,38,38,15,15,15,20,20,20,1,SSW,SSW,0.4,3,SW,31,31,31,--,31,31,31,31,29,30,29,0,0,0,0,0,0,0,0,0,0.132,39,44,31,35,49,55,61,71,32,32,31,39,39,38,16,16,16,19,19,19,32,32
2/24/2024 19:00,31,32,31,31,31,30,12,19,31,31,762.1,762.1,761.9,704.7,31,31,30,39,39,38,15,15,15,20,20,20,2,SW,SW,0.4,3,SW,31,30,30,--,31,30,31,30,29,29,29,0,0,0,0,0,0,0,0,0,0.129,40,46,32,37,50,57,63,71,31,31,31,40,40,39,16,16,16,19,19,19,31,32
2/24/2024 19:15,31,31,31,32,32,31,12,19,30,31,762.3,762.3,762.1,704.9,30,31,30,39,39,39,15,15,15,20,20,20,1,SW,SW,0.2,2,SSW,30,30,30,--,30,30,30,30,29,29,29,0,0,0,0,0,0,0,0,0,0.126,41,47,33,36,52,59,65,72,31,31,31,39,40,39,16,16,16,19,19,19,31,31
2/24/2024 19:30,31,31,31,33,33,32,13,19,30,30,762.5,762.5,762.3,705,30,30,29,47,47,39,17,17,15,21,21,20,3,NNE,N,0.6,6,NNE,29,29,30,0,30,30,30,30,29,29,28,0,0,0,0,0,0,0,0,0,0.119,40,52,32,38,50,66,63,76,31,31,31,42,44,39,16,17,15,19,20,19,31,31
2/24/2024 19:45,31,31,31,35,35,33,13,19,30,30,762.6,762.6,762.5,705.1,29,29,29,47,48,47,17,17,17,21,21,21,3,NNE,NNE,0.7,5,NE,29,29,29,--,30,29,30,29,28,29,28,0,0,0,0,0,0,0,0,0,0.112,44,51,35,39,55,65,68,75,31,31,31,44,45,42,17,17,16,20,20,19,31,31
2/24/2024 20:00,31,31,31,36,36,35,14,20,30,30,762.7,762.7,762.6,705.3,29,29,29,47,47,47,16,17,16,21,21,21,2,NNE,NNE,0.5,4,NE,29,29,29,--,29,29,29,29,28,28,28,0,0,0,0,0,0,0,0,0,0.111,46,55,36,42,57,69,70,78,30,31,30,44,46,43,17,17,17,20,20,19,31,31
2/24/2024 20:15,31,31,31,36,37,36,14,20,30,30,762.9,762.9,762.7,705.4,29,29,29,47,47,47,16,17,16,20,21,20,2,N,N,0.6,4,N,29,29,29,--,29,29,29,29,28,28,28,0,0,0,0,0,0,0,0,0,0.109,46,53,36,41,58,67,70,79,30,30,30,44,45,44,17,17,17,20,20,19,31,31
2/24/2024 20:30,31,31,31,37,37,37,14,20,30,30,763.1,763.1,762.9,705.6,29,29,29,47,47,47,16,16,16,20,20,20,2,N,N,0.5,5,NNE,29,29,29,0,29,29,29,29,28,28,28,0,0,0,0,0,0,0,0,0,0.107,46,52,36,42,57,66,70,77,30,30,30,45,45,44,17,17,17,20,20,19,31,31
2/24/2024 20:45,30,31,30,38,38,37,14,20,30,30,763.2,763.2,763.1,705.7,29,29,28,51,51,47,17,17,16,21,21,20,2,NNE,NNE,0.6,4,N,28,28,29,--,29,29,29,29,28,28,28,0,0,0,0,0,0,0,0,0,0.106,46,53,35,41,57,67,70,78,30,30,30,48,48,44,18,18,17,20,20,19,30,31
2/24/2024 21:00,30,30,30,38,38,38,15,20,30,30,763.2,763.2,763.2,705.7,28,28,28,53,53,50,17,18,17,21,21,20,2,NE,NE,0.5,4,ENE,28,28,29,--,29,29,29,29,28,28,27,0,0,0,0,0,0,0,0,0,0.103,48,59,37,44,60,75,72,80,30,30,29,50,50,46,18,18,17,21,21,20,30,31
2/24/2024 21:15,30,30,30,39,39,38,15,20,30,30,763.3,763.3,763.2,705.8,28,28,28,56,56,53,18,18,18,21,21,21,2,E,E,0.5,4,ENE,28,28,29,--,29,29,29,29,28,28,28,0,0,0,0,0,0,0,0,0,0.101,55,67,42,49,69,84,78,96,29,29,29,53,54,50,19,19,18,21,21,20,31,31
2/24/2024 21:30,30,30,30,40,40,39,15,20,30,30,763.2,763.3,763.2,705.7,28,28,28,60,60,56,19,19,18,22,22,21,2,E,E,0.5,4,E,28,28,29,0,29,29,29,29,28,28,28,0,0,0,0,0,0,0,0,0,0.098,59,69,44,50,74,87,81,97,29,29,29,56,57,52,19,20,18,22,22,21,31,31
2/24/2024 21:45,30,30,30,40,40,40,15,20,30,30,763.2,763.2,763.2,705.7,28,28,27,61,61,60,19,19,19,22,22,22,3,E,E,0.7,6,E,27,27,29,--,29,29,29,29,28,28,28,0,0,0,0,0,0,0,0,0,0.096,61,71,45,51,76,89,84,99,29,29,29,59,59,56,20,20,19,22,22,21,30,31
2/24/2024 22:00,30,30,30,41,41,40,15,20,30,30,763.1,763.2,763.1,705.7,27,28,27,62,62,61,19,19,19,22,22,22,4,E,E,0.9,7,ESE,27,27,28,--,29,28,29,28,27,28,27,0,0,0,0,0,0,0,0,0,0.094,61,71,46,52,78,89,85,109,29,29,28,60,60,58,20,20,20,22,22,22,30,30
2/24/2024 22:15,30,30,30,42,42,41,16,20,30,30,763.1,763.2,763,705.6,27,27,27,63,63,62,19,19,19,22,22,22,4,ESE,ESE,1,7,ESE,26,26,28,--,28,28,28,27,26,27,26,0,0,0,0,0,0,0,0,0,0.092,60,69,45,54,76,87,83,101,28,28,28,61,61,59,20,20,20,22,22,22,29,30
2/24/2024 22:30,30,30,30,43,43,42,16,21,30,30,762.9,763.1,762.9,705.5,27,27,27,64,64,63,19,19,19,22,22,21,5,ESE,ESE,1.1,7,ESE,26,26,28,0,28,27,28,27,26,26,26,0,0,0,0,0,0,0,0,0,0.088,62,71,46,52,78,89,85,101,28,28,28,62,62,60,20,20,20,22,22,22,29,30
2/24/2024 22:45,30,30,30,44,44,43,16,21,30,30,763,763.1,762.9,705.6,26,27,26,66,66,64,19,19,19,21,22,21,4,ESE,ESE,1,7,ESE,26,25,27,--,28,27,27,27,26,26,26,0,0,0,0,0,0,0,0,0,0.084,57,66,42,49,72,83,80,93,28,28,27,63,64,62,20,20,20,22,22,22,29,29
2/24/2024 23:00,30,30,30,44,44,44,16,21,30,30,763.1,763.1,763,705.6,26,26,26,67,67,66,20,20,19,22,22,21,4,ESE,ESE,1,7,ESE,25,25,27,--,28,27,27,26,26,26,25,0,0,0,0,0,0,0,0,0,0.082,54,65,41,48,68,82,77,104,27,28,27,64,65,63,20,20,20,22,22,22,29,29
2/24/2024 23:15,30,30,30,45,45,44,16,21,30,30,763.1,763.1,763.1,705.6,26,26,26,68,68,67,20,20,19,22,22,21,4,ESE,ESE,1,6,ESE,25,25,27,--,27,27,27,26,26,26,25,0,0,0,0,0,0,0,0,0,0.081,53,64,40,47,67,81,76,90,27,28,27,65,66,64,20,20,20,22,22,22,29,29
2/24/2024 23:30,30,30,30,45,45,45,17,21,30,30,763.1,763.2,763.1,705.7,26,26,26,70,70,68,20,20,20,22,22,22,3,ESE,ESE,0.8,7,ESE,25,25,27,0,27,26,27,26,25,26,25,0,0,0,0,0,0,0,0,0,0.079,51,59,38,45,65,75,74,81,27,27,27,67,67,64,21,21,20,22,22,22,29,29
2/24/2024 23:45,30,30,30,46,46,45,17,21,30,30,763.1,763.2,763.1,705.7,26,26,26,72,72,70,20,20,20,22,22,22,3,ESE,ESE,0.8,7,E,26,25,27,--,27,27,27,26,26,26,25,0,0,0,0,0,0,0,0,0,0.076,50,59,38,43,63,74,73,82,27,27,27,68,69,66,21,21,20,22,22,22,29,29
2/25/2024 0:00,30,30,30,45,46,45,17,21,30,30,763.1,763.2,763.1,705.6,26,26,25,72,72,72,20,20,20,22,22,22,1,E,ENE,0.3,4,ESE,26,25,27,--,27,27,27,27,25,26,25,0,0,0,0,0,0,0,0,0,0.074,48,58,36,43,60,73,72,80,27,27,27,67,69,64,21,21,20,22,22,22,29,29
2/25/2024 0:15,30,30,30,46,46,45,17,21,30,30,762.9,763.1,762.9,705.5,25,26,25,74,74,72,20,20,20,22,22,22,2,E,E,0.6,5,E,25,25,27,--,27,27,27,27,26,26,25,0,0,0,0,0,0,0,0,0,0.074,49,58,37,42,62,73,72,84,27,27,27,70,71,66,21,21,20,22,22,22,29,29
2/25/2024 0:30,30,30,30,47,47,46,17,21,30,30,762.8,762.9,762.8,705.4,25,25,25,75,75,74,20,20,20,22,22,22,3,E,E,0.8,6,E,25,25,26,0,27,26,27,26,25,26,25,0,0,0,0,0,0,0,0,0,0.071,47,57,35,40,59,72,72,79,27,27,26,70,72,69,21,21,21,22,22,22,29,29
2/25/2024 0:45,30,30,29,47,47,46,17,21,30,30,762.7,762.8,762.7,705.3,25,25,25,75,75,75,20,20,20,22,22,22,3,ESE,ESE,0.7,5,E,25,25,26,--,26,26,26,26,25,25,25,0,0,0,0,0,0,0,0,0,0.069,52,65,38,47,65,82,75,93,27,27,27,71,71,69,21,21,21,22,22,22,28,29
2/25/2024 1:00,29,30,29,48,48,47,17,21,30,30,762.6,762.7,762.6,705.2,25,25,25,77,77,75,20,20,20,22,22,21,4,ESE,E,0.9,6,E,24,24,26,--,26,25,26,25,24,25,24,0,0,0,0,0,0,0,0,0,0.067,47,54,35,40,58,68,71,80,26,27,26,73,73,70,21,21,21,22,22,22,28,28
2/25/2024 1:15,29,29,29,48,48,48,17,21,30,30,762.5,762.7,762.5,705,24,25,24,78,78,77,20,20,20,21,22,21,4,ESE,ESE,0.9,5,E,24,24,26,--,26,25,25,25,24,24,24,0,0,0,0,0,0,0,0,0,0.064,45,51,34,39,56,64,69,77,26,26,26,73,73,72,21,21,21,22,22,22,28,28
2/25/2024 1:30,29,29,29,49,49,48,17,21,30,30,762.3,762.5,762.3,704.9,24,24,24,79,79,78,20,20,20,21,21,21,3,ESE,ESE,0.9,6,ESE,24,24,25,0,25,25,25,25,24,24,24,0,0,0,0,0,0,0,0,0,0.061,44,51,33,37,55,65,69,77,26,26,26,73,74,72,21,21,21,22,22,22,28,28
2/25/2024 1:45,29,29,29,49,50,49,17,21,30,30,762.2,762.3,762.2,704.7,24,24,24,80,80,79,20,20,20,21,21,21,3,ESE,ESE,0.9,5,ESE,23,23,25,--,25,24,25,24,23,24,23,0,0,0,0,0,0,0,0,0,0.058,44,51,34,38,55,64,69,76,26,26,26,74,75,73,21,21,21,22,22,22,27,28
2/25/2024 2:00,29,29,29,49,50,49,17,21,30,30,762.2,762.2,762.1,704.8,24,24,24,80,80,80,20,20,20,21,21,21,3,ESE,ESE,0.7,5,ESE,24,23,25,--,25,25,25,25,24,24,23,0,0,0,0,0,0,0,0,0,0.057,44,51,33,38,55,64,69,79,26,26,25,75,76,74,21,21,21,22,22,22,27,27
2/25/2024 2:15,29,29,29,49,49,49,17,21,30,30,762.2,762.3,762.2,704.7,24,24,24,81,81,80,20,20,20,21,21,21,3,E,E,0.7,5,ESE,24,24,25,--,25,25,25,25,24,24,24,0,0,0,0,0,0,0,0,0,0.057,45,51,34,38,56,65,69,76,25,26,25,76,76,74,21,21,21,22,22,22,27,27
2/25/2024 2:30,29,29,29,50,50,50,18,21,30,30,762.1,762.2,762.1,704.7,24,24,23,82,82,81,20,20,20,21,21,21,3,ESE,ESE,0.8,6,E,23,23,24,0,25,24,25,24,23,24,23,0,0,0,0,0,0,0,0,0,0.054,45,54,34,39,56,68,69,78,25,26,25,74,77,74,21,21,21,22,22,22,27,27
2/25/2024 2:45,29,29,29,50,50,50,18,21,30,30,762.2,762.2,762.1,704.7,23,24,23,81,82,81,20,20,20,21,21,21,2,E,E,0.4,4,ESE,24,23,25,--,25,25,25,24,23,23,23,0,0,0,0,0,0,0,0,0,0.053,48,63,35,44,60,79,72,89,25,26,25,76,76,73,21,21,20,22,22,22,27,27
2/25/2024 3:00,29,29,29,50,50,50,18,21,30,30,761.9,762.1,761.9,704.5,23,24,23,82,82,81,20,20,20,21,21,21,3,ESE,ESE,0.7,4,ESE,23,23,24,--,25,24,25,24,23,23,23,0,0,0,0,0,0,0,0,0,0.052,48,56,35,42,60,71,72,80,25,26,25,76,76,75,21,21,21,22,22,22,27,27
2/25/2024 3:15,29,29,29,51,51,50,18,21,30,30,761.7,761.9,761.7,704.4,23,23,23,83,83,82,20,20,20,21,21,21,3,ESE,ESE,0.7,4,ESE,23,23,24,--,24,24,24,24,23,23,23,0,0,0,0,0,0,0,0,0,0.05,44,52,34,40,56,66,69,75,25,25,25,75,77,75,21,21,21,22,22,22,27,27
2/25/2024 3:30,29,29,29,51,51,51,18,21,30,30,761.7,761.8,761.7,704.4,23,23,23,84,84,83,20,20,20,21,21,21,3,ESE,ESE,0.7,5,ESE,23,23,24,0,24,24,24,24,23,23,23,0,0,0,0,0,0,0,0,0,0.047,45,55,34,39,56,70,70,78,25,25,25,75,76,75,21,21,21,22,22,22,27,27
2/25/2024 3:45,29,29,29,51,51,51,18,21,30,30,761.7,761.8,761.7,704.4,23,23,23,84,85,84,20,20,20,21,21,21,2,ESE,ESE,0.5,4,SE,23,23,24,--,24,24,24,24,23,23,22,0,0,0,0,0,0,0,0,0,0.046,45,51,34,38,56,65,70,76,25,25,25,76,77,74,21,21,21,22,22,22,26,27
2/25/2024 4:00,29,29,29,51,51,51,18,21,30,30,761.8,761.8,761.7,704.4,23,23,23,84,84,84,20,20,20,21,21,21,2,ESE,ESE,0.5,4,ESE,23,23,24,--,24,24,24,24,22,23,22,0,0,0,0,0,0,0,0,0,0.046,46,52,34,39,58,66,70,78,25,25,25,75,76,75,21,21,20,22,22,22,27,27
2/25/2024 4:15,29,29,29,52,52,51,18,21,30,30,762,762,761.8,704.6,23,23,23,84,84,84,20,20,20,21,21,21,1,ESE,ESE,0.4,3,ESE,23,23,24,--,24,24,24,24,22,22,22,0,0,0,0,0,0,0,0,0,0.045,45,53,34,39,56,67,70,78,25,25,25,75,76,74,20,21,20,22,22,21,27,27
2/25/2024 4:30,29,29,29,52,52,51,18,21,30,30,761.9,762,761.9,704.6,23,23,22,85,85,84,20,20,20,21,21,21,2,ESE,ESE,0.4,3,SE,22,22,23,0,24,23,24,23,22,22,22,0,0,0,0,0,0,0,0,0,0.044,45,55,34,39,56,69,70,82,25,25,25,74,75,74,20,21,20,22,22,21,27,27
2/25/2024 4:45,29,29,29,52,52,52,18,21,30,30,762.1,762.1,761.9,704.7,22,22,22,85,85,85,20,20,20,20,21,20,2,ESE,ESE,0.5,4,SE,22,22,23,--,23,23,23,23,22,22,22,0,0,0,0,0,0,0,0,0,0.042,46,52,34,40,57,66,70,77,25,25,25,76,76,73,20,20,20,21,22,21,26,27
2/25/2024 5:00,29,29,29,52,52,52,18,21,30,30,762.1,762.1,761.9,704.6,22,23,22,84,85,84,20,20,20,21,21,20,1,ESE,ESE,0.2,2,ESE,23,22,24,--,24,24,24,23,22,22,22,0,0,0,0,0,0,0,0,0,0.042,46,55,34,38,57,69,71,82,25,25,25,76,77,75,20,21,20,22,22,21,26,26
2/25/2024 5:15,29,29,29,52,52,52,18,21,30,30,762.2,762.2,762,704.8,22,23,22,84,84,84,20,20,20,21,21,21,1,ESE,ESE,0.3,2,ESE,22,22,24,--,24,24,24,24,22,22,22,0,0,0,0,0,0,0,0,0,0.044,45,53,34,37,56,67,69,78,25,25,25,76,77,75,20,21,20,22,22,21,26,26
2/25/2024 5:30,29,29,29,52,52,52,18,21,30,30,762.4,762.4,762.2,705,23,23,22,84,84,84,20,20,20,21,21,21,1,ESE,ESE,0.3,3,E,23,22,24,0,24,24,24,24,22,22,22,0,0,0,0,0,0,0,0,0,0.044,44,51,33,37,55,64,68,76,25,25,25,75,76,74,21,21,20,22,22,21,26,27
2/25/2024 5:45,29,29,29,52,52,52,18,21,30,30,762.5,762.5,762.3,705,23,23,23,84,84,84,20,20,20,21,21,21,1,E,E,0.3,3,ESE,23,23,24,--,24,24,24,24,22,22,22,0,0,0,0,0,0,0,0,0,0.045,44,50,33,37,56,63,69,77,25,25,25,76,76,75,21,21,20,22,22,22,26,27
2/25/2024 6:00,29,29,29,52,52,52,18,21,30,30,762.6,762.6,762.4,705.2,23,23,23,84,84,84,20,20,20,21,21,21,2,E,E,0.4,3,E,23,23,24,--,24,24,24,24,22,22,22,0,0,0,0,0,0,0,0,0,0.045,47,57,34,40,58,72,71,80,25,25,25,76,77,75,21,21,20,22,22,22,26,27
2/25/2024 6:15,29,29,29,53,53,52,18,21,30,30,762.6,762.7,762.6,705.2,23,23,23,84,84,84,20,20,20,21,21,21,2,ESE,ESE,0.6,4,ESE,23,23,24,--,24,24,24,24,22,22,22,0,0,0,0,0,0,0,0,0,0.045,50,60,36,43,64,76,75,85,25,25,25,76,77,76,20,21,20,22,22,21,26,26
2/25/2024 6:30,29,29,29,53,53,53,18,21,29,30,762.6,762.7,762.6,705.2,22,22,22,85,85,84,20,20,20,21,21,20,3,ESE,ESE,0.8,5,ESE,22,22,23,0,24,23,24,23,22,22,22,0,0,0,0,0,0,0,0,0,0.042,51,59,36,42,64,75,75,84,25,25,25,77,77,76,20,21,20,21,22,21,26,26
2/25/2024 6:45,29,29,28,54,54,53,19,22,30,30,762.6,762.7,762.6,705.2,22,22,22,86,87,85,20,20,20,20,21,20,4,SE,ESE,1,5,SE,21,21,23,--,23,22,23,22,21,22,21,0,0,0,5,0.01,0,0,0,0,0.039,47,57,34,39,59,72,71,87,25,25,24,78,78,77,20,20,20,21,21,21,26,26
2/25/2024 7:00,29,29,29,54,54,54,19,22,30,30,762.9,762.9,762.6,705.4,22,22,22,87,87,86,20,20,20,20,20,20,3,ESE,ESE,0.8,5,ESE,22,21,23,--,23,23,23,22,22,22,21,0,0,11,19,0.24,0,0,0,0,0.038,47,54,34,40,58,68,71,77,24,24,24,79,79,78,20,20,20,21,21,21,25,26
2/25/2024 7:15,29,29,29,53,54,53,19,22,31,31,763.2,763.2,762.9,705.7,22,22,22,87,87,87,20,20,20,20,20,20,3,ESE,ESE,0.7,4,ESE,22,22,23,--,23,23,23,23,22,22,22,0,0,30,42,0.64,0,0,0,0,0.038,47,55,34,40,58,69,71,79,24,24,24,79,79,78,20,20,20,21,21,21,25,26
2/25/2024 7:30,30,30,29,52,53,52,19,22,31,31,763.5,763.5,763.2,706,22,22,22,86,87,86,20,20,20,21,21,20,2,ESE,ESE,0.4,4,ESE,22,22,23,0,23,23,23,23,22,22,22,0,0,59,63,1.26,0,0,0,0,0.039,46,52,34,40,57,66,70,77,24,24,24,78,79,78,20,20,20,21,21,21,26,26
2/25/2024 7:45,30,30,30,52,52,52,19,22,32,32,763.7,763.7,763.5,706.2,22,22,22,85,86,85,20,20,20,21,21,21,1,ESE,ESE,0.3,3,ESE,22,22,24,--,24,24,24,23,23,23,22,0,0,83,104,1.79,0,1,0,0,0.041,46,55,34,40,57,69,70,77,25,25,24,78,78,76,21,21,20,22,22,21,26,26
2/25/2024 8:00,31,31,30,51,52,51,19,23,32,32,763.8,763.9,763.7,706.3,23,23,22,84,85,84,20,20,20,21,21,21,2,ESE,ESE,0.5,4,ESE,23,22,24,--,24,24,24,24,23,23,23,0,0,123,144,2.64,1,1,0.1,0,0.046,47,53,34,39,58,67,71,81,25,25,25,77,78,76,21,21,20,22,22,21,26,26
2/25/2024 8:15,31,31,31,50,51,50,19,23,33,33,764,764,763.8,706.5,23,23,23,84,84,84,20,20,20,21,21,21,3,ESE,ESE,0.7,5,ESE,23,23,24,--,24,24,24,24,24,24,23,0,0,172,190,3.69,1,1,0.1,0,0.048,46,54,34,40,58,68,70,79,25,25,25,76,78,75,21,21,21,22,22,22,27,27
2/25/2024 8:30,31,31,31,50,50,50,20,23,33,33,764.1,764.1,764,706.6,23,24,23,82,84,82,20,20,20,21,21,21,2,ESE,ESE,0.6,4,ESE,24,23,25,0.1,25,25,25,24,25,25,24,0,0,216,244,4.65,1,2,0.2,0,0.052,46,53,34,39,58,67,71,78,26,26,25,74,76,74,21,21,21,22,22,22,28,28
2/25/2024 8:45,32,32,31,49,50,49,20,23,34,34,764.2,764.2,764.1,706.7,24,24,24,80,82,80,20,20,20,21,21,21,1,ESE,ESE,0.3,3,ESE,24,24,25,--,25,25,25,25,25,25,24,0,0,262,292,5.63,2,2,0.2,0,0.057,45,51,34,38,56,65,69,79,26,26,26,73,75,72,21,21,21,22,22,22,28,28
2/25/2024 9:00,32,32,32,48,49,48,20,24,35,35,764.5,764.5,764.2,707,24,24,24,77,80,77,20,20,20,21,22,21,2,SE,SE,0.5,4,SE,24,24,26,--,26,26,26,25,26,26,25,0,0,311,339,6.69,2,2,0.2,0,0.06,45,54,34,38,56,68,69,76,27,27,26,69,73,69,21,21,21,22,22,22,29,29
2/25/2024 9:15,33,33,32,47,48,47,20,24,36,36,764.6,764.6,764.5,707,25,25,24,74,76,74,20,20,20,21,21,21,3,SE,SE,0.7,6,SE,25,24,26,--,26,26,26,26,27,27,26,0,0,366,404,7.88,2,3,0.3,0,0.065,44,50,34,37,55,63,69,77,27,28,27,65,68,65,20,21,20,22,22,22,29,29
2/25/2024 9:30,34,34,33,46,47,46,20,24,36,36,764.5,764.6,764.5,706.9,25,25,25,69,74,69,19,20,19,21,21,21,3,SE,SE,0.9,7,SE,25,24,26,0.3,26,26,26,26,27,27,26,0,0,412,450,8.85,3,3,0.3,0,0.07,44,60,34,38,55,76,70,112,28,28,27,62,66,61,20,20,20,22,22,22,30,30
2/25/2024 9:45,34,34,34,45,46,45,20,24,36,36,764.5,764.5,764.4,706.9,26,26,25,63,70,63,18,20,18,21,21,21,4,S,S,0.9,8,SSE,26,25,27,--,27,26,26,26,28,28,25,0,0,429,506,9.23,3,4,0.4,0,0.076,41,47,33,35,52,59,65,73,28,28,28,57,63,57,19,20,19,21,22,21,30,30
2/25/2024 10:00,34,34,34,43,45,43,20,24,37,37,764.5,764.6,764.5,707,26,26,26,60,63,60,18,19,18,21,21,21,4,SE,SSE,1.1,8,SE,26,25,27,--,27,26,27,26,28,28,27,0,0,514,563,11.05,4,4,0.4,0,0.083,41,46,32,35,51,58,64,79,29,29,28,54,57,54,19,19,19,21,21,21,30,30
2/25/2024 10:15,35,35,34,42,43,42,20,24,38,38,764.6,764.6,764.5,707.1,27,27,26,58,60,58,18,18,18,21,21,21,4,S,S,1,8,S,26,25,27,--,28,27,27,26,28,28,27,0,0,547,577,11.78,4,5,0.5,0,0.086,40,44,32,35,50,55,63,72,29,29,29,53,54,52,19,19,18,21,21,21,31,31
2/25/2024 10:30,35,35,35,41,42,41,20,24,38,38,764.5,764.7,764.5,707,27,27,27,57,59,57,18,18,18,21,21,21,3,S,S,0.8,8,S,27,26,28,0.5,28,27,27,27,29,29,28,0,0,580,599,12.48,5,5,0.5,0,0.088,40,44,32,36,50,55,63,70,30,30,29,51,53,51,19,19,18,21,21,21,31,31
2/25/2024 10:45,36,36,35,40,41,40,20,24,39,39,764.4,764.6,764.4,706.9,27,27,27,57,58,56,18,18,18,21,21,21,4,SSE,SSE,1.1,8,SSW,27,26,28,--,28,27,28,27,29,29,29,0,0,599,654,12.89,5,6,0.6,0,0.092,40,44,32,35,50,55,63,70,30,30,30,51,52,50,19,19,19,21,21,21,31,32
2/25/2024 11:00,36,36,36,40,40,40,20,25,39,39,764.3,764.4,764.3,706.8,27,27,27,57,58,57,18,18,18,21,21,21,4,SE,SSE,1,8,SSE,27,26,28,--,28,28,28,27,30,30,29,0,0,663,714,14.26,6,6,0.6,0,0.094,41,46,32,35,51,57,64,72,30,31,30,50,51,50,19,19,19,22,22,21,32,32
2/25/2024 11:15,36,36,36,39,40,39,20,25,40,40,764.1,764.3,764.1,706.6,28,28,27,55,58,55,18,19,18,21,21,21,5,SSE,SSE,1.1,9,S,27,27,29,--,29,28,29,28,30,31,30,0,0,704,729,15.13,6,6,0.7,0,0.099,41,46,32,35,51,58,64,77,31,31,31,49,51,49,19,19,19,22,22,21,33,33
2/25/2024 11:30,37,37,36,38,39,38,20,25,40,40,763.9,764.1,763.9,706.4,28,28,28,55,56,54,18,18,18,21,21,21,4,SE,SSE,1.1,9,SE,27,27,29,0.6,29,28,29,28,31,31,30,0,0,739,761,15.9,6,7,0.7,0,0.102,40,43,32,34,49,54,62,68,32,32,31,47,49,47,19,19,19,21,22,21,33,34
2/25/2024 11:45,37,37,37,38,38,38,20,25,41,41,763.7,763.9,763.7,706.2,29,29,28,52,54,52,18,18,18,21,21,21,4,S,SSE,1,8,S,28,27,30,--,30,29,29,28,32,32,30,0,0,745,788,16.04,7,7,0.7,0,0.107,40,43,31,34,49,54,62,70,32,32,32,45,47,45,19,19,19,21,22,21,34,34
2/25/2024 12:00,37,37,37,37,38,37,20,25,41,41,763.5,763.7,763.5,706,29,29,29,51,53,51,18,18,18,21,21,21,4,SE,SSE,0.9,10,SSE,29,28,30,--,30,30,30,29,30,32,29,0,0,664,793,14.29,6,7,0.7,0,0.11,39,43,31,34,49,54,61,70,32,33,32,44,46,44,19,19,19,21,22,21,34,35
2/25/2024 12:15,37,37,37,37,37,37,20,25,40,41,763.2,763.5,763.2,705.8,29,29,29,50,51,50,18,18,18,21,22,21,4,SSE,SSE,0.9,9,SE,29,29,30,--,30,30,30,30,32,33,29,0,0,561,816,12.06,6,7,0.6,0,0.113,39,43,31,33,48,54,61,69,33,33,32,44,45,44,19,19,19,21,22,21,34,35
2/25/2024 12:30,37,37,37,37,37,37,20,25,41,41,763,763.2,763,705.5,29,30,29,49,50,48,18,18,18,22,22,21,4,SSW,SSW,1.1,8,SE,29,29,31,0.7,31,30,30,30,33,33,32,0,0,793,803,17.06,7,7,0.7,0,0.116,40,45,32,35,50,56,62,69,33,33,32,44,45,43,19,19,19,22,22,21,35,35
2/25/2024 12:45,38,38,37,36,37,36,20,25,42,42,762.7,763,762.7,705.2,30,30,30,48,49,48,18,18,18,22,22,21,5,SE,SSE,1.3,10,SSE,29,29,31,--,31,30,31,30,32,33,32,0,0,795,814,17.1,7,8,0.8,0,0.12,39,44,32,34,49,55,61,73,33,34,33,42,44,42,19,19,19,22,22,21,35,35
2/25/2024 13:00,38,38,38,36,36,36,20,25,41,42,762.4,762.6,762.3,705,30,30,30,48,48,47,18,18,17,21,22,21,5,SE,SSE,1.2,8,SE,30,29,31,--,31,30,31,30,33,33,30,0,0,663,823,14.26,7,8,0.7,0,0.122,38,43,31,34,48,54,61,70,34,34,33,42,43,41,19,19,19,22,22,21,35,36
2/25/2024 13:15,38,38,38,36,36,36,20,25,41,42,762.1,762.3,762.1,704.7,30,30,30,47,48,47,18,18,18,21,22,21,4,SE,SSE,1.1,10,SSE,30,29,31,--,31,30,31,30,30,33,30,0,0,539,814,11.59,6,7,0.6,0,0.122,39,44,32,34,48,55,61,68,34,34,33,42,43,42,19,19,19,21,22,21,35,36
2/25/2024 13:30,38,38,38,36,36,36,20,25,42,42,762.1,762.1,762,704.7,30,31,30,45,48,45,17,18,17,21,22,21,5,SE,SSE,1.3,11,SE,30,30,31,0.7,31,31,31,30,33,34,30,0,0,743,856,15.98,6,7,0.7,0,0.124,39,44,32,34,49,55,61,69,33,34,33,41,43,41,18,19,18,21,22,21,35,35
2/25/2024 13:45,38,38,38,36,36,35,20,25,41,42,762,762.1,762,704.6,31,31,31,44,45,44,17,18,17,21,22,21,4,SSW,SSW,1,10,SSW,31,30,31,--,32,31,32,31,31,35,31,0,0,646,831,13.9,6,7,0.6,0,0.131,38,44,32,35,48,55,61,70,34,34,33,40,42,40,18,19,18,21,22,21,35,36
2/25/2024 14:00,38,38,38,36,36,35,20,25,41,41,761.8,762,761.8,704.4,31,31,31,44,45,44,17,17,17,21,22,21,4,S,S,1,8,SW,31,30,32,--,32,31,32,31,34,35,31,0,0,394,780,8.47,5,6,0.5,0,0.13,38,42,31,34,48,53,61,68,33,34,33,41,42,40,18,18,18,21,21,21,34,35
2/25/2024 14:15,37,38,37,35,36,35,20,25,40,41,761.7,761.9,761.7,704.3,31,31,31,43,44,42,17,17,17,21,22,21,4,S,S,0.9,8,SSE,31,31,31,--,32,31,32,31,31,35,31,0,0,429,800,9.23,5,6,0.5,0,0.133,39,42,31,34,48,53,61,69,33,34,33,40,41,39,18,18,18,21,21,21,34,35
2/25/2024 14:30,38,38,37,35,36,35,20,25,42,42,761.5,761.6,761.5,704.2,31,32,31,41,44,41,17,17,17,21,22,21,5,SE,SSE,1.2,8,SSE,31,30,32,0.6,32,32,32,31,34,35,31,0,0,737,779,15.85,6,6,0.6,0,0.133,39,44,31,35,48,55,61,68,34,35,33,38,41,38,18,18,18,21,21,21,36,36
2/25/2024 14:45,38,38,38,34,35,34,20,25,42,42,761.3,761.5,761.3,704,32,32,31,41,42,40,17,17,16,21,22,21,3,SSE,SSE,0.8,7,SE,32,31,32,--,32,32,32,32,35,35,31,0,0,514,701,11.06,5,6,0.5,0,0.138,38,42,30,33,48,52,59,67,34,35,34,37,38,37,18,18,18,21,21,21,36,36
2/25/2024 15:00,38,38,38,34,35,34,20,25,41,42,761.3,761.4,761.3,703.9,31,32,31,40,41,40,17,17,16,21,22,21,4,SSW,SSW,0.9,8,SW,32,31,32,--,32,32,32,31,34,35,31,0,0,451,638,9.7,4,5,0.5,0,0.137,38,42,30,33,48,52,60,67,34,35,34,38,39,37,18,18,17,21,21,20,36,36
2/25/2024 15:15,38,38,38,34,34,34,20,25,42,42,761.1,761.3,761.1,703.8,32,32,32,40,41,40,17,17,16,21,22,21,3,SE,SSE,0.8,7,SE,32,32,32,--,32,32,32,32,34,34,33,0,0,550,580,11.82,4,4,0.4,0,0.141,38,41,30,35,47,51,59,66,35,35,34,37,38,36,18,18,18,21,21,21,36,37
2/25/2024 15:30,39,39,38,34,34,34,20,25,42,42,761,761.1,761,703.7,31,32,31,43,43,40,17,17,17,22,22,21,5,SE,SE,1.2,9,SSE,31,31,32,0.5,33,32,33,31,33,35,33,0,0,515,554,11.08,4,4,0.4,0,0.137,38,42,31,33,47,53,59,69,35,35,35,38,38,37,18,19,18,21,21,21,36,37
2/25/2024 15:45,38,39,38,34,34,34,20,25,42,42,761,761,760.9,703.7,31,32,31,39,43,39,16,17,16,21,22,21,4,SSE,S,1.1,8,SSE,31,31,32,--,32,31,32,31,32,33,32,0,0,491,504,10.55,3,4,0.4,0,0.136,38,42,30,34,47,52,60,67,35,35,35,36,38,36,17,19,17,20,21,20,36,37
2/25/2024 16:00,38,39,38,34,34,34,19,25,41,42,760.9,761,760.9,703.6,32,32,31,39,40,38,17,17,16,21,21,21,3,S,S,0.7,6,S,32,31,32,--,32,32,32,31,33,33,33,0,0,418,448,8.99,3,3,0.3,0,0.141,37,42,30,33,47,52,58,66,35,35,35,36,37,35,18,18,17,21,21,20,36,37
2/25/2024 16:15,38,38,38,34,34,34,19,25,41,41,761.1,761.1,760.9,703.8,32,32,31,39,40,38,16,17,16,21,22,21,4,SSW,S,0.9,8,SSE,32,31,32,--,33,32,33,32,32,34,31,0,0,320,404,6.88,2,3,0.2,0,0.14,37,41,30,33,47,51,58,67,35,35,34,37,37,35,17,18,17,20,21,20,35,37
2/25/2024 16:30,38,38,38,34,34,34,19,24,40,41,761,761.1,761,703.7,32,32,32,38,40,38,16,16,16,21,21,21,3,SSW,SSW,0.7,7,SSW,32,32,32,0.4,32,32,32,32,32,32,31,0,0,294,334,6.32,2,2,0.2,0,0.139,38,42,30,33,47,52,58,64,34,34,34,36,37,36,17,18,17,20,21,20,35,36
2/25/2024 16:45,37,38,37,34,34,34,19,24,39,40,761,761,760.9,703.7,32,32,31,39,39,37,16,16,15,21,21,21,4,SSW,SSW,1,8,SW,31,31,32,--,32,32,32,31,31,32,31,0,0,280,315,6.03,2,2,0.2,0,0.138,37,42,30,34,46,52,58,67,34,34,34,37,37,35,17,17,16,20,20,19,34,35
2/25/2024 17:00,36,37,36,35,35,34,18,24,38,39,761.1,761.1,760.9,703.8,31,32,31,40,40,38,16,16,16,21,21,21,4,SSW,SSW,0.9,6,S,31,31,31,--,32,31,32,31,31,31,30,0,0,147,225,3.16,1,1,0.1,0,0.136,38,41,31,34,47,51,59,67,33,34,33,39,39,37,17,17,17,20,20,20,33,34
2/25/2024 17:15,36,36,36,36,36,35,18,24,38,38,761.1,761.1,761.1,703.8,31,31,31,41,42,40,16,17,16,21,21,21,3,SSW,SSW,0.8,7,S,31,31,31,--,32,31,32,31,31,31,31,0,0,114,127,2.44,1,1,0.1,0,0.133,39,42,31,34,48,52,60,67,32,33,32,41,41,39,17,18,17,20,20,20,33,34
2/25/2024 17:30,36,36,36,36,36,36,18,23,37,38,761.3,761.3,761.1,703.9,31,31,31,40,41,40,16,17,16,21,21,21,3,SSW,S,0.7,7,SSE,31,31,31,0.2,32,31,32,31,30,31,30,0,0,102,120,2.19,1,1,0.1,0,0.134,38,42,30,33,48,52,60,67,32,33,32,40,41,39,17,18,17,20,20,20,33,34
2/25/2024 17:45,35,36,35,36,36,36,18,23,36,37,761.4,761.4,761.2,704.1,31,31,31,41,41,40,16,16,16,21,21,21,3,S,S,0.8,7,S,31,31,31,--,31,31,31,31,30,30,30,0,0,66,83,1.41,0,0,0,0,0.132,38,43,30,33,47,54,60,69,32,32,32,40,41,39,17,17,17,20,20,20,33,33
2/25/2024 18:00,35,35,35,36,37,36,18,23,36,36,761.6,761.6,761.4,704.2,31,31,31,41,42,41,16,16,16,21,21,21,3,SSW,SSW,0.8,7,SSE,31,31,31,--,31,31,31,31,30,30,30,0,0,37,49,0.8,0,0,0,0,0.129,38,41,30,33,47,51,59,66,32,32,31,42,42,40,17,17,17,20,20,20,32,33
2/25/2024 18:15,34,35,34,37,37,37,17,23,35,36,761.7,761.7,761.6,704.3,31,31,31,42,42,41,16,16,16,21,21,21,3,SSW,SSW,0.7,6,S,31,31,31,--,31,31,31,31,30,30,30,0,0,14,23,0.3,0,0,0,0,0.128,38,42,30,33,47,52,58,67,31,32,31,42,43,41,17,17,17,20,20,20,32,32
2/25/2024 18:30,34,34,34,38,38,37,17,22,35,35,761.8,761.9,761.7,704.5,30,31,30,43,43,42,16,16,16,21,21,21,3,SSW,SSW,0.7,5,SSW,30,30,30,0.1,31,30,31,30,29,30,29,0,0,1,5,0.03,0,0,0,0,0.125,38,42,31,34,48,52,60,68,31,31,31,43,44,42,17,17,17,20,20,20,31,32
2/25/2024 18:45,34,34,34,38,38,38,17,22,34,35,762,762.1,761.8,704.6,30,30,30,42,43,42,16,16,16,20,21,20,2,S,SSW,0.6,6,S,30,30,30,--,30,30,30,30,29,29,29,0,0,0,0,0,0,0,0,0,0.122,38,42,31,34,48,53,60,69,31,31,31,43,44,43,17,17,17,19,20,19,31,31
2/25/2024 19:00,33,34,33,38,38,38,17,22,33,34,762.1,762.1,762,704.6,30,30,30,42,42,42,16,16,16,20,20,20,2,S,S,0.5,4,S,30,30,30,--,30,30,30,30,29,29,29,0,0,0,0,0,0,0,0,0,0.121,38,42,30,33,48,52,59,67,31,31,30,43,43,42,16,17,16,19,19,19,31,31
2/25/2024 19:15,32,33,32,38,38,38,16,21,33,33,762.1,762.1,762.1,704.6,30,30,30,43,43,42,16,16,16,20,20,20,2,S,S,0.5,5,S,30,30,30,--,30,30,30,30,28,29,28,0,0,0,0,0,0,0,0,0,0.118,39,42,31,35,48,53,60,69,30,31,30,43,43,42,16,17,16,19,19,19,31,31
2/25/2024 19:30,32,32,32,39,39,39,16,21,32,33,762.2,762.2,762.1,704.8,29,30,29,44,44,43,16,16,16,20,20,20,3,S,S,0.7,7,S,29,29,29,0,30,29,30,29,28,28,28,0,0,0,0,0,0,0,0,0,0.116,39,42,31,34,49,53,61,69,30,31,30,43,43,43,16,16,16,19,19,19,30,31
2/25/2024 19:45,32,32,32,40,40,39,16,21,32,32,762.3,762.3,762.2,704.9,29,29,28,45,45,44,15,16,15,20,20,20,3,SSE,SSE,0.7,4,SE,28,28,28,--,29,28,29,28,27,28,27,0,0,0,0,0,0,0,0,0,0.106,40,47,32,37,50,59,63,71,30,30,30,44,44,43,16,16,16,19,19,19,30,31
2/25/2024 20:00,32,32,32,40,40,40,16,21,32,32,762.6,762.6,762.4,705.2,28,28,28,46,46,45,15,15,15,20,20,20,2,SSE,SSE,0.6,4,SSE,28,28,28,--,28,28,28,28,27,27,27,0,0,0,0,0,0,0,0,0,0.103,43,50,34,39,53,62,66,74,30,30,30,44,44,44,16,16,16,19,19,19,30,30
2/25/2024 20:15,31,32,31,40,40,40,16,21,32,32,762.8,762.9,762.6,705.4,28,28,28,47,47,46,15,15,15,20,20,20,3,ESE,SE,0.7,8,ESE,28,28,28,--,28,28,28,28,27,27,27,0,0,0,0,0,0,0,0,0,0.101,42,50,34,39,53,63,66,75,30,30,29,45,46,44,16,16,16,19,19,19,30,30
2/25/2024 20:30,31,31,31,41,41,40,16,21,31,32,762.9,762.9,762.9,705.5,28,28,28,52,52,48,17,17,16,20,20,20,5,ESE,ESE,1.1,8,SE,27,27,28,0,28,27,28,27,26,27,26,0,0,0,0,0,0,0,0,0,0.099,41,46,33,36,51,57,64,72,29,29,29,50,50,46,18,18,17,20,20,19,30,30
2/25/2024 20:45,31,31,31,42,42,41,17,21,31,31,763.1,763.1,763,705.6,28,28,28,55,55,52,18,18,17,21,21,20,6,ESE,ESE,1.4,10,SE,26,26,28,--,28,27,27,27,26,26,26,0,0,0,0,0,0,0,0,0,0.097,42,47,33,37,52,59,65,72,29,29,29,53,53,50,18,18,18,21,21,20,30,30
2/25/2024 21:00,31,31,31,43,43,42,17,21,31,31,763.1,763.1,763.1,705.7,27,28,27,56,56,55,18,18,18,21,21,21,6,SE,ESE,1.6,11,ESE,26,26,28,--,28,26,27,26,26,26,26,0,0,0,0,0,0,0,0,0,0.094,42,46,33,36,52,58,65,74,29,29,28,54,54,53,18,18,18,21,21,21,29,30
2/25/2024 21:15,31,31,31,44,44,43,17,21,31,31,763.2,763.2,763.1,705.8,27,27,27,57,57,56,18,18,18,21,21,21,5,ESE,ESE,1.3,9,ESE,26,26,28,--,28,27,27,26,26,26,25,0,0,0,0,0,0,0,0,0,0.091,42,47,33,36,52,59,66,73,28,29,28,55,55,54,18,18,18,21,21,21,29,29
2/25/2024 21:30,31,31,31,44,44,44,17,21,31,31,763.2,763.2,763.1,705.7,27,27,27,60,60,57,18,18,18,21,21,21,5,ESE,ESE,1.4,11,ESE,25,25,27,0,28,26,27,26,25,26,25,0,0,0,0,0,0,0,0,0,0.088,41,50,33,37,52,62,65,73,28,28,28,57,58,54,19,19,18,21,21,21,29,29
2/25/2024 21:45,31,31,31,45,45,44,17,21,31,31,763.2,763.2,763.1,705.8,26,27,26,61,61,60,18,18,18,21,21,21,5,ESE,ESE,1.2,9,ESE,25,25,27,--,27,26,26,25,25,25,25,0,0,0,0,0,0,0,0,0,0.084,40,44,32,35,50,55,62,70,28,28,28,58,58,57,19,19,19,21,21,21,29,29
2/25/2024 22:00,30,31,30,46,46,45,17,21,31,31,763.3,763.3,763.2,705.8,26,26,26,62,62,62,18,18,18,21,21,21,6,ESE,ESE,1.5,12,SE,24,24,27,--,27,25,26,25,24,25,24,0,0,0,0,0,0,0,0,0,0.081,39,44,32,35,49,55,61,70,27,28,27,60,60,58,19,19,19,21,21,21,28,29
2/25/2024 22:15,30,30,30,46,46,46,17,21,31,31,763.3,763.3,763.2,705.9,26,26,26,64,64,63,18,18,18,21,21,21,6,ESE,ESE,1.6,12,ESE,24,24,26,--,27,25,25,25,24,24,24,0,0,0,0,0,0,0,0,0,0.078,38,42,31,34,48,53,60,70,27,27,27,61,61,60,19,19,19,21,21,21,28,28
2/25/2024 22:30,30,30,30,47,47,46,18,21,31,31,763.4,763.5,763.4,705.9,26,26,26,64,64,64,18,18,18,21,21,21,7,ESE,ESE,1.8,13,SE,24,23,26,0,26,24,25,24,23,24,23,0,0,0,0,0,0,0,0,0,0.077,37,41,30,34,47,51,58,66,27,27,27,62,62,60,19,19,19,21,21,21,28,28
2/25/2024 22:45,30,30,30,47,47,47,18,21,31,31,763.6,763.6,763.4,706.1,26,26,25,64,64,64,18,18,18,20,21,20,6,ESE,ESE,1.5,10,ESE,24,24,26,--,26,24,25,24,24,24,23,0,0,0,0,0,0,0,0,0,0.074,37,41,29,33,46,51,57,64,26,27,26,62,62,61,19,19,19,20,21,20,27,28
2/25/2024 23:00,30,30,30,47,47,47,18,21,31,31,763.7,763.7,763.6,706.2,25,25,25,64,64,64,18,18,18,20,20,20,6,ESE,ESE,1.4,8,ESE,24,24,26,--,26,24,24,24,23,24,23,0,0,0,0,0,0,0,0,0,0.073,37,40,29,33,46,50,57,65,26,26,26,62,63,62,19,19,18,20,20,20,27,27
2/25/2024 23:15,30,30,30,47,47,47,18,21,31,31,763.6,763.7,763.6,706.1,25,25,25,64,64,64,18,18,18,20,20,20,6,ESE,ESE,1.4,10,ESE,24,24,26,--,26,24,24,24,23,24,23,0,0,0,0,0,0,0,0,0,0.071,36,41,29,33,45,51,56,64,26,26,26,62,63,62,18,19,18,20,20,20,27,27
2/25/2024 23:30,30,30,30,48,48,47,18,21,31,31,763.5,763.6,763.5,706,25,25,25,65,65,64,18,18,18,20,20,20,6,ESE,ESE,1.5,11,ESE,23,23,25,0,26,24,24,24,23,23,23,0,0,0,0,0,0,0,0,0,0.069,36,40,29,33,45,50,56,64,26,26,26,62,63,62,18,18,18,20,20,20,27,27
2/25/2024 23:45,30,30,30,48,48,48,18,21,30,31,763.4,763.5,763.4,705.9,25,25,25,66,66,65,18,18,18,20,20,20,6,ESE,ESE,1.4,11,ESE,23,23,25,--,25,23,24,23,23,23,22,0,0,0,0,0,0,0,0,0,0.066,37,40,29,32,46,50,57,64,26,26,26,63,63,62,18,18,18,20,20,20,27,27
2/26/2024 0:00,30,30,29,48,48,48,18,21,30,30,763.3,763.4,763.3,705.8,24,25,24,67,67,66,18,18,18,20,20,20,6,ESE,ESE,1.5,9,ESE,22,22,25,--,25,23,24,23,22,23,22,0,0,0,0,0,0,0,0,0,0.063,36,40,29,32,46,50,56,65,26,26,26,64,64,63,18,18,18,20,20,20,26,27
2/26/2024 0:15,29,29,29,49,49,48,17,21,30,30,763.1,763.3,763.1,705.7,24,24,24,68,68,67,18,18,18,20,20,20,6,ESE,ESE,1.4,9,ESE,22,22,25,--,25,23,23,23,22,22,22,0,0,0,0,0,0,0,0,0,0.061,36,39,29,32,45,49,56,63,26,26,25,65,65,64,18,18,18,20,20,20,26,26
2/26/2024 0:30,29,29,29,49,49,49,17,21,30,30,763,763.1,763,705.5,24,24,24,69,69,68,18,18,18,20,20,20,6,ESE,ESE,1.5,10,ESE,22,22,24,0,25,23,23,23,22,22,22,0,0,0,0,0,0,0,0,0,0.058,36,40,28,32,45,50,56,62,25,25,25,66,66,65,18,18,18,20,20,20,26,26
2/26/2024 0:45,29,29,29,49,49,49,17,21,30,30,762.9,763,762.9,705.5,24,24,24,70,70,69,18,18,18,20,20,20,6,ESE,ESE,1.5,10,ESE,22,22,24,--,24,22,23,22,22,22,21,0,0,0,0,0,0,0,0,0,0.057,36,40,28,32,45,50,55,65,25,25,25,66,66,66,18,18,18,20,20,20,26,26
2/26/2024 1:00,29,29,29,50,50,49,17,21,30,30,762.8,762.9,762.8,705.4,24,24,23,70,70,70,18,18,18,20,20,20,6,ESE,ESE,1.4,8,ESE,22,22,24,--,24,22,23,22,21,22,21,0,0,0,0,0,0,0,0,0,0.054,36,40,29,32,46,50,56,64,25,25,25,67,67,66,18,18,18,20,20,20,26,26
2/26/2024 1:15,29,29,29,50,50,50,17,21,30,30,762.7,762.8,762.7,705.3,23,23,23,70,71,70,18,18,18,19,20,19,6,ESE,ESE,1.5,10,ESE,21,21,24,--,24,22,22,22,21,21,21,0,0,0,0,0,0,0,0,0,0.053,36,40,28,31,45,50,56,65,25,25,24,68,68,67,18,18,18,20,20,20,25,26
2/26/2024 1:30,29,29,29,50,50,50,17,21,29,30,762.7,762.7,762.7,705.2,23,23,23,71,71,70,18,18,18,19,19,19,6,ESE,ESE,1.4,10,ESE,21,21,24,0,24,22,22,22,21,21,21,0,0,0,0,0,0,0,0,0,0.051,36,40,28,32,45,50,56,64,25,25,24,67,68,67,18,18,18,20,20,20,25,25
2/26/2024 1:45,29,29,29,50,50,50,17,21,29,29,762.7,762.7,762.6,705.3,23,23,23,72,72,71,17,18,17,19,19,19,5,SE,ESE,1.4,9,SE,21,21,24,--,24,22,22,22,21,21,21,0,0,0,0,0,0,0,0,0,0.048,36,40,28,31,45,50,56,64,24,25,24,68,68,67,18,18,18,20,20,20,25,25
2/26/2024 2:00,29,29,29,50,50,50,17,21,29,29,762.7,762.7,762.6,705.2,23,23,23,71,72,71,17,17,17,19,19,19,5,SE,SE,1.4,8,SE,21,21,23,--,24,21,22,21,21,21,21,0,0,0,0,0,0,0,0,0,0.047,36,42,28,31,46,52,57,64,24,24,24,67,68,67,18,18,18,19,20,19,25,25
2/26/2024 2:15,29,29,28,50,50,50,17,21,29,29,762.5,762.6,762.5,705.1,23,23,23,70,71,70,17,17,17,19,19,19,6,SE,SE,1.4,9,SE,21,21,23,--,23,21,21,21,21,21,20,0,0,0,0,0,0,0,0,0,0.045,36,42,28,32,45,52,56,64,24,24,24,67,68,67,18,18,18,19,19,19,25,25
2/26/2024 2:30,28,29,28,50,50,50,17,21,29,29,762.4,762.5,762.3,705,23,23,22,71,71,71,17,17,17,19,19,19,5,ESE,ESE,1.3,8,SE,21,21,23,0,23,21,22,21,20,21,20,0,0,0,0,0,0,0,0,0,0.044,36,41,28,32,45,51,56,66,24,24,24,68,68,67,18,18,18,19,19,19,24,25
2/26/2024 2:45,28,28,28,51,51,50,17,21,29,29,762.3,762.4,762.3,704.9,22,22,22,73,73,71,17,17,17,19,19,19,5,ESE,ESE,1.2,8,SE,21,21,23,--,23,21,21,21,20,20,20,0,0,0,0,0,0,0,0,0,0.042,36,40,28,31,45,50,56,63,24,24,24,69,69,67,18,18,18,19,19,19,24,25
2/26/2024 3:00,28,28,28,51,51,51,17,21,29,29,762.3,762.4,762.3,704.8,22,22,22,74,74,73,17,17,17,19,19,19,5,ESE,ESE,1.1,8,ESE,21,21,23,--,23,21,22,21,21,21,20,0,0,0,0,0,0,0,0,0,0.04,37,41,29,33,46,51,57,64,24,24,24,70,70,68,18,18,18,19,19,19,24,24
2/26/2024 3:15,28,28,28,51,51,51,17,21,29,29,762.3,762.3,762.2,704.8,22,22,22,74,75,74,17,17,17,19,19,19,5,ESE,ESE,1.2,8,ESE,21,21,23,--,23,21,21,21,20,20,20,0,0,0,0,0,0,0,0,0,0.038,37,41,29,32,46,51,57,63,24,24,23,71,71,70,18,18,18,19,19,19,24,24
2/26/2024 3:30,28,28,28,51,51,51,17,21,29,29,762.3,762.3,762.2,704.8,22,22,22,74,74,74,17,17,17,19,19,19,5,ESE,ESE,1.2,8,ESE,20,20,22,0,23,21,21,21,20,20,20,0,0,0,0,0,0,0,0,0,0.037,37,40,29,32,46,50,57,64,23,24,23,70,71,70,18,18,18,19,19,19,24,24
2/26/2024 3:45,28,28,28,51,51,51,17,21,28,29,762.2,762.2,762.2,704.8,22,22,22,74,74,74,17,17,17,19,19,18,5,ESE,ESE,1.3,8,ESE,20,20,22,--,22,21,21,20,20,20,20,0,0,0,0,0,0,0,0,0,0.036,36,39,28,31,45,49,56,66,23,23,23,70,71,70,17,18,17,19,19,19,24,24
2/26/2024 4:00,28,28,28,51,51,51,17,20,28,29,762.2,762.2,762.2,704.7,22,22,21,74,74,74,17,17,17,18,19,18,6,SE,ESE,1.4,8,SE,20,20,22,--,22,20,21,20,19,20,19,0,0,0,0,0,0,0,0,0,0.034,36,41,28,32,46,51,56,65,23,23,23,70,71,70,17,18,17,19,19,19,24,24
2/26/2024 4:15,28,28,28,52,52,51,17,20,28,28,762.1,762.2,762.1,704.7,21,21,21,74,75,74,17,17,17,18,18,18,6,SE,SE,1.5,9,SE,19,19,22,--,22,20,20,20,19,19,19,0,0,0,0,0,0,0,0,0,0.032,36,39,28,31,45,49,56,64,23,23,23,71,71,70,17,17,17,19,19,19,23,24
2/26/2024 4:30,28,28,28,52,52,52,17,20,28,28,762.2,762.2,762.1,704.7,21,21,21,75,75,74,17,17,17,18,18,18,5,SE,ESE,1.3,8,ESE,20,19,22,0,22,20,20,20,19,19,19,0,0,0,0,0,0,0,0,0,0.031,36,40,28,31,45,50,56,63,23,23,23,71,71,71,17,17,17,19,19,19,23,23
2/26/2024 4:45,28,28,28,52,52,52,17,20,28,28,762.2,762.2,762.2,704.8,21,21,21,75,75,75,17,17,17,18,18,18,5,SE,SE,1.3,9,SE,19,19,22,--,22,20,20,20,19,19,19,0,0,0,0,0,0,0,0,0,0.029,36,39,28,31,44,49,55,63,23,23,22,72,72,71,17,17,17,19,19,19,23,23
2/26/2024 5:00,27,28,27,52,52,52,17,20,28,28,762.4,762.4,762.2,705,21,21,21,76,76,75,17,17,17,18,18,18,5,ESE,ESE,1.1,8,ESE,20,19,21,--,22,21,21,20,19,20,19,0,0,0,0,0,0,0,0,0,0.029,36,40,28,31,44,50,55,63,22,23,22,72,72,71,17,17,17,19,19,19,23,23
2/26/2024 5:15,27,27,27,52,52,52,17,20,28,28,762.3,762.4,762.3,704.9,21,21,21,77,77,76,17,17,17,18,18,18,5,ESE,ESE,1.3,8,SE,19,19,21,--,21,20,21,20,19,20,19,0,0,0,0,0,0,0,0,0,0.027,36,40,28,31,45,50,56,63,22,23,22,73,73,71,17,17,17,19,19,19,23,23
2/26/2024 5:30,27,27,27,52,52,52,17,20,28,28,762.5,762.5,762.3,705,21,21,21,78,78,77,17,17,17,18,18,18,4,ESE,ESE,1,7,SE,20,19,21,0,21,21,21,20,20,20,19,0,0,0,0,0,0,0,0,0,0.026,36,39,28,31,45,49,56,64,22,22,22,73,74,72,17,17,17,19,19,19,23,23
2/26/2024 5:45,27,27,27,52,52,51,17,20,28,28,762.7,762.7,762.5,705.3,21,21,21,80,80,78,17,17,17,18,18,18,4,ESE,ESE,1.1,7,SE,19,19,21,--,21,20,21,20,19,20,19,0,0,0,0,0,0,0,0,0,0.023,36,40,28,32,45,50,56,65,22,22,22,74,75,73,17,18,17,19,19,19,23,23
2/26/2024 6:00,27,27,27,52,52,52,17,20,28,28,762.9,762.9,762.7,705.4,21,21,20,80,80,80,17,17,17,18,18,18,5,ESE,ESE,1.2,7,SE,19,19,21,--,21,20,20,20,19,19,19,0,0,0,0,0,0,0,0,0,0.022,36,40,28,31,45,50,56,63,22,22,22,76,76,74,18,18,17,19,19,19,23,23
2/26/2024 6:15,27,27,27,53,53,52,17,20,27,28,763,763,762.9,705.6,20,21,20,81,81,80,17,17,17,18,18,18,5,SE,SE,1.3,7,SE,19,19,21,--,21,20,20,19,19,19,19,0,0,0,0,0,0,0,0,0,0.022,36,41,28,31,46,51,56,67,22,22,22,76,77,75,18,18,18,19,19,19,22,23
2/26/2024 6:30,27,27,27,53,53,53,17,20,27,27,763.2,763.2,763.1,705.7,20,20,20,81,81,80,17,17,17,18,18,18,5,SE,SE,1.2,7,SE,19,19,21,0,21,20,20,19,19,19,19,0,0,0,0,0,0,0,0,0,0.021,37,41,28,32,46,51,56,65,22,22,22,76,76,76,18,18,18,19,19,19,22,23
2/26/2024 6:45,28,28,27,53,54,53,17,21,28,28,763.4,763.4,763.2,705.9,20,20,20,82,82,81,17,17,17,18,18,18,5,SE,SE,1.1,6,SE,19,19,21,--,21,20,20,20,19,19,19,0,0,1,5,0.02,0,0,0,0,0.02,37,41,28,31,46,51,57,67,22,22,22,77,78,76,18,18,18,19,19,19,22,23
2/26/2024 7:00,28,28,28,53,53,53,17,21,28,28,763.5,763.5,763.4,706,20,20,20,83,83,82,17,17,17,18,18,18,5,SE,SE,1.2,6,SE,19,19,21,--,21,19,20,19,19,19,18,0,0,14,21,0.29,0,0,0,0,0.019,37,41,28,31,46,51,57,64,22,22,22,78,78,77,18,18,18,19,19,19,22,22
2/26/2024 7:15,28,28,28,52,53,52,17,21,29,29,763.7,763.7,763.5,706.2,20,20,20,83,83,83,17,17,17,18,18,18,5,SE,SE,1.2,6,SE,19,19,21,--,21,20,20,19,19,19,18,0,0,34,47,0.74,0,0,0,0,0.019,38,41,29,33,47,51,59,67,22,22,22,78,79,78,18,18,18,19,19,19,22,23
2/26/2024 7:30,28,28,28,52,52,52,18,21,29,29,764,764,763.8,706.5,20,21,20,83,83,83,18,18,17,19,19,18,5,SE,SE,1.3,8,SE,19,19,21,0,21,20,20,20,19,19,19,0,0,65,83,1.4,0,0,0,0,0.021,38,42,29,32,47,52,59,68,22,22,22,79,79,78,18,18,18,19,19,19,23,23
2/26/2024 7:45,29,29,28,52,52,52,18,21,30,30,764.1,764.1,764,706.6,21,21,21,83,83,83,18,18,18,19,19,19,5,SE,SE,1.3,8,SSE,19,19,22,--,22,20,20,20,19,19,19,0,0,106,130,2.28,1,1,0.1,0,0.023,37,42,29,33,47,52,58,65,22,22,22,79,79,78,18,18,18,19,19,19,23,23
2/26/2024 8:00,29,29,29,51,52,51,18,22,30,30,764.3,764.3,764.1,706.8,21,21,21,81,83,81,18,18,18,19,19,19,6,SE,SE,1.6,9,SE,19,19,22,--,22,20,20,20,19,19,19,0,0,152,174,3.27,1,1,0.1,0,0.028,37,42,29,33,47,52,58,65,22,22,22,78,79,77,18,18,18,19,19,19,23,23
2/26/2024 8:15,30,30,29,51,51,51,18,22,31,31,764.4,764.4,764.3,706.9,21,21,21,79,81,79,18,18,18,19,19,19,7,SE,SE,1.7,10,SE,19,19,22,--,22,20,20,20,20,20,19,0,0,199,227,4.27,1,1,0.1,0,0.032,37,41,28,32,46,51,58,65,23,23,22,76,78,76,18,18,18,20,20,19,24,24
2/26/2024 8:30,30,30,30,50,51,50,19,22,31,31,764.6,764.6,764.4,707.1,22,22,22,76,79,76,18,18,18,19,19,19,7,SE,SE,1.8,10,SE,20,19,23,0.2,23,20,20,20,20,20,20,0,0,252,278,5.42,2,2,0.2,0,0.036,36,41,28,32,45,51,56,64,23,23,23,73,76,73,18,18,18,20,20,19,24,24
2/26/2024 8:45,31,31,30,49,50,49,19,22,32,32,764.9,764.9,764.6,707.4,22,23,22,73,76,73,18,18,18,19,19,19,7,SE,SE,1.8,11,E,20,20,23,--,23,21,21,20,21,21,20,0,0,308,336,6.63,2,2,0.2,0,0.042,36,40,28,31,45,50,56,63,24,24,23,70,73,70,18,18,18,20,20,19,25,25
2/26/2024 9:00,31,31,31,47,49,47,19,22,33,33,765.1,765.2,764.9,707.6,23,23,23,72,74,72,18,18,18,20,20,19,6,SE,SE,1.6,10,SE,21,20,24,--,24,22,22,21,23,23,21,0,0,361,388,7.77,2,3,0.3,0,0.048,35,39,28,31,44,49,55,62,24,25,24,68,70,68,19,19,18,20,20,20,25,25
2/26/2024 9:15,32,32,31,45,47,45,18,22,33,33,765.3,765.3,765.1,707.7,23,24,23,70,72,70,18,18,18,20,20,19,5,SE,ESE,1.4,9,SE,22,21,24,--,24,22,23,22,23,24,23,0,0,415,432,8.92,3,3,0.3,0,0.053,35,38,28,31,44,48,54,65,25,25,25,65,68,65,18,19,18,20,20,20,26,26
2/26/2024 9:30,32,32,32,44,45,44,19,23,34,34,765.5,765.5,765.2,707.9,24,24,24,68,70,68,18,18,18,20,20,20,5,SE,SE,1.3,8,SSE,23,22,25,0.3,25,23,24,22,25,25,23,0,0,462,487,9.93,4,4,0.4,0,0.058,35,42,27,30,43,52,53,65,26,26,25,63,65,63,18,19,18,20,20,20,27,27
2/26/2024 9:45,33,33,32,44,44,44,19,23,35,35,765.6,765.6,765.5,708,24,25,24,66,68,66,18,18,18,20,20,20,5,SE,SE,1.3,8,SSE,23,23,25,--,25,24,24,23,25,25,25,0,0,510,527,10.97,4,4,0.4,0,0.063,35,40,28,31,44,50,54,62,26,27,26,62,63,61,18,19,18,20,21,20,27,27
2/26/2024 10:00,33,33,33,43,44,43,19,23,35,35,765.7,765.7,765.6,708.1,25,25,24,64,67,63,18,18,17,20,20,20,5,SE,SE,1.2,9,SSE,24,23,26,--,26,24,24,24,26,26,25,0,0,549,571,11.81,4,5,0.5,0,0.066,35,39,28,31,44,49,54,62,27,27,26,59,62,59,18,19,18,20,21,20,28,28
2/26/2024 10:15,34,34,33,41,43,41,19,23,35,36,765.7,765.7,765.6,708.1,25,25,25,62,64,60,17,18,17,20,20,20,6,SE,SE,1.4,10,SSE,24,23,26,--,26,24,24,24,26,26,26,0,0,597,613,12.85,5,5,0.5,0,0.071,35,38,28,31,43,48,53,65,27,28,27,56,59,55,18,19,18,20,21,20,28,28
2/26/2024 10:30,33,34,33,40,41,40,18,23,34,35,765.7,765.7,765.7,708.1,26,26,25,59,62,58,17,17,17,20,20,20,6,SE,SE,1.6,10,SE,24,24,26,0.5,26,24,24,24,26,26,26,0,0,634,647,13.63,6,6,0.6,0,0.074,33,38,27,30,42,47,51,62,28,28,28,53,56,53,18,18,17,20,20,20,29,29
2/26/2024 10:45,34,34,33,38,40,38,18,23,35,35,765.6,765.7,765.6,708,26,26,26,56,59,56,17,17,16,20,20,20,6,SE,SE,1.4,10,SE,25,24,26,--,26,25,25,24,27,27,26,0,0,667,689,14.34,6,6,0.6,0,0.078,33,37,26,29,41,46,50,62,28,29,28,51,54,50,18,18,17,20,20,20,29,29
2/26/2024 11:00,34,34,34,37,38,37,18,23,35,35,765.6,765.7,765.6,708,27,27,26,52,56,52,16,17,16,20,20,20,5,SE,SE,1.2,8,SE,26,25,27,--,27,26,26,25,29,29,27,0,0,702,719,15.11,6,7,0.7,0,0.086,32,37,25,29,40,46,48,58,29,29,29,49,51,48,18,18,17,20,20,20,30,30
2/26/2024 11:15,34,34,34,36,38,36,17,23,35,36,765.5,765.6,765.5,707.9,27,28,27,50,53,48,16,17,16,20,20,20,4,SE,SSE,1.1,9,SSE,27,26,28,--,28,27,27,26,29,30,29,0,0,733,745,15.76,7,7,0.7,0,0.094,31,36,24,27,38,45,47,57,30,30,29,45,49,45,17,18,17,20,20,19,31,31
2/26/2024 11:30,35,35,34,35,36,35,17,22,36,36,765.4,765.5,765.4,707.8,28,28,27,49,50,48,16,16,16,20,20,19,5,SE,SE,1.1,10,SE,27,26,28,0.7,28,27,27,27,29,30,29,0,0,750,768,16.14,7,7,0.8,0,0.097,32,54,26,47,40,68,48,76,30,31,30,44,46,43,17,17,17,20,20,19,31,31
2/26/2024 11:45,35,35,35,35,35,35,17,23,36,36,765.2,765.4,765.2,707.6,28,28,27,48,49,47,16,16,16,20,20,20,5,SE,SE,1.2,9,ESE,27,26,28,--,28,27,28,27,29,30,29,0,0,776,784,16.69,8,8,0.8,0,0.099,29,34,23,27,37,42,45,55,31,31,31,43,44,42,17,17,17,20,20,20,32,32
2/26/2024 12:00,35,35,35,34,35,34,17,23,36,36,765.1,765.2,765.1,707.5,28,29,28,45,48,45,16,16,16,20,20,20,4,SE,SE,1.1,11,SSE,28,27,29,--,29,28,28,27,30,31,29,0,0,793,805,17.07,8,8,0.8,0,0.103,29,34,23,28,37,43,44,53,32,32,31,41,43,41,17,17,17,20,20,20,32,33
2/26/2024 12:15,35,35,35,34,34,34,17,23,36,36,765,765.1,765,707.4,29,29,29,45,46,44,16,16,15,20,20,20,5,SE,SE,1.3,12,SSE,28,28,29,--,29,28,28,28,30,31,30,0,0,802,812,17.26,8,8,0.9,0,0.108,29,34,22,25,36,42,43,55,32,32,32,40,41,39,17,17,17,20,20,19,33,33
2/26/2024 12:30,36,36,35,34,34,34,17,23,36,37,764.8,765,764.7,707.2,29,29,29,43,46,42,15,16,15,20,21,20,5,SE,SE,1.2,10,ESE,28,28,29,0.8,29,28,29,28,30,31,30,0,0,807,821,17.35,8,8,0.9,0,0.111,29,34,23,26,36,42,44,56,32,33,32,39,41,38,17,18,16,20,21,19,33,34
2/26/2024 12:45,36,36,35,33,34,33,17,23,37,37,764.6,764.8,764.6,707.1,29,29,29,45,46,44,16,16,15,20,20,20,5,SE,SE,1.3,11,SSE,28,28,29,--,29,28,29,28,31,31,30,0,0,806,814,17.34,8,8,0.9,0,0.111,29,34,23,26,36,42,43,54,33,33,32,38,40,38,17,17,17,20,20,20,33,34
2/26/2024 13:00,36,36,36,33,33,33,18,23,38,38,764.5,764.6,764.4,706.9,29,30,29,45,45,44,16,16,16,21,21,20,4,SE,ESE,1.1,12,ESE,29,28,30,--,30,29,30,28,32,32,31,0,0,816,824,17.55,8,8,0.9,0,0.114,29,34,23,27,36,42,43,53,33,33,33,40,41,38,18,18,17,21,21,20,34,34
2/26/2024 13:15,37,37,36,33,33,33,18,23,38,38,764.2,764.4,764.2,706.6,29,30,29,46,46,45,16,17,16,21,21,21,4,ESE,ESE,1.1,10,ESE,29,28,30,--,30,29,30,29,33,33,28,0,0,643,856,13.83,7,8,0.7,0,0.115,30,35,23,27,37,44,45,57,33,33,32,41,42,40,18,18,18,21,21,20,34,35
2/26/2024 13:30,37,37,36,32,33,32,17,23,38,38,764,764.2,764,706.5,30,30,29,45,46,45,17,17,16,21,21,21,4,ESE,SE,1.1,8,SE,30,29,30,0.7,30,30,30,29,33,34,29,0,0,781,860,16.8,7,8,0.8,0,0.118,31,34,25,28,38,43,47,55,33,34,33,39,42,39,18,18,18,21,21,21,35,35
2/26/2024 13:45,37,37,37,32,32,32,17,23,38,38,763.7,764,763.7,706.2,30,30,30,44,45,44,17,17,16,21,21,21,5,SE,SE,1.3,10,SE,30,29,31,--,31,30,30,29,34,34,32,0,0,839,858,18.05,8,8,0.8,0,0.121,30,35,24,27,37,44,45,56,34,34,34,38,39,37,18,18,17,21,21,20,36,36
2/26/2024 14:00,37,37,37,32,32,32,18,23,38,38,763.4,763.6,763.4,705.9,30,30,30,45,46,43,17,17,16,21,21,21,5,ESE,SE,1.2,12,SE,29,29,31,--,31,30,30,29,32,34,30,0,0,742,842,15.95,7,7,0.7,0,0.122,30,34,24,27,37,43,46,53,34,34,34,39,40,38,18,18,18,21,21,21,35,36
2/26/2024 14:15,37,37,37,32,32,32,18,24,39,39,763.1,763.4,763.1,705.7,30,30,30,45,45,44,17,17,17,21,21,21,5,ESE,ESE,1.1,8,ESE,30,29,31,--,31,30,30,30,33,33,32,0,0,731,763,15.72,6,7,0.7,0,0.122,30,36,25,27,38,45,46,57,34,34,34,38,40,38,18,18,18,21,21,21,36,36
2/26/2024 14:30,37,37,37,32,32,32,17,23,38,39,763.1,763.2,763,705.6,30,30,30,45,45,44,17,17,16,21,21,21,5,SE,SE,1.2,9,SE,29,29,30,0.7,31,29,31,29,29,34,29,0,0,526,756,11.32,5,6,0.6,0,0.123,30,36,24,27,38,45,46,56,34,35,34,38,39,37,18,19,18,21,21,21,35,37
2/26/2024 14:45,37,37,37,32,32,32,18,23,39,39,762.9,763.1,762.9,705.5,30,30,30,45,46,45,17,17,16,21,21,21,5,ESE,ESE,1.2,10,ESE,29,29,30,--,31,30,30,29,29,32,29,0,0,634,684,13.63,6,6,0.6,0,0.12,30,34,25,28,38,43,46,55,34,34,34,39,40,38,18,18,18,21,21,21,35,36
2/26/2024 15:00,37,37,37,32,32,32,17,23,38,39,762.7,762.9,762.7,705.3,30,30,30,45,45,44,17,17,17,21,21,21,5,ESE,ESE,1.3,10,SE,29,29,30,--,31,30,30,30,31,33,29,0,0,602,668,12.96,5,5,0.5,0,0.121,31,34,25,28,38,43,47,55,34,34,34,38,39,38,18,18,18,21,21,21,35,36
2/26/2024 15:15,37,37,37,32,32,32,17,23,38,38,762.7,762.7,762.7,705.2,30,30,30,44,45,44,16,17,16,21,21,21,6,SE,SE,1.5,8,ESE,29,29,30,--,30,29,30,29,31,32,31,0,0,626,659,13.46,5,5,0.5,0,0.121,30,35,25,27,38,44,46,57,34,34,34,37,38,37,18,18,18,21,21,21,36,36
2/26/2024 15:30,37,37,37,32,32,32,17,23,38,38,762.5,762.6,762.5,705.1,30,30,30,43,45,42,16,17,16,21,21,21,5,ESE,ESE,1.3,10,SE,29,29,30,0.6,31,30,30,29,30,32,30,0,0,523,584,11.24,4,4,0.4,0,0.124,31,34,25,28,38,43,47,55,34,35,34,38,40,37,18,18,17,21,21,20,35,36
2/26/2024 15:45,36,37,36,32,32,32,17,23,37,38,762.5,762.5,762.4,705.1,30,30,30,44,45,43,17,17,16,21,21,21,5,ESE,ESE,1.3,9,SE,29,29,30,--,31,30,30,29,29,32,29,0,0,417,550,8.98,3,4,0.4,0,0.123,31,35,25,28,39,44,47,60,34,34,34,39,39,37,18,18,18,21,21,21,35,36
2/26/2024 16:00,36,36,36,32,32,32,17,23,37,37,762.4,762.5,762.4,705,30,30,30,45,45,43,17,17,16,21,21,21,5,ESE,ESE,1.2,9,SE,29,29,30,--,31,30,30,30,31,31,29,0,0,427,461,9.19,3,3,0.3,0,0.123,31,36,25,28,39,45,47,64,34,34,33,39,40,38,18,18,17,21,21,20,35,35
2/26/2024 16:15,36,36,36,32,32,32,17,23,37,37,762.6,762.6,762.5,705.1,30,30,30,46,46,45,17,17,17,21,21,21,6,E,E,1.4,9,E,29,29,30,--,31,29,30,29,29,31,29,0,0,285,420,6.13,2,3,0.3,0,0.121,31,36,25,28,39,45,48,59,33,34,32,42,42,39,18,18,18,21,21,21,34,35
2/26/2024 16:30,35,36,35,33,33,32,16,22,36,37,762.5,762.6,762.5,705.1,30,30,30,46,46,44,17,17,16,21,21,21,5,ESE,ESE,1.3,11,ESE,29,29,30,0.4,30,30,30,29,29,30,29,0,0,214,318,4.61,2,2,0.2,0,0.119,31,35,25,28,39,44,48,56,32,33,32,42,42,41,18,18,17,21,21,20,33,34
2/26/2024 16:45,35,35,35,33,33,33,16,22,36,36,762.5,762.6,762.5,705.1,30,30,30,45,46,45,17,17,17,21,21,21,5,ESE,ESE,1.3,9,ESE,29,29,30,--,30,30,30,29,30,30,29,0,0,256,299,5.51,2,2,0.2,0,0.119,31,35,25,28,39,44,48,56,32,33,32,41,42,41,18,18,18,21,21,20,34,34
2/26/2024 17:00,35,35,35,33,33,33,16,22,35,36,762.7,762.7,762.6,705.2,30,30,30,46,46,44,17,17,16,21,21,21,5,ESE,ESE,1.4,11,ESE,29,29,30,--,30,29,30,29,29,30,29,0,0,227,243,4.88,1,2,0.2,0,0.121,31,35,24,28,39,44,48,60,32,33,32,42,42,41,18,18,18,21,21,21,33,34
2/26/2024 17:15,34,35,34,33,34,33,16,22,35,36,762.7,762.7,762.6,705.2,30,30,29,47,47,46,17,17,17,21,21,21,5,ESE,ESE,1.3,11,ESE,29,29,30,--,30,29,30,29,28,29,28,0,0,155,192,3.34,1,1,0.1,0,0.118,31,34,24,27,39,43,48,55,32,32,32,43,43,42,18,18,18,21,21,20,33,33
2/26/2024 17:30,34,34,34,34,34,33,16,22,34,35,762.8,762.8,762.7,705.4,29,30,29,46,47,46,17,17,17,21,21,21,5,ESE,ESE,1.3,9,ESE,29,29,30,0.2,30,29,29,29,29,29,28,0,0,118,135,2.55,1,1,0.1,0,0.116,31,35,24,28,38,44,47,57,32,32,31,43,43,42,18,18,18,20,21,20,32,33
2/26/2024 17:45,33,34,33,35,35,34,16,21,34,34,762.8,762.8,762.8,705.3,29,29,29,47,47,46,17,17,16,21,21,21,6,ESE,ESE,1.4,10,ESE,28,28,30,--,30,29,29,29,28,29,28,0,0,80,98,1.71,0,1,0,0,0.114,31,35,25,28,39,44,48,56,31,31,31,44,45,43,17,18,17,20,20,20,32,32
2/26/2024 18:00,33,33,33,35,35,34,15,21,33,34,762.8,762.9,762.8,705.4,29,29,29,47,47,46,16,17,16,21,21,20,5,ESE,ESE,1.3,10,ESE,28,28,29,--,30,28,29,28,27,28,27,0,0,41,58,0.88,0,0,0,0,0.112,31,35,24,27,39,44,47,61,31,31,31,45,45,44,17,17,17,20,20,20,31,32
2/26/2024 18:15,32,33,32,35,35,35,15,21,32,33,763,763,762.8,705.5,29,29,29,48,48,47,16,17,16,20,21,20,6,ESE,ESE,1.5,9,ESE,28,28,29,--,29,28,28,28,27,28,27,0,0,17,26,0.37,0,0,0,0,0.109,31,36,24,27,38,45,47,56,30,31,30,46,46,45,17,17,17,20,20,20,31,31
2/26/2024 18:30,32,32,32,36,36,35,16,21,32,32,763,763.1,762.9,705.6,29,29,28,49,49,48,17,17,16,20,21,20,5,ESE,ESE,1.3,8,ESE,27,27,29,0.1,29,28,28,28,27,27,27,0,0,3,9,0.05,0,0,0,0,0.106,31,35,24,28,39,44,48,56,30,30,30,48,48,46,17,17,17,20,20,20,30,31
2/26/2024 18:45,32,32,32,37,37,36,16,21,32,32,763.1,763.1,763,705.7,28,28,28,50,50,49,17,17,17,20,20,20,5,ESE,ESE,1.2,8,ESE,27,27,28,--,29,28,28,28,27,27,27,0,0,0,0,0,0,0,0,0,0.103,32,36,25,28,40,45,48,57,29,30,29,48,48,47,17,17,17,20,20,20,30,30
2/26/2024 19:00,31,32,31,38,38,37,15,21,31,32,763.2,763.3,763.1,705.8,28,28,28,50,50,50,17,17,17,20,20,20,4,ESE,ESE,1,7,ESE,27,27,28,--,29,28,28,28,27,27,27,0,0,0,0,0,0,0,0,0,0.101,31,35,24,28,39,44,47,55,29,29,29,49,49,48,17,17,17,20,20,20,30,30
2/26/2024 19:15,31,31,31,39,39,38,15,21,31,31,763.3,763.3,763.2,705.8,28,28,28,52,52,50,17,17,17,20,20,20,4,ESE,ESE,0.9,6,ESE,27,27,28,--,28,28,28,28,27,27,27,0,0,0,0,0,0,0,0,0,0.098,31,35,24,27,39,44,48,57,29,29,29,50,50,48,17,18,17,20,20,20,29,30
2/26/2024 19:30,31,31,31,40,40,39,15,20,31,31,763.5,763.5,763.3,706,28,28,27,53,53,52,17,17,17,20,20,20,4,ESE,ESE,0.9,6,ESE,27,27,28,0,28,27,28,27,26,27,26,0,0,0,0,0,0,0,0,0,0.095,32,37,25,28,40,46,49,58,29,29,29,51,51,50,17,18,17,20,20,20,29,30
2/26/2024 19:45,30,31,30,40,40,40,15,20,30,31,763.6,763.6,763.5,706.1,27,27,27,53,53,53,17,17,17,20,20,20,3,ESE,ESE,0.9,5,ESE,27,27,28,--,28,27,27,27,26,26,26,0,0,0,0,0,0,0,0,0,0.093,33,38,26,29,41,47,50,60,29,29,28,51,51,50,17,18,17,20,20,20,29,29
2/26/2024 20:00,30,30,30,41,41,40,16,20,30,30,763.8,763.8,763.6,706.2,27,27,27,54,54,53,17,17,17,20,20,20,3,ESE,ESE,0.8,5,E,27,27,27,--,28,27,27,27,26,26,26,0,0,0,0,0,0,0,0,0,0.089,33,37,26,29,41,46,50,58,28,29,28,52,52,51,17,17,17,20,20,20,29,29
2/26/2024 20:15,30,30,30,42,42,41,16,20,30,30,763.9,763.9,763.8,706.4,27,27,27,55,55,54,17,17,17,20,20,20,3,ESE,ESE,0.8,6,ESE,27,26,27,--,27,27,27,27,26,26,26,0,0,0,0,0,0,0,0,0,0.087,33,39,26,30,41,49,50,63,28,28,28,52,53,52,17,17,17,20,20,20,29,29
2/26/2024 20:30,30,30,30,42,42,42,16,20,30,30,764,764,763.9,706.5,26,27,26,56,56,55,17,17,17,20,20,20,3,ESE,ESE,0.7,4,ESE,26,26,27,0,27,27,27,26,26,26,25,0,0,0,0,0,0,0,0,0,0.084,33,37,26,29,42,46,51,59,28,28,28,53,53,52,17,17,17,20,20,20,28,29
2/26/2024 20:45,30,30,30,43,43,42,16,20,30,30,764.1,764.1,764,706.6,26,26,26,57,57,56,17,17,17,20,20,20,3,ESE,ESE,0.8,4,ESE,26,26,26,--,27,26,27,26,25,26,25,0,0,0,0,0,0,0,0,0,0.081,33,38,26,29,42,47,52,61,28,28,27,54,54,53,17,17,17,20,20,20,28,28
2/26/2024 21:00,30,30,30,43,43,43,16,20,30,30,764.2,764.2,764.1,706.7,26,26,26,58,58,57,17,17,17,20,20,20,4,ESE,ESE,0.9,5,ESE,25,25,26,--,26,26,26,25,24,25,24,0,0,0,0,0,0,0,0,0,0.078,35,38,27,30,43,48,53,63,27,28,27,55,55,54,17,17,17,20,20,20,28,28
2/26/2024 21:15,29,30,29,44,44,43,16,20,29,30,764.2,764.3,764.2,706.7,26,26,25,60,60,58,17,17,17,20,20,20,3,ESE,ESE,0.8,5,ESE,25,25,26,--,26,25,26,25,24,24,24,0,0,0,0,0,0,0,0,0,0.075,36,40,28,31,45,50,55,63,27,27,27,55,56,55,17,17,17,20,20,20,28,28
2/26/2024 21:30,29,29,29,44,44,44,16,20,29,30,764.3,764.3,764.2,706.8,25,25,25,60,60,60,17,17,17,20,20,20,4,ESE,ESE,0.9,7,ESE,25,25,26,0,26,25,25,25,24,24,24,0,0,0,0,0,0,0,0,0,0.073,36,41,28,32,45,51,56,67,27,27,27,56,56,55,17,18,17,20,20,20,27,28
2/26/2024 21:45,29,29,29,45,45,44,16,20,29,29,764.4,764.4,764.3,706.9,25,25,25,60,60,60,17,17,17,20,20,19,4,ESE,ESE,0.9,6,ESE,25,24,26,--,26,25,25,25,24,24,24,0,0,0,0,0,0,0,0,0,0.072,35,39,28,31,44,49,55,62,27,27,27,57,57,56,17,17,17,20,20,19,27,28
2/26/2024 22:00,29,29,29,45,45,45,16,20,29,29,764.5,764.5,764.4,706.9,25,25,25,60,60,60,17,17,17,19,20,19,4,ESE,ESE,0.9,6,ESE,24,24,25,--,26,25,25,25,24,24,24,0,0,0,0,0,0,0,0,0,0.07,34,38,27,30,43,48,52,62,27,27,26,57,57,56,17,17,17,19,20,19,27,27
2/26/2024 22:15,29,29,29,45,45,45,16,20,29,29,764.6,764.6,764.4,707,25,25,25,61,61,61,17,17,17,19,20,19,4,ESE,ESE,0.9,7,ESE,24,24,25,--,25,25,25,25,24,24,24,0,0,0,0,0,0,0,0,0,0.069,33,39,26,30,42,49,51,60,26,27,26,58,58,57,17,17,17,19,20,19,27,27
2/26/2024 22:30,29,29,29,46,46,45,16,20,29,29,764.7,764.7,764.5,707.1,25,25,25,61,61,61,17,17,17,19,20,19,4,ESE,ESE,0.9,6,ESE,24,24,25,0,25,25,25,25,24,24,24,0,0,0,0,0,0,0,0,0,0.068,33,36,26,28,41,45,50,58,26,26,26,58,59,58,17,17,17,19,20,19,27,27
2/26/2024 22:45,29,29,29,46,46,46,16,20,29,29,764.7,764.7,764.6,707.1,25,25,25,62,62,61,17,17,17,19,20,19,4,ESE,ESE,1,7,E,24,24,25,--,25,24,25,24,23,24,23,0,0,0,0,0,0,0,0,0,0.068,32,36,25,28,40,45,49,58,26,26,26,59,60,58,17,17,17,19,20,19,27,27
2/26/2024 23:00,29,29,29,46,46,46,16,20,29,29,764.7,764.7,764.6,707.1,25,25,25,62,62,62,17,17,17,19,20,19,4,ESE,ESE,1,6,ESE,24,24,25,--,25,24,24,24,23,23,23,0,0,0,0,0,0,0,0,0,0.067,32,38,25,28,40,47,49,62,26,26,26,60,60,59,17,18,17,19,20,19,26,27
2/26/2024 23:15,29,29,29,47,47,46,16,20,29,29,764.6,764.7,764.6,707.1,24,25,24,64,64,62,17,17,17,19,20,19,3,ESE,ESE,0.9,6,ESE,24,24,25,--,25,24,25,24,23,24,23,0,0,0,0,0,0,0,0,0,0.064,32,36,25,28,40,45,50,60,26,26,26,60,61,60,18,18,17,20,20,19,26,26
2/26/2024 23:30,29,29,29,47,47,47,16,20,29,29,764.7,764.7,764.6,707.1,24,24,24,64,64,64,17,17,17,19,19,19,4,ESE,ESE,1,7,ESE,24,24,25,0,25,24,24,24,23,23,23,0,0,0,0,0,0,0,0,0,0.062,33,36,26,30,41,45,50,58,26,26,26,62,62,60,18,18,18,20,20,20,26,26
2/26/2024 23:45,28,29,28,47,47,47,16,20,29,29,764.6,764.7,764.6,707,24,24,24,65,65,64,17,17,17,19,19,19,3,ESE,ESE,0.9,6,ESE,24,23,24,--,25,24,24,24,23,23,23,0,0,0,0,0,0,0,0,0,0.06,32,37,25,29,41,46,49,58,26,26,25,61,62,61,18,18,18,19,20,19,26,26
2/27/2024 0:00,28,29,28,48,48,47,16,20,29,29,764.7,764.7,764.6,707.1,24,24,24,66,66,65,17,17,17,19,19,19,4,ESE,ESE,0.9,6,ESE,23,23,24,--,24,24,24,24,23,23,23,0,0,0,0,0,0,0,0,0,0.058,33,37,26,29,41,46,50,57,25,26,25,62,62,61,18,18,18,19,20,19,26,26
2/27/2024 0:15,28,28,28,48,48,48,16,20,29,29,764.7,764.7,764.6,707.1,24,24,24,67,67,66,17,17,17,19,19,19,4,SE,ESE,1.1,7,SSE,22,22,24,--,24,23,24,23,22,23,22,0,0,0,0,0,0,0,0,0,0.056,33,37,26,29,41,46,50,60,25,25,25,63,63,62,18,18,17,19,19,19,26,26
2/27/2024 0:30,28,28,28,49,49,48,16,20,28,29,764.7,764.7,764.7,707.2,24,24,24,67,67,67,17,17,17,19,19,19,6,SE,SE,1.4,8,SE,22,22,24,0,24,22,23,22,21,22,21,0,0,0,0,0,0,0,0,0,0.054,32,36,25,28,40,45,48,57,25,25,25,64,64,63,18,18,17,19,19,19,25,26
2/27/2024 0:45,28,28,28,49,49,49,16,20,28,28,764.6,764.7,764.6,707.1,23,24,23,68,68,67,17,17,17,19,19,19,6,SE,SE,1.4,8,SE,22,22,24,--,24,22,22,22,21,21,21,0,0,0,0,0,0,0,0,0,0.053,31,36,24,28,39,45,48,60,25,25,25,64,65,63,18,18,17,19,19,19,25,25
2/27/2024 1:00,28,28,28,50,50,49,16,20,28,28,764.5,764.6,764.5,707,23,23,23,69,69,68,17,17,17,19,19,19,5,ESE,ESE,1.1,8,SE,22,22,24,--,24,22,23,22,21,22,21,0,0,0,0,0,0,0,0,0,0.051,31,36,24,27,38,45,46,56,25,25,24,65,65,64,18,18,17,19,19,19,25,25
2/27/2024 1:15,28,28,28,50,50,50,16,20,28,28,764.4,764.5,764.4,706.8,23,23,23,70,70,69,17,17,17,19,19,19,4,ESE,ESE,1.1,7,ESE,22,22,23,--,24,22,22,22,21,21,21,0,0,0,0,0,0,0,0,0,0.048,30,35,23,27,37,44,46,55,24,25,24,66,66,65,18,18,18,19,19,19,25,25
2/27/2024 1:30,28,28,28,50,50,50,16,20,28,28,764.3,764.4,764.3,706.8,23,23,22,71,71,70,17,17,17,19,19,19,4,SE,SE,1.1,6,SE,21,21,23,0,23,22,22,22,21,21,21,0,0,0,0,0,0,0,0,0,0.044,30,34,24,28,38,43,46,55,24,24,24,66,67,65,18,18,18,19,19,19,25,25
2/27/2024 1:45,28,28,28,50,50,50,16,20,28,28,764.3,764.3,764.3,706.8,22,22,22,72,72,71,17,17,17,19,19,19,5,SE,SE,1.1,7,SE,21,21,23,--,23,22,22,21,21,21,20,0,0,0,0,0,0,0,0,0,0.042,30,34,23,26,38,43,45,53,24,24,24,68,68,66,18,18,17,19,19,19,24,25
2/27/2024 2:00,28,28,27,51,51,50,16,20,28,28,764.2,764.3,764.2,706.6,22,22,22,73,73,72,17,17,17,19,19,19,5,SE,SE,1.2,7,SE,21,21,22,--,23,21,22,21,20,21,20,0,0,0,0,0,0,0,0,0,0.041,30,34,23,27,38,43,46,53,24,24,24,68,68,67,18,18,18,19,19,19,24,25
2/27/2024 2:15,27,28,27,51,51,51,16,20,28,28,764.1,764.2,764.1,706.6,22,22,22,74,74,73,17,17,17,19,19,19,5,SE,ESE,1.2,7,ESE,21,21,22,--,23,21,21,21,20,20,20,0,0,0,0,0,0,0,0,0,0.038,30,34,23,27,38,43,46,52,24,24,24,70,70,68,18,18,18,19,19,19,24,24
2/27/2024 2:30,27,27,27,52,52,51,16,20,28,28,764,764.2,764,706.5,22,22,22,75,75,74,17,17,17,19,19,19,5,SE,ESE,1.3,8,SE,20,20,22,0,22,21,21,21,20,20,20,0,0,0,0,0,0,0,0,0,0.037,30,35,23,28,38,44,45,56,23,24,23,71,71,69,18,18,18,19,19,19,24,24
2/27/2024 2:45,27,27,27,52,52,52,17,20,28,28,763.9,764,763.9,706.4,22,22,22,77,77,76,17,17,17,19,19,19,5,SE,SE,1.3,7,SE,20,20,22,--,22,21,21,21,20,20,20,0,0,0,0,0,0,0,0,0,0.034,30,34,24,28,38,43,46,56,23,23,23,72,72,71,18,18,18,19,19,19,24,24
2/27/2024 3:00,27,27,27,53,53,52,17,20,27,28,763.8,763.9,763.8,706.3,21,22,21,78,78,77,17,17,17,19,19,19,5,ESE,ESE,1.2,8,SE,20,20,22,--,22,21,21,20,20,20,19,0,0,0,0,0,0,0,0,0,0.033,31,35,24,28,39,44,47,55,23,23,23,73,73,72,18,18,18,19,19,19,24,24
2/27/2024 3:15,27,27,27,53,53,53,17,20,27,27,763.8,763.8,763.8,706.3,21,21,21,79,79,78,17,18,17,19,19,19,5,SE,ESE,1.2,7,SE,20,20,22,--,22,20,21,20,19,20,19,0,0,0,0,0,0,0,0,0,0.031,31,35,24,27,39,44,47,56,23,23,23,74,74,73,18,18,18,19,19,19,24,24
2/27/2024 3:30,27,27,27,54,54,53,17,20,27,27,763.8,763.8,763.8,706.3,21,21,21,79,79,79,17,18,17,19,19,19,6,SE,SE,1.4,8,ESE,19,19,22,0,22,20,20,20,19,19,19,0,0,0,0,0,0,0,0,0,0.03,32,36,24,28,40,45,48,56,23,23,23,75,75,74,18,18,18,19,19,19,23,24
2/27/2024 3:45,27,27,27,54,54,54,17,20,27,27,763.8,763.9,763.8,706.3,21,21,21,79,79,78,17,17,17,18,19,18,6,SE,SE,1.4,9,ESE,19,19,22,--,22,20,20,20,19,19,19,0,0,0,0,0,0,0,0,0,0.029,31,35,23,28,38,44,47,57,23,23,22,75,75,74,18,18,18,19,19,19,23,23
2/27/2024 4:00,27,27,27,54,54,54,17,20,27,27,763.9,763.9,763.8,706.4,21,21,21,80,80,79,17,17,17,18,19,18,6,SE,SE,1.6,9,SE,19,19,22,--,22,19,20,19,19,19,19,0,0,0,0,0,0,0,0,0,0.027,30,35,23,28,38,44,46,55,22,22,22,76,76,75,18,18,18,19,19,19,23,23
2/27/2024 4:15,27,27,27,54,54,54,17,20,27,27,763.9,764,763.9,706.4,21,21,21,80,80,79,17,17,17,18,18,18,6,SE,SE,1.4,8,SE,19,19,21,--,22,20,20,19,19,19,19,0,0,0,0,0,0,0,0,0,0.026,31,34,24,28,39,43,47,53,22,22,22,76,76,75,18,18,18,19,19,19,23,23
2/27/2024 4:30,26,27,26,55,55,54,17,20,27,27,764,764,763.9,706.5,21,21,21,81,81,80,17,17,17,18,18,18,6,SE,SE,1.4,8,SE,19,19,21,0,21,19,20,19,19,19,19,0,0,0,0,0,0,0,0,0,0.023,31,35,24,28,39,44,48,57,22,22,22,77,78,76,18,18,18,19,19,19,23,23
2/27/2024 4:45,26,26,26,55,55,55,17,20,27,27,764,764,764,706.5,20,21,20,82,82,81,17,17,17,18,18,18,5,SE,SE,1.3,7,SE,19,19,21,--,21,20,20,19,19,19,19,0,0,0,0,0,0,0,0,0,0.022,32,37,25,28,40,46,49,58,22,22,22,77,78,77,18,18,18,19,19,19,23,23
2/27/2024 5:00,26,26,26,55,55,55,17,20,27,27,764,764.1,764,706.5,20,20,20,84,84,82,17,17,17,18,18,18,4,SE,ESE,1.1,6,SE,19,19,21,--,21,20,20,20,19,19,19,0,0,0,0,0,0,0,0,0,0.019,33,36,25,28,41,45,50,57,22,22,22,78,79,77,18,18,18,19,19,19,23,23
2/27/2024 5:15,26,26,26,55,55,55,16,20,27,27,764.1,764.1,764,706.6,20,20,20,84,84,84,17,17,17,18,18,18,4,ESE,ESE,0.9,6,ESE,19,19,21,--,21,20,20,20,19,19,19,0,0,0,0,0,0,0,0,0,0.017,33,37,25,28,41,46,50,58,22,22,22,79,79,78,18,18,18,19,19,19,22,23
2/27/2024 5:30,26,26,26,55,55,55,16,20,26,27,764.2,764.2,764,706.7,20,20,20,85,85,84,17,17,17,18,18,18,4,ESE,ESE,1,7,SE,19,19,21,0,21,20,20,20,19,19,19,0,0,0,0,0,0,0,0,0,0.016,33,39,25,31,41,49,50,60,22,22,21,80,81,79,18,18,18,19,19,19,22,22
2/27/2024 5:45,26,26,26,56,56,55,17,20,26,26,764.4,764.4,764.2,706.9,20,20,20,86,86,85,17,17,17,18,18,18,5,SE,ESE,1.1,7,SE,19,18,20,--,21,19,20,19,18,19,18,0,0,0,0,0,0,0,0,0,0.014,34,38,26,28,42,47,52,61,21,22,21,81,81,80,18,18,18,19,19,19,22,22
2/27/2024 6:00,26,26,26,56,56,56,16,20,26,26,764.5,764.5,764.3,707,20,20,20,87,87,86,17,17,17,18,18,18,5,SE,SE,1.3,8,SE,18,18,20,--,20,19,19,19,18,18,18,0,0,0,0,0,0,0,0,0,0.014,34,38,26,29,43,48,53,64,21,21,21,82,82,81,18,18,18,19,19,19,22,22
2/27/2024 6:15,26,26,26,56,56,56,17,20,26,26,764.6,764.6,764.5,707,20,20,19,87,87,87,17,17,17,18,18,18,5,SE,SE,1.2,7,ESE,18,18,20,--,20,19,19,19,18,18,18,0,0,0,0,0,0,0,0,0,0.013,35,39,27,31,44,49,54,67,21,21,21,83,83,81,18,18,18,19,19,19,22,22
2/27/2024 6:30,26,26,26,57,57,56,17,20,26,26,764.8,764.8,764.6,707.2,19,20,19,88,88,87,17,17,17,18,18,18,5,SE,SE,1.1,6,SE,18,18,20,0,20,19,19,19,18,18,18,0,0,0,0,0,0,0,0,0,0.011,35,40,27,31,44,50,54,64,21,21,21,83,83,82,18,18,18,19,19,19,22,22
2/27/2024 6:45,27,27,26,57,57,57,17,20,27,27,764.9,764.9,764.7,707.4,19,19,19,89,89,88,17,17,17,18,18,18,4,SE,SE,1.1,7,SE,19,18,20,--,20,19,19,19,18,18,18,0,0,2,9,0.05,0,0,0,0,0.01,36,40,27,30,45,50,56,66,21,21,21,83,84,83,18,18,18,19,19,19,22,22
2/27/2024 7:00,27,27,27,56,57,56,17,20,27,27,765,765,764.9,707.5,19,19,19,88,89,88,17,17,17,18,18,18,4,SE,SE,1.1,7,ESE,18,18,20,--,20,19,19,19,18,18,18,0,0,18,28,0.38,0,0,0,0,0.01,36,40,28,31,45,50,56,67,21,21,21,84,84,83,18,18,18,19,19,19,22,22
2/27/2024 7:15,27,27,27,55,56,55,17,21,28,28,765.3,765.3,765.1,707.7,19,20,19,88,88,88,17,18,17,18,18,18,4,SE,SE,1.1,6,SE,19,18,20,--,20,20,20,19,19,19,18,0,0,44,60,0.94,0,0,0,0,0.012,36,41,28,30,45,51,56,66,21,21,21,83,84,83,18,18,18,19,19,19,22,22
2/27/2024 7:30,28,28,27,54,55,54,18,21,28,28,765.4,765.4,765.3,707.8,20,20,20,86,88,86,18,18,17,18,18,18,5,SE,SE,1.2,8,SE,19,18,21,0,21,19,20,19,19,19,19,0,0,83,107,1.79,0,1,0,0,0.014,36,42,28,32,46,52,57,68,21,21,21,82,83,82,18,18,18,19,19,19,22,22
2/27/2024 7:45,28,28,28,54,55,54,18,21,29,29,765.7,765.8,765.4,708.1,20,20,20,84,86,84,18,18,18,19,19,18,5,SE,SE,1.2,7,SE,19,18,21,--,21,20,20,19,20,20,19,0,0,137,163,2.94,1,1,0.1,0,0.019,36,42,28,31,45,52,56,66,21,21,21,82,82,81,18,18,18,19,19,19,22,22
2/27/2024 8:00,29,29,28,53,54,53,18,21,29,29,765.9,765.9,765.8,708.3,21,21,20,81,84,80,17,18,17,19,19,19,4,SE,SE,1.1,8,SE,20,19,22,--,22,21,21,20,20,21,20,0,0,191,213,4.1,1,1,0.1,0,0.024,36,40,28,31,45,50,55,66,22,22,21,78,81,78,18,18,18,19,19,19,23,23
2/27/2024 8:15,29,29,29,52,53,52,18,22,30,30,766,766,765.9,708.4,21,21,21,77,81,77,17,18,17,19,19,19,6,SE,SE,1.5,8,SE,19,19,22,--,22,20,21,20,20,21,20,0,0,242,271,5.21,2,2,0.2,0,0.029,34,38,26,32,42,48,52,61,22,22,22,74,78,74,18,18,18,19,19,19,23,23
2/27/2024 8:30,30,30,29,51,52,51,18,22,31,31,765.9,766,765.9,708.3,22,22,21,73,77,73,17,17,17,19,19,19,6,SE,SE,1.5,8,SSE,20,19,23,0.2,23,21,21,20,21,21,20,0,0,297,322,6.39,2,2,0.2,0,0.036,33,37,26,29,41,46,50,57,23,23,22,70,74,70,18,18,17,19,19,19,24,24
2/27/2024 8:45,30,30,30,49,51,49,18,22,31,31,766,766,765.9,708.3,23,23,22,68,73,68,17,17,17,19,19,19,6,SE,SE,1.6,10,ESE,21,20,23,--,23,21,21,21,22,22,21,0,0,347,373,7.46,2,3,0.2,0,0.044,31,35,24,28,38,44,46,54,24,24,23,65,71,65,17,18,17,19,19,19,24,24
2/27/2024 9:00,31,31,30,46,49,46,18,22,32,32,766.1,766.1,766,708.4,23,24,23,63,68,63,16,17,16,19,19,19,6,SE,ESE,1.6,10,ESE,21,21,24,--,24,22,22,21,23,23,22,0,0,401,425,8.62,3,3,0.3,0,0.051,29,34,23,27,36,43,43,53,24,25,24,61,66,60,17,17,16,19,19,19,25,25
2/27/2024 9:15,31,31,31,44,46,44,18,22,32,32,766.3,766.3,766.1,708.6,24,24,23,62,64,61,16,16,16,19,19,19,7,SE,SE,1.7,10,SSE,22,21,24,--,24,22,22,22,23,23,22,0,0,452,476,9.72,3,4,0.4,0,0.055,29,35,24,27,37,44,44,56,25,25,25,58,61,58,16,17,16,19,19,19,26,26
2/27/2024 9:30,31,31,31,42,45,42,17,22,32,32,766.4,766.4,766.3,708.8,24,25,24,59,61,59,16,16,16,19,19,19,6,SE,SE,1.4,9,SSE,23,22,25,0.4,25,23,23,22,25,25,23,0,0,501,522,10.78,4,4,0.4,0,0.061,29,34,24,27,37,42,44,53,26,26,25,55,58,55,16,17,16,19,19,19,26,26
2/27/2024 9:45,31,31,31,41,42,41,16,21,31,32,766.4,766.4,766.3,708.8,25,25,25,55,58,55,15,16,15,19,19,19,6,SE,SE,1.6,10,SSE,23,23,25,--,25,23,24,23,25,25,25,0,0,552,573,11.87,4,5,0.5,0,0.068,29,34,24,28,36,43,43,55,26,27,26,53,55,53,16,16,16,19,19,18,27,27
2/27/2024 10:00,32,32,31,41,41,41,17,22,32,32,766.4,766.5,766.4,708.8,25,25,25,55,56,54,16,16,15,19,19,19,6,SE,SE,1.6,10,SSE,24,23,26,--,26,24,24,23,26,26,25,0,0,598,619,12.86,5,5,0.5,0,0.072,28,34,23,27,35,43,41,57,27,27,26,52,53,52,16,17,16,19,19,19,27,27
2/27/2024 10:15,32,32,32,41,41,41,17,22,33,33,766.4,766.5,766.3,708.7,26,26,25,54,55,54,16,16,16,19,19,19,6,SE,SE,1.6,10,ESE,24,24,26,--,26,24,24,24,26,26,26,0,0,643,664,13.82,6,6,0.6,0,0.075,27,32,22,26,34,40,40,49,27,28,27,51,52,51,17,17,16,19,19,19,28,28
2/27/2024 10:30,33,33,32,40,41,40,18,22,34,34,766.3,766.4,766.2,708.7,26,27,26,50,55,50,16,16,15,19,19,19,5,SE,SE,1.4,8,SE,26,24,27,0.6,27,26,26,24,28,28,26,0,0,679,696,14.6,6,6,0.6,0,0.081,26,30,22,25,32,38,37,48,28,28,28,48,51,48,16,17,16,19,19,19,29,29
2/27/2024 10:45,33,33,33,39,40,39,17,22,34,34,766.3,766.4,766.3,708.6,27,27,27,48,50,47,15,16,15,19,19,19,6,SE,SE,1.5,10,SE,26,25,27,--,27,26,26,25,28,28,28,0,0,715,731,15.39,7,7,0.7,0,0.088,25,30,20,24,31,38,34,45,29,29,28,45,48,45,16,16,16,19,19,18,29,29
2/27/2024 11:00,34,34,33,38,39,38,17,22,34,34,766.2,766.3,766.2,708.6,27,28,27,45,48,45,14,15,14,19,19,19,5,SE,SSE,1.1,9,SSE,27,26,27,--,28,26,27,26,29,29,28,0,0,747,766,16.07,7,7,0.8,0,0.095,24,30,20,23,30,37,33,44,29,30,29,43,46,42,16,16,15,19,19,18,30,30
2/27/2024 11:15,34,34,34,37,38,37,17,22,34,35,766,766.2,766,708.4,28,28,27,44,46,43,14,15,14,19,19,19,5,SE,SSE,1.2,8,SE,27,26,28,--,28,27,27,26,29,29,29,0,0,776,793,16.68,8,8,0.8,0,0.096,24,30,20,24,30,37,34,49,30,31,30,41,43,40,16,16,15,19,19,18,31,31
2/27/2024 11:30,34,34,34,36,37,36,17,22,35,35,765.9,766,765.9,708.3,28,29,28,42,45,42,14,15,14,19,19,19,4,SE,SSE,0.9,8,SSE,28,27,28,0.7,28,28,28,27,31,31,29,0,0,800,817,17.21,8,8,0.9,0,0.103,23,29,19,23,29,36,31,45,31,31,30,39,42,39,16,16,15,19,19,19,31,31
2/27/2024 11:45,34,34,34,34,36,34,16,22,35,35,765.7,765.9,765.7,708.1,29,29,28,41,43,41,14,15,14,19,19,19,4,SE,SE,1,8,SSE,28,28,28,--,28,28,28,27,31,31,30,0,0,821,826,17.66,8,8,0.9,0,0.106,23,27,19,22,28,34,31,44,32,32,31,38,40,37,16,16,15,19,19,19,32,32
2/27/2024 12:00,35,35,34,34,34,34,16,22,35,35,765.5,765.6,765.5,707.8,29,29,29,40,41,36,14,14,13,19,19,19,3,SE,SE,0.7,6,SE,29,28,29,--,29,29,29,28,32,32,30,0,0,835,842,17.95,8,9,0.9,0,0.111,21,27,18,22,27,34,29,43,32,33,32,37,38,34,16,16,14,19,19,18,33,33
2/27/2024 12:15,34,35,34,33,34,33,16,22,35,35,765.2,765.5,765.2,707.6,29,30,29,39,40,37,14,14,13,19,20,19,4,SE,SSE,0.9,8,SSE,29,29,29,--,29,29,29,28,32,33,31,0,0,847,853,18.22,9,9,0.9,0,0.116,22,27,19,22,28,34,30,41,33,33,32,35,38,34,16,16,15,19,19,18,33,33
2/27/2024 12:30,35,35,34,33,33,33,16,22,35,35,765,765.2,765,707.4,30,30,29,38,38,37,14,14,14,20,20,19,2,S,S,0.5,5,SSW,30,29,30,0.8,30,30,30,29,33,33,31,0,0,851,856,18.3,9,9,0.9,0,0.121,22,26,19,22,27,33,29,40,34,34,33,34,35,34,16,16,15,19,19,18,34,34
2/27/2024 12:45,35,35,35,32,33,32,16,22,35,35,764.9,765,764.8,707.3,30,30,30,36,38,36,13,14,13,19,20,19,3,ESE,SE,0.8,7,E,30,30,29,--,30,29,30,29,33,33,33,0,0,852,858,18.33,9,9,0.9,0,0.124,22,26,19,22,27,32,29,42,34,34,34,33,34,33,15,16,15,19,19,19,34,34
2/27/2024 13:00,35,35,35,32,32,32,16,22,36,36,764.6,764.8,764.6,707.1,30,31,30,35,37,34,13,14,13,19,19,19,2,S,S,0.5,5,S,31,30,30,--,30,30,30,29,34,34,32,0,0,852,861,18.32,9,9,0.9,0,0.124,22,26,19,22,27,33,30,44,34,35,34,31,34,31,15,16,15,19,19,18,35,35
2/27/2024 13:15,36,36,35,31,32,31,16,22,36,36,764.4,764.6,764.4,706.8,31,31,31,33,35,33,13,14,13,19,20,19,3,ESE,SE,0.7,6,S,31,31,30,--,30,30,30,30,33,34,33,0,0,835,847,17.96,8,9,0.9,0,0.132,21,26,18,22,26,32,29,40,35,35,35,31,32,30,15,16,15,19,19,18,35,35
2/27/2024 13:30,36,36,36,30,32,30,16,22,36,36,764.2,764.4,764.2,706.7,31,31,31,32,34,32,12,13,12,19,19,19,4,SE,SE,1.1,9,SE,30,30,30,0.8,30,29,30,29,32,34,32,0,0,828,844,17.81,8,8,0.9,0,0.13,20,25,18,22,25,31,27,37,35,35,35,29,31,29,14,16,14,18,19,18,35,35
2/27/2024 13:45,36,36,36,30,31,30,16,22,36,36,764,764.2,764,706.5,31,31,31,32,33,32,12,13,12,19,19,19,4,SE,SE,0.9,8,SSE,31,30,30,--,30,30,30,29,33,33,32,0,0,811,828,17.45,8,8,0.9,0,0.131,19,26,17,21,24,33,26,41,35,36,35,29,30,28,15,15,14,18,19,18,35,36
2/27/2024 14:00,36,36,36,30,30,30,16,22,36,36,763.7,764,763.7,706.2,31,31,31,32,32,31,12,13,12,19,19,19,3,E,ESE,0.8,8,ESE,31,31,30,--,30,30,30,30,33,34,32,0,0,790,802,17,8,8,0.8,0,0.132,18,23,17,20,23,29,24,34,36,36,35,28,30,28,14,15,14,18,19,18,35,36
2/27/2024 14:15,36,36,36,30,30,29,16,22,36,36,763.5,763.7,763.5,706,31,32,31,29,32,29,11,13,11,19,19,19,3,SE,SE,0.7,8,SE,31,31,30,--,31,30,31,30,34,34,33,0,0,770,782,16.56,7,8,0.8,0,0.136,19,25,17,21,24,31,26,36,36,36,36,28,29,27,15,15,14,18,19,18,36,36
2/27/2024 14:30,36,36,36,30,31,30,16,23,37,37,763.3,763.5,763.3,705.8,32,32,31,30,30,29,12,12,11,19,19,19,2,NE,NE,0.5,6,SSE,32,31,30,0.7,31,30,31,30,33,34,33,0,0,734,763,15.79,7,7,0.7,0,0.138,18,24,16,20,22,30,24,34,37,37,36,27,28,26,14,15,14,18,19,18,37,37
2/27/2024 14:45,37,37,36,29,30,29,16,22,37,37,763.1,763.2,763.1,705.6,32,32,31,28,30,28,11,12,11,19,19,19,3,S,SSE,0.7,7,SE,32,31,31,--,31,31,31,30,34,34,33,0,0,700,722,15.07,6,7,0.7,0,0.141,17,22,16,19,22,28,23,36,37,37,37,26,27,25,14,15,14,18,18,18,37,37
2/27/2024 15:00,37,37,37,29,30,29,16,22,37,37,762.9,763,762.9,705.4,32,32,32,28,29,28,11,12,11,19,19,19,2,SE,ESE,0.5,6,ESE,32,32,31,--,31,31,31,31,34,34,34,0,0,664,675,14.28,6,6,0.6,0,0.145,16,22,15,18,20,28,22,30,37,37,37,25,27,25,14,15,14,18,19,17,37,37
2/27/2024 15:15,37,37,37,28,29,28,15,22,37,37,762.7,762.9,762.7,705.3,32,32,32,28,28,27,11,11,11,19,19,19,2,SE,SSE,0.6,6,SE,32,32,31,--,31,31,31,31,34,34,33,0,0,622,643,13.37,5,6,0.6,0,0.146,17,22,15,18,21,27,22,32,37,38,37,26,26,24,15,15,13,18,18,17,37,37
2/27/2024 15:30,37,37,37,28,28,28,15,22,37,37,762.6,762.7,762.6,705.2,32,32,32,26,28,26,10,11,10,19,19,19,2,ESE,E,0.6,6,E,32,32,31,0.6,31,31,31,31,33,34,33,0,0,580,605,12.47,5,5,0.5,0,0.146,16,22,15,18,20,28,22,33,37,37,37,24,26,24,13,15,13,17,18,17,36,37
2/27/2024 15:45,37,37,37,28,28,28,15,22,37,37,762.5,762.6,762.5,705.1,33,33,32,25,26,25,11,11,10,19,19,18,1,ESE,SE,0.3,3,SE,33,32,32,--,32,32,32,31,34,34,33,0,0,544,566,11.71,4,4,0.4,0,0.148,15,21,14,18,19,26,20,29,37,38,37,24,25,23,13,14,13,17,18,17,37,37
2/27/2024 16:00,37,37,37,28,28,28,15,22,37,37,762.5,762.5,762.4,705,33,33,33,26,26,25,11,11,10,19,19,19,1,W,W,0.2,3,SSE,33,33,32,--,32,32,32,32,33,34,33,0,0,484,513,10.4,4,4,0.4,0,0.154,16,22,14,19,20,27,21,30,37,38,37,24,25,23,13,14,13,17,18,17,37,37
2/27/2024 16:15,37,37,37,28,28,27,15,22,36,37,762.4,762.5,762.3,705,33,33,33,26,26,25,11,11,10,19,19,19,2,SE,SSE,0.5,5,SE,33,33,32,--,32,32,32,32,33,33,33,0,0,417,452,8.97,3,3,0.3,0,0.155,17,24,16,21,22,30,23,35,38,38,37,24,24,23,13,14,13,17,18,17,37,37
2/27/2024 16:30,36,37,36,27,28,27,15,22,36,37,762.3,762.3,762.3,704.9,33,33,32,27,27,26,11,11,11,19,19,19,3,SE,ESE,0.7,5,ESE,32,32,31,0.4,32,31,32,31,32,32,32,0,0,371,392,7.98,2,3,0.3,0,0.149,18,23,16,19,22,29,24,34,37,38,37,24,25,24,14,14,13,17,17,17,37,37
2/27/2024 16:45,36,36,36,28,28,27,15,22,36,36,762.3,762.4,762.3,704.9,32,33,32,27,27,27,11,11,11,19,19,19,2,ESE,SE,0.5,5,SE,33,32,32,--,32,32,32,31,32,32,31,0,0,317,341,6.83,2,2,0.2,0,0.147,18,23,16,20,22,29,24,34,37,37,37,25,26,24,14,14,13,18,18,17,36,37
2/27/2024 17:00,36,36,36,28,28,28,14,21,35,36,762.3,762.3,762.3,704.9,33,33,33,26,27,26,11,12,11,19,19,19,1,SSE,SSE,0.3,4,SSE,33,33,32,--,32,32,32,32,31,32,31,0,0,265,292,5.69,2,2,0.2,0,0.154,18,24,16,19,22,30,24,32,37,37,37,26,26,25,14,14,13,18,18,17,36,36
2/27/2024 17:15,35,36,35,29,29,28,15,21,35,35,762.3,762.3,762.3,704.9,33,33,32,27,27,27,11,11,11,19,19,19,2,NNW,NE,0.4,5,ESE,32,32,31,--,32,31,32,31,30,32,30,0,0,207,234,4.46,1,1,0.1,0,0.148,17,23,15,19,21,29,23,34,36,37,36,27,27,25,14,14,13,18,18,17,36,36
2/27/2024 17:30,35,35,35,29,29,28,14,21,34,35,762.4,762.4,762.3,705,32,32,32,27,28,27,11,12,11,19,19,19,1,SE,SE,0.4,3,ESE,32,32,31,0.2,31,31,31,31,30,31,30,0,0,150,178,3.22,1,1,0.1,0,0.146,17,24,15,19,22,30,23,35,36,36,36,26,27,26,13,14,13,17,18,17,35,36
2/27/2024 17:45,34,35,34,29,29,28,14,21,34,34,762.4,762.4,762.3,705,32,32,32,30,30,27,12,12,11,19,19,19,2,ESE,E,0.4,3,ENE,32,32,31,--,31,31,31,31,29,30,29,0,0,91,118,1.95,0,1,0.1,0,0.144,18,25,16,19,22,31,24,40,35,36,35,28,28,26,14,14,13,18,18,17,34,35
2/27/2024 18:00,34,34,34,30,30,29,14,21,34,34,762.6,762.6,762.4,705.1,32,32,31,31,31,29,12,12,12,19,19,19,2,ENE,ENE,0.5,5,NE,31,31,30,--,31,30,31,30,29,29,29,0,0,47,62,1,0,0,0,0,0.139,19,26,17,20,24,32,26,39,34,35,34,30,30,28,14,14,14,18,18,17,33,35
2/27/2024 18:15,33,34,33,32,32,30,14,21,33,34,762.6,762.6,762.5,705.1,31,31,31,34,34,31,13,13,12,19,19,19,4,NE,NE,1,7,ENE,30,30,30,--,30,30,30,29,29,29,29,0,0,20,30,0.43,0,0,0,0,0.131,21,27,18,22,26,34,28,44,33,34,33,33,33,30,14,14,14,18,18,17,32,33
2/27/2024 18:30,33,33,33,32,32,32,14,21,33,33,762.6,762.7,762.6,705.2,30,31,30,36,36,34,13,13,13,19,19,19,3,NNE,NNE,0.7,6,NE,30,30,29,0.1,30,29,30,29,28,29,28,0,0,4,11,0.08,0,0,0,0,0.125,25,30,21,26,31,38,34,49,32,33,32,34,34,33,15,15,14,18,18,18,32,32
2/27/2024 18:45,33,33,33,33,33,32,14,21,32,33,762.7,762.7,762.6,705.2,30,30,30,36,36,36,13,13,13,19,19,19,3,NE,NE,0.7,5,NE,30,30,29,--,29,29,29,29,28,28,28,0,0,0,0,0,0,0,0,0,0.121,24,30,20,24,30,37,34,45,32,32,31,35,35,34,14,15,14,18,18,18,31,32
2/27/2024 19:00,32,33,32,34,34,33,14,20,31,32,762.9,762.9,762.7,705.4,30,30,29,37,37,36,13,13,13,19,19,19,2,NE,NE,0.5,4,NE,29,29,29,--,29,29,29,29,28,28,28,0,0,0,0,0,0,0,0,0,0.118,25,31,21,24,32,39,37,49,31,32,31,36,36,35,14,14,14,18,18,18,31,31
2/27/2024 19:15,31,32,31,34,34,34,14,20,31,31,763,763,762.9,705.5,29,29,29,37,37,37,13,13,13,19,19,19,2,NE,NE,0.4,3,NE,29,29,29,--,29,29,29,29,27,28,27,0,0,0,0,0,0,0,0,0,0.114,25,29,21,25,32,36,36,47,31,31,31,36,37,36,14,14,14,18,18,18,31,31
2/27/2024 19:30,31,31,31,35,35,34,14,20,30,31,763.1,763.1,763,705.6,29,29,29,39,39,37,13,13,13,19,19,19,2,N,N,0.5,3,N,29,29,28,0,29,28,29,28,27,27,27,0,0,0,0,0,0,0,0,0,0.111,25,29,21,24,32,36,36,47,31,31,31,37,37,36,14,15,14,18,18,18,31,31
2/27/2024 19:45,31,31,31,36,36,35,14,20,30,30,763.3,763.3,763.1,705.8,29,29,28,41,41,39,14,14,13,19,19,19,2,N,N,0.4,4,NNE,28,28,28,--,28,28,28,28,27,27,27,0,0,0,0,0,0,0,0,0,0.107,25,30,21,24,32,38,36,47,31,31,31,38,38,37,15,15,14,18,18,18,30,31
2/27/2024 20:00,30,31,30,36,36,36,14,20,30,30,763.6,763.6,763.3,706.1,28,28,28,41,41,40,14,14,14,19,19,19,3,NE,NE,0.9,5,NNE,28,28,28,--,28,27,28,27,26,27,26,0,0,0,0,0,0,0,0,0,0.104,28,33,23,28,35,41,42,53,30,31,30,40,40,38,15,15,15,18,18,18,29,30
2/27/2024 20:15,30,30,30,37,37,36,14,19,30,30,763.8,763.8,763.6,706.3,28,28,28,43,43,41,14,14,14,19,19,19,3,NE,NE,0.8,6,NNE,28,28,28,--,28,28,28,27,26,26,26,0,0,0,0,0,0,0,0,0,0.101,30,34,24,27,37,43,44,57,29,30,29,42,42,40,15,15,15,18,18,18,29,29
2/27/2024 20:30,30,30,30,37,37,37,14,19,29,30,763.9,764,763.8,706.4,28,28,28,45,45,44,15,15,14,19,19,19,3,ENE,NE,0.8,5,NE,27,27,27,0,28,27,28,27,26,26,26,0,0,0,0,0,0,0,0,0,0.097,32,35,26,28,40,44,48,58,29,29,29,43,43,42,15,15,15,18,18,18,29,29
2/27/2024 20:45,30,30,30,38,38,37,14,19,29,29,764,764.1,764,706.5,28,28,27,46,46,45,15,15,14,19,19,19,3,ENE,ENE,0.8,6,ENE,27,27,27,--,27,27,27,27,26,26,26,0,0,0,0,0,0,0,0,0,0.096,32,36,26,29,40,45,48,57,29,29,29,44,44,43,15,15,15,18,18,18,29,29
2/27/2024 21:00,30,30,30,38,38,38,14,19,29,29,764.1,764.2,764,706.6,27,27,27,46,46,46,15,15,15,19,19,19,2,E,E,0.6,5,E,27,27,27,--,27,27,27,27,26,26,26,0,0,0,0,0,0,0,0,0,0.093,33,38,27,30,41,47,50,61,29,29,28,45,45,44,15,16,15,18,18,18,28,29
2/27/2024 21:15,30,30,30,39,39,38,14,20,29,29,764.2,764.2,764.2,706.7,27,27,27,47,47,46,15,15,15,19,19,19,3,E,E,0.8,5,E,27,26,27,--,27,26,27,26,25,26,25,0,0,0,0,0,0,0,0,0,0.09,34,38,28,31,42,47,52,60,29,29,28,45,46,45,15,16,15,18,18,18,29,29
2/27/2024 21:30,30,30,30,39,39,39,14,20,29,29,764.3,764.3,764.2,706.8,27,27,27,48,48,47,15,15,15,19,19,19,3,ESE,ESE,0.8,5,ESE,26,26,27,0,27,26,27,26,25,26,25,0,0,0,0,0,0,0,0,0,0.088,35,39,28,31,44,49,54,63,28,29,28,46,46,45,16,16,15,18,18,18,28,29
2/27/2024 21:45,30,30,30,39,39,39,14,19,29,29,764.3,764.3,764.3,706.8,26,27,26,49,49,48,15,15,15,19,19,19,3,ESE,ESE,0.8,4,ESE,26,26,26,--,27,26,26,26,25,25,25,0,0,0,0,0,0,0,0,0,0.084,35,38,28,32,43,48,53,62,28,28,28,45,46,45,15,16,15,18,18,18,28,28
2/27/2024 22:00,29,30,29,40,40,39,14,19,29,29,764.4,764.4,764.3,706.9,26,26,26,50,50,49,15,15,15,19,19,19,3,ESE,ESE,0.8,4,ESE,26,26,26,--,26,26,26,26,25,25,25,0,0,0,0,0,0,0,0,0,0.081,35,39,28,31,44,49,54,69,28,28,28,46,47,45,15,15,15,18,18,18,28,28
2/27/2024 22:15,29,29,29,40,40,40,14,19,29,29,764.5,764.5,764.4,707,26,26,26,50,50,49,15,15,15,19,19,19,3,ESE,ESE,0.8,4,ESE,26,26,26,--,26,26,26,26,25,25,24,0,0,0,0,0,0,0,0,0,0.079,35,40,28,31,44,50,55,65,28,28,28,47,47,46,15,15,15,18,18,18,28,28
2/27/2024 22:30,29,29,29,40,40,40,14,19,29,29,764.5,764.5,764.5,707,26,26,26,50,50,50,14,15,14,18,19,18,3,ESE,ESE,0.8,4,ESE,26,26,26,0,26,26,26,26,25,25,25,0,0,0,0,0,0,0,0,0,0.078,36,40,29,31,45,50,56,65,28,28,28,47,47,47,15,15,15,18,18,18,28,28
2/27/2024 22:45,29,29,29,40,41,40,14,19,29,29,764.5,764.6,764.5,707,26,26,26,51,51,50,14,15,14,18,18,18,2,ESE,ESE,0.6,4,ESE,26,26,26,--,26,26,26,26,24,25,24,0,0,0,0,0,0,0,0,0,0.076,35,41,28,31,44,51,55,64,28,28,28,47,47,46,15,15,15,18,18,18,28,28
2/27/2024 23:00,29,29,29,41,41,40,14,19,29,29,764.5,764.6,764.5,707,25,26,25,51,51,51,14,15,14,18,18,18,3,ESE,ESE,0.7,4,ESE,25,25,25,--,26,25,26,25,24,24,24,0,0,0,0,0,0,0,0,0,0.074,35,39,28,31,43,49,54,65,27,28,27,47,47,47,15,15,15,18,18,18,27,28
2/27/2024 23:15,29,29,29,41,41,41,14,19,29,29,764.4,764.5,764.4,706.9,25,25,25,52,52,51,14,15,14,18,18,18,3,ESE,ESE,0.8,4,ESE,25,25,25,--,25,25,25,25,24,24,24,0,0,0,0,0,0,0,0,0,0.071,34,38,27,30,43,48,53,62,27,27,27,48,48,47,15,15,15,18,18,18,27,27
2/27/2024 23:30,29,29,29,41,41,41,14,19,29,29,764.4,764.4,764.4,706.9,25,25,25,54,54,52,15,15,14,18,18,18,3,ESE,ESE,0.8,4,ESE,25,25,25,0,25,25,25,25,24,24,24,0,0,0,0,0,0,0,0,0,0.068,33,38,27,30,42,48,52,60,27,27,27,49,49,48,15,15,15,18,18,18,27,27
2/27/2024 23:45,29,29,29,42,42,41,14,19,28,29,764.3,764.4,764.3,706.8,25,25,24,56,56,54,15,15,15,18,18,18,3,ESE,ESE,0.7,4,ESE,24,24,25,--,25,25,25,25,24,24,23,0,0,0,0,0,0,0,0,0,0.066,34,38,27,30,42,48,52,61,27,27,27,50,50,49,15,15,15,18,18,18,27,27
2/28/2024 0:00,29,29,29,42,42,42,15,19,28,28,764.2,764.3,764.2,706.7,24,24,24,58,58,56,15,15,15,18,18,18,3,ESE,ESE,0.8,4,ESE,24,24,24,--,25,24,25,24,23,24,23,0,0,0,0,0,0,0,0,0,0.063,35,38,28,31,43,48,54,62,26,27,26,52,52,50,16,16,15,18,18,18,27,27
2/28/2024 0:15,28,29,28,43,43,42,15,19,28,28,764.2,764.3,764.2,706.7,24,24,24,59,59,58,16,16,15,18,19,18,4,SE,SE,1,5,ESE,23,23,24,--,24,24,24,23,23,23,22,0,0,0,0,0,0,0,0,0,0.061,36,40,29,33,45,50,56,62,26,26,26,54,54,52,16,16,16,18,18,18,26,27
2/28/2024 0:30,28,28,28,43,43,43,15,19,28,28,764.1,764.2,764.1,706.6,24,24,24,60,60,59,16,16,16,19,19,18,3,ESE,ESE,0.8,5,E,24,23,24,0,24,24,24,24,23,23,22,0,0,0,0,0,0,0,0,0,0.059,37,42,30,33,46,53,58,68,26,26,26,55,56,54,16,16,16,19,19,18,26,26
2/28/2024 0:45,28,28,28,44,44,43,15,19,28,28,764.2,764.2,764.1,706.6,24,24,24,61,62,60,16,16,16,19,19,19,4,ESE,ESE,0.9,6,ESE,23,23,24,--,24,24,24,23,22,23,22,0,0,0,0,0,0,0,0,0,0.058,38,42,30,34,47,52,59,68,26,26,26,57,57,55,16,16,16,19,19,19,26,26
2/28/2024 1:00,28,28,28,44,44,44,15,19,28,28,764.1,764.1,764,706.6,24,24,24,62,62,61,16,16,16,19,19,19,4,ESE,ESE,0.9,6,ESE,23,23,24,--,24,23,24,23,22,23,22,0,0,0,0,0,0,0,0,0,0.057,37,41,30,33,46,51,58,67,26,26,26,57,58,56,16,16,16,19,19,19,26,26
2/28/2024 1:15,28,28,28,45,45,44,15,19,28,28,763.9,764.1,763.9,706.4,24,24,24,63,63,62,16,16,16,19,19,19,4,ESE,ESE,1,6,ESE,23,23,24,--,24,23,24,23,22,22,22,0,0,0,0,0,0,0,0,0,0.056,37,40,29,33,46,50,57,65,25,26,25,58,58,57,17,17,16,19,19,19,26,26
2/28/2024 1:30,28,28,28,45,45,45,15,19,28,28,763.8,763.9,763.8,706.3,24,24,24,63,63,63,16,16,16,19,19,19,4,ESE,ESE,0.9,5,SE,23,23,24,0,24,23,23,23,22,22,22,0,0,0,0,0,0,0,0,0,0.054,35,39,28,31,44,49,54,66,25,25,25,59,59,58,17,17,17,19,19,19,26,26
2/28/2024 1:45,28,28,28,46,46,45,15,19,28,28,763.7,763.8,763.7,706.2,23,24,23,64,64,63,16,16,16,19,19,19,3,ESE,ESE,0.8,4,E,23,23,24,--,24,24,24,23,23,23,22,0,0,0,0,0,0,0,0,0,0.053,34,38,27,30,42,47,52,62,25,25,25,59,59,58,17,17,17,19,19,19,25,26
2/28/2024 2:00,28,28,28,46,46,46,15,19,28,28,763.6,763.7,763.6,706.1,23,23,23,64,64,64,16,16,16,19,19,19,4,SE,SE,0.9,5,SE,23,23,24,--,24,23,24,23,22,23,22,0,0,0,0,0,0,0,0,0,0.052,33,38,27,30,42,48,52,60,25,25,25,60,60,58,17,17,17,19,19,19,25,26
2/28/2024 2:15,28,28,28,46,46,46,15,19,28,28,763.6,763.7,763.5,706.1,23,23,23,64,64,64,16,16,16,18,19,18,4,SE,SE,1,5,SE,22,22,24,--,24,23,23,23,22,22,22,0,0,0,0,0,0,0,0,0,0.051,32,37,26,28,40,46,50,57,25,25,25,58,60,58,16,17,16,19,19,19,25,25
2/28/2024 2:30,28,28,28,46,46,46,15,19,28,28,763.6,763.6,763.5,706.1,23,23,23,64,64,64,16,16,16,18,19,18,4,SSE,SSE,0.9,5,SSE,23,22,23,0,24,23,23,23,22,22,22,0,0,0,0,0,0,0,0,0,0.051,32,37,25,28,40,46,48,56,25,25,25,59,59,58,16,16,16,18,19,18,25,25
2/28/2024 2:45,28,28,28,46,46,46,15,19,28,28,763.4,763.5,763.4,706,23,23,23,64,64,64,16,16,16,18,18,18,4,SSE,SSE,0.9,6,SSE,22,22,23,--,24,23,23,23,22,22,22,0,0,0,0,0,0,0,0,0,0.049,31,36,24,28,38,45,47,58,25,25,25,59,60,58,16,16,16,18,19,18,25,25
2/28/2024 3:00,28,28,28,46,46,46,15,19,28,28,763.4,763.4,763.4,705.9,23,23,23,64,64,64,16,16,16,18,18,18,4,SE,SE,1,5,SE,22,22,23,--,23,22,23,22,21,22,21,0,0,0,0,0,0,0,0,0,0.048,30,34,24,27,38,43,46,53,25,25,25,59,60,59,16,16,16,18,18,18,25,25
2/28/2024 3:15,28,28,28,46,46,46,15,19,28,28,763.3,763.4,763.3,705.9,23,23,23,64,65,64,16,16,16,18,18,18,4,SE,SE,1,4,SE,22,22,23,--,23,22,23,22,21,21,21,0,0,0,0,0,0,0,0,0,0.047,30,34,24,28,38,43,46,54,25,25,25,59,60,59,16,16,16,18,18,18,25,25
2/28/2024 3:30,28,28,28,46,46,46,15,19,28,28,763.4,763.4,763.3,705.9,23,23,23,65,65,64,16,16,16,18,18,18,3,ESE,ESE,0.8,4,SE,23,22,23,0,23,23,23,22,22,22,21,0,0,0,0,0,0,0,0,0,0.046,30,35,24,27,38,44,46,55,25,25,24,59,60,59,16,16,16,18,18,18,25,25
2/28/2024 3:45,28,28,28,46,46,46,15,19,28,28,763.4,763.4,763.4,705.9,23,23,22,65,66,65,16,16,16,18,18,18,3,ESE,ESE,0.7,4,ESE,22,22,23,--,23,23,23,23,21,22,21,0,0,0,0,0,0,0,0,0,0.044,31,36,24,28,38,45,46,62,25,25,24,60,60,59,16,16,16,18,18,18,25,25
2/28/2024 4:00,28,28,28,46,46,46,15,19,28,28,763.4,763.4,763.3,705.9,22,22,22,65,65,65,16,16,16,18,18,18,4,SE,SE,0.9,4,SE,22,22,23,--,23,22,23,22,21,22,21,0,0,0,0,0,0,0,0,0,0.043,30,34,24,28,38,43,46,54,24,24,24,60,60,60,16,16,16,18,18,18,25,25
2/28/2024 4:15,28,28,28,47,47,46,15,19,28,28,763.5,763.5,763.4,706,22,22,22,64,65,64,15,16,15,18,18,18,3,SE,SE,0.8,4,SE,22,22,22,--,23,22,23,22,21,21,21,0,0,0,0,0,0,0,0,0,0.042,30,35,23,27,37,44,45,60,24,24,24,59,60,59,16,16,16,18,18,18,24,25
2/28/2024 4:30,28,28,28,47,47,46,15,19,28,28,763.4,763.5,763.4,706,22,23,22,63,64,63,15,15,15,18,18,18,3,SE,SSE,0.6,4,SE,23,22,23,0,23,23,23,22,22,22,21,0,0,0,0,0,0,0,0,0,0.043,29,34,23,27,36,42,44,55,24,24,24,58,60,58,16,16,16,18,18,18,25,25
2/28/2024 4:45,28,28,28,47,47,46,15,19,28,28,763.5,763.5,763.4,706,23,23,22,64,64,63,15,15,15,18,18,18,3,SSE,SSE,0.7,4,SSE,23,22,23,--,23,23,23,23,22,22,21,0,0,0,0,0,0,0,0,0,0.044,29,34,23,28,36,43,43,55,24,24,24,60,60,58,16,16,16,18,18,18,24,25
2/28/2024 5:00,28,28,28,47,47,47,15,19,27,28,763.6,763.6,763.5,706.1,22,23,22,66,66,64,15,16,15,18,18,18,4,SE,SE,1,5,SE,21,21,22,--,23,22,23,22,21,22,21,0,0,0,0,0,0,0,0,0,0.043,29,34,23,27,37,42,44,56,24,24,24,60,60,60,16,16,16,18,18,18,24,24
2/28/2024 5:15,28,28,28,47,47,47,15,19,27,28,763.6,763.6,763.6,706.1,22,22,22,66,66,66,16,16,15,18,18,18,4,SE,SE,0.9,4,SE,22,21,22,--,22,22,22,22,21,21,21,0,0,0,0,0,0,0,0,0,0.04,29,34,23,27,36,43,43,53,24,24,24,60,60,60,16,16,16,18,18,18,24,24
2/28/2024 5:30,27,28,27,47,47,47,15,19,27,28,763.7,763.7,763.6,706.2,22,22,22,67,67,66,16,16,15,18,18,18,3,SE,SE,0.8,4,SE,22,22,22,0,22,22,22,22,21,21,21,0,0,0,0,0,0,0,0,0,0.038,29,34,23,26,37,42,44,55,24,24,24,61,61,60,16,16,16,18,18,18,24,24
2/28/2024 5:45,27,27,27,47,47,47,15,19,27,27,763.8,763.9,763.7,706.3,22,22,22,68,68,67,16,16,16,18,18,18,3,SE,SE,0.8,4,ESE,22,22,22,--,22,22,22,22,21,21,21,0,0,0,0,0,0,0,0,0,0.036,30,34,23,27,37,42,45,55,24,24,24,61,62,61,16,16,16,18,18,18,24,24
2/28/2024 6:00,27,27,27,47,47,47,15,19,27,27,764,764,763.9,706.5,22,22,21,68,68,68,15,16,15,18,18,18,3,ESE,ESE,0.7,4,SE,21,21,22,--,22,22,22,22,21,21,21,0,0,0,0,0,0,0,0,0,0.034,30,34,23,28,37,42,45,53,24,24,24,62,62,61,16,16,16,18,18,18,24,24
2/28/2024 6:15,27,27,27,47,47,47,15,19,27,27,764.2,764.2,764,706.6,21,21,21,68,68,68,15,15,15,17,18,17,2,ESE,ESE,0.6,4,ESE,21,21,21,--,22,21,22,21,20,21,20,0,0,0,0,0,0,0,0,0,0.032,30,35,24,27,38,44,46,58,24,24,24,61,62,61,16,16,16,18,18,18,24,24
2/28/2024 6:30,27,27,27,48,48,47,15,19,27,27,764.3,764.3,764.1,706.7,21,21,21,69,69,68,15,15,15,17,17,17,3,ESE,ESE,0.7,4,ESE,21,21,21,0,21,21,21,21,20,20,20,0,0,0,0,0,0,0,0,0,0.03,31,35,24,28,38,44,47,56,23,24,23,62,62,61,16,16,16,18,18,18,24,24
2/28/2024 6:45,28,28,27,48,48,48,16,20,28,28,764.4,764.4,764.3,706.9,21,21,21,70,70,69,15,15,15,17,17,17,3,SE,SE,0.9,4,SE,21,21,21,--,21,21,21,21,20,20,20,0,0,2,7,0.04,0,0,0,0,0.028,32,38,25,28,40,47,49,58,23,23,23,63,63,62,16,16,16,18,18,18,23,24
2/28/2024 7:00,28,28,28,47,48,47,16,20,29,29,764.4,764.5,764.4,706.9,21,21,21,70,70,69,15,16,15,18,18,17,3,SE,SSE,0.8,4,SE,21,21,21,--,21,21,21,21,20,20,20,0,0,16,26,0.35,0,0,0,0,0.029,32,36,25,28,40,45,49,59,23,23,23,63,63,63,16,16,16,18,18,18,24,24
2/28/2024 7:15,29,29,28,47,47,47,16,20,29,29,764.6,764.6,764.5,707,21,21,21,70,70,69,16,16,15,18,18,17,3,SSE,SSE,0.7,4,S,21,21,21,--,22,21,22,21,20,21,20,0,0,38,51,0.82,0,0,0,0,0.03,32,38,26,30,40,47,49,58,23,24,23,63,64,63,16,16,16,18,18,18,24,24
2/28/2024 7:30,29,29,29,46,47,46,16,20,29,29,764.7,764.7,764.6,707.1,21,21,21,70,70,69,16,16,16,18,18,18,2,SSE,SSE,0.6,4,SSE,21,21,22,0,22,22,22,21,21,21,20,0,0,72,93,1.55,0,1,0,0,0.032,32,37,26,28,40,46,48,61,24,24,23,62,64,62,16,16,16,18,18,18,24,24
2/28/2024 7:45,29,29,29,46,46,46,16,21,30,30,764.9,764.9,764.7,707.4,22,22,21,69,70,69,16,16,16,18,18,18,2,SE,SE,0.4,3,SE,22,21,22,--,22,22,22,22,21,21,21,0,0,120,144,2.58,1,1,0.1,0,0.034,31,35,25,28,39,44,48,56,24,24,24,62,63,62,16,16,16,18,18,18,24,24
2/28/2024 8:00,30,30,29,45,46,45,17,21,30,30,765,765,764.9,707.4,22,23,22,66,68,66,16,16,16,18,18,18,2,S,SSE,0.4,4,SE,23,22,23,--,23,23,23,22,23,23,21,0,0,167,190,3.6,1,1,0.1,0,0.041,31,36,24,29,38,45,47,57,24,25,24,61,62,61,17,17,16,19,19,18,25,25
2/28/2024 8:15,30,30,30,44,45,44,17,21,31,31,765.1,765.1,765,707.6,23,23,23,64,66,64,16,16,16,18,18,18,2,S,SSE,0.5,4,S,23,23,24,--,24,24,24,23,24,24,23,0,0,218,244,4.69,1,2,0.1,0,0.048,32,39,26,33,41,49,49,62,25,25,25,59,61,59,17,17,16,19,19,19,25,25
2/28/2024 8:30,31,31,30,43,44,43,17,21,32,32,765.4,765.4,765.2,707.7,24,24,23,63,64,63,16,17,16,19,19,18,2,S,S,0.4,4,S,24,23,24,0.2,24,24,24,24,25,25,24,0,0,271,295,5.83,2,2,0.2,0,0.055,30,35,24,28,38,44,46,56,26,26,25,58,59,58,17,17,17,19,19,19,26,26
2/28/2024 8:45,31,31,31,42,43,42,17,22,32,32,765.4,765.4,765.4,707.8,24,24,24,62,63,62,17,17,16,19,19,19,3,SSW,SSW,0.7,5,S,24,24,25,--,25,25,25,24,25,25,25,0,0,325,352,7,2,2,0.2,0,0.061,31,34,24,28,38,43,47,57,26,26,26,57,58,57,17,17,17,19,19,19,27,27
2/28/2024 9:00,32,32,31,41,42,41,17,22,33,33,765.4,765.4,765.4,707.8,25,25,24,59,62,59,17,17,17,19,20,19,2,S,SSW,0.5,4,SSW,25,24,26,--,26,26,26,25,27,27,25,0,0,379,404,8.16,3,3,0.3,0,0.067,31,35,24,29,38,44,47,56,27,27,26,54,57,54,17,17,17,20,20,19,28,28
2/28/2024 9:15,33,33,32,40,41,40,17,22,33,33,765.6,765.6,765.5,708,26,26,25,54,59,54,16,17,16,19,19,19,3,SSW,SSW,0.7,4,SSE,26,25,26,--,26,26,26,26,28,28,27,0,0,431,455,9.28,3,4,0.3,0,0.076,28,34,22,27,35,42,41,53,28,28,27,51,55,51,17,17,16,19,20,19,28,28
2/28/2024 9:30,33,33,33,39,40,39,17,22,34,34,765.7,765.7,765.6,708.1,26,27,26,51,54,50,16,16,15,19,19,19,3,S,S,0.6,5,SW,27,26,27,0.3,27,27,27,26,29,29,28,0,0,481,501,10.35,4,4,0.4,0,0.085,26,32,21,26,32,40,37,49,28,29,28,48,51,47,17,17,16,19,19,19,29,29
2/28/2024 9:45,34,34,33,38,39,38,17,22,34,34,765.7,765.8,765.7,708.1,27,28,27,46,51,46,15,16,15,19,20,19,2,S,S,0.5,4,S,28,27,28,--,28,28,28,27,30,30,29,0,0,530,554,11.4,4,5,0.5,0,0.094,24,31,20,24,30,39,34,51,29,29,29,44,48,44,16,17,16,19,19,19,29,30
2/28/2024 10:00,34,34,34,37,38,37,17,22,35,35,765.7,765.8,765.7,708.1,28,28,28,44,46,44,15,15,15,19,19,19,2,S,S,0.5,5,S,28,28,28,--,28,28,28,28,30,30,30,0,0,579,601,12.45,5,5,0.5,0,0.1,22,28,18,22,28,35,31,47,30,30,29,43,45,42,16,16,16,19,19,18,30,30
2/28/2024 10:15,34,34,34,36,37,36,17,22,35,35,765.7,765.7,765.6,708.1,29,29,28,42,44,42,15,15,15,20,20,19,2,SW,SSW,0.4,4,SSW,29,28,29,--,29,29,29,28,31,31,30,0,0,622,642,13.38,6,6,0.6,0,0.106,22,28,18,22,27,35,30,43,31,31,30,41,43,40,16,16,16,19,19,19,31,31
2/28/2024 10:30,35,35,34,35,36,35,17,22,36,36,765.7,765.7,765.7,708.1,29,29,29,41,42,41,15,15,15,20,20,19,1,ESE,ESE,0.3,3,ESE,29,29,29,0.5,29,29,29,29,32,32,31,0,0,662,680,14.24,6,6,0.6,0,0.112,21,26,17,21,26,33,29,42,32,32,31,40,41,39,17,17,16,20,20,19,32,32
2/28/2024 10:45,35,35,35,35,35,35,17,23,36,36,765.7,765.8,765.7,708.1,30,30,29,40,41,40,15,15,14,20,20,19,1,E,E,0.4,4,ESE,30,29,29,--,29,29,29,29,32,32,32,0,0,697,710,14.98,6,7,0.7,0,0.117,21,25,17,21,26,31,28,44,32,32,32,39,40,38,17,17,16,20,20,19,33,33
2/28/2024 11:00,35,35,35,34,35,34,17,23,36,36,765.7,765.8,765.6,708.1,30,30,30,39,40,38,15,15,14,20,20,20,2,E,E,0.5,5,ESE,30,30,30,--,30,30,30,29,33,33,32,0,0,730,747,15.7,7,7,0.8,0,0.121,21,26,17,21,26,33,29,41,33,33,32,37,39,36,16,17,16,19,20,19,33,33
2/28/2024 11:15,36,36,35,34,34,34,17,23,37,37,765.6,765.7,765.6,707.9,30,30,29,38,39,37,14,15,13,19,20,19,2,NW,N,0.6,5,NNE,29,29,29,--,30,29,30,29,32,33,31,0,0,744,763,16.01,7,7,0.8,0,0.119,22,27,18,22,27,34,29,45,33,33,33,35,38,34,16,17,16,19,20,19,34,34
2/28/2024 11:30,36,36,36,33,34,33,17,23,37,37,765.4,765.6,765.4,707.8,30,30,29,38,40,38,14,15,14,19,20,19,2,NNW,NNE,0.5,6,NE,30,29,29,0.7,29,29,29,29,32,32,32,0,0,764,796,16.44,8,8,0.8,0,0.118,22,26,19,23,27,33,30,43,34,34,33,35,37,34,16,17,16,19,20,19,34,35
2/28/2024 11:45,36,36,36,33,33,33,17,23,37,37,765.2,765.4,765.2,707.6,30,30,30,35,38,35,13,14,13,19,20,19,3,NNE,NNE,0.6,6,NNE,30,30,29,--,30,29,30,29,32,33,32,0,0,804,821,17.29,8,8,0.9,0,0.123,22,26,19,22,27,33,30,43,34,35,34,33,35,32,16,17,16,19,20,19,35,35
2/28/2024 12:00,36,36,36,33,33,33,17,23,37,37,764.9,765.1,764.9,707.4,30,30,30,34,35,33,13,13,12,19,19,19,3,NNE,NNE,0.7,8,NE,30,30,29,--,29,29,29,29,32,32,32,0,0,822,835,17.68,8,8,0.9,0,0.123,20,26,18,20,26,32,28,44,35,35,34,31,33,30,15,16,15,19,19,18,35,35
2/28/2024 12:15,36,36,36,32,33,32,17,23,37,37,764.7,764.9,764.7,707.2,30,30,30,36,37,35,14,14,13,19,20,19,2,NNE,NE,0.6,8,NNE,30,30,30,--,30,30,30,29,33,33,32,0,0,830,840,17.86,8,8,0.9,0,0.124,23,27,19,22,28,34,31,43,35,36,35,32,32,31,16,16,15,19,20,19,35,36
2/28/2024 12:30,36,36,36,32,32,32,17,23,37,37,764.5,764.7,764.5,707,30,31,30,35,37,35,14,14,13,19,20,19,3,NNE,NNE,0.8,8,NNE,31,30,30,0.8,30,30,30,30,32,33,32,0,0,823,828,17.71,8,8,0.9,0,0.126,23,26,19,22,28,33,32,45,36,36,35,32,33,31,16,17,16,19,20,19,36,37
2/28/2024 12:45,36,36,36,32,32,32,17,23,37,37,764.2,764.5,764.2,706.7,31,31,31,32,35,32,12,14,12,19,20,19,3,NE,NE,0.7,7,NE,31,30,30,--,30,30,30,30,33,33,32,0,0,832,842,17.89,8,8,0.9,0,0.129,23,27,19,21,28,34,31,44,36,36,35,30,32,29,15,16,15,19,20,19,36,36
2/28/2024 13:00,36,36,36,32,32,32,17,23,37,38,764,764.2,764,706.5,31,31,30,31,33,30,12,13,11,19,19,18,4,NE,NE,1,9,NNE,30,30,29,--,30,29,30,29,32,33,31,0,0,833,842,17.92,8,8,0.9,0,0.129,21,26,18,21,27,33,29,39,36,36,35,27,30,27,14,16,14,18,19,18,35,37
2/28/2024 13:15,37,37,36,31,32,31,17,23,38,38,763.7,764,763.7,706.2,31,31,31,30,31,28,11,12,10,18,19,18,3,NE,NE,0.8,8,N,31,30,30,--,30,29,30,29,32,33,32,0,0,835,844,17.95,8,8,0.9,0,0.131,20,26,17,20,24,32,27,42,36,36,36,28,29,26,14,15,14,18,19,17,36,36
2/28/2024 13:30,37,37,37,31,32,31,17,23,38,38,763.5,763.7,763.5,706,31,31,31,31,31,29,12,12,11,19,19,18,3,N,N,0.7,7,NNE,31,31,30,0.8,30,30,30,29,33,33,32,0,0,822,837,17.69,8,8,0.9,0,0.132,18,24,16,20,23,30,24,33,36,37,36,28,28,26,15,16,14,19,19,17,37,37
2/28/2024 13:45,37,37,37,31,31,31,17,23,38,38,763.2,763.5,763.2,705.7,31,31,31,29,31,29,11,12,11,19,19,19,3,N,N,0.7,7,N,31,31,30,--,30,30,30,30,33,33,33,0,0,805,816,17.32,8,8,0.9,0,0.134,19,24,16,20,24,30,25,36,37,37,37,27,28,26,15,16,14,19,19,18,38,38
2/28/2024 14:00,37,37,37,30,31,30,17,23,38,38,763,763.2,763,705.6,31,31,31,28,30,28,11,12,11,19,19,18,3,N,NNE,0.9,7,NE,31,31,30,--,30,30,30,30,33,33,33,0,0,780,788,16.78,8,8,0.8,0,0.135,19,24,17,20,24,30,26,36,37,38,37,26,27,24,14,16,14,18,19,17,37,38
2/28/2024 14:15,37,37,37,29,30,29,16,23,38,38,763,763.1,763,705.5,32,32,31,25,28,25,9,11,9,18,19,18,4,NNE,NNE,0.9,8,NNE,32,31,30,--,31,30,31,30,33,33,33,0,0,759,780,16.32,7,7,0.8,0,0.139,19,24,16,21,24,30,26,40,37,38,37,23,26,23,13,15,13,17,18,17,37,37
2/28/2024 14:30,37,37,37,29,30,29,16,23,38,38,762.8,762.9,762.8,705.4,32,32,31,24,26,23,8,10,8,18,18,17,4,NE,NE,1,8,NNE,32,31,30,0.7,30,30,30,30,32,33,32,0,0,734,752,15.79,7,7,0.7,0,0.137,17,23,15,18,21,29,24,43,37,37,37,24,24,21,13,13,11,17,17,16,36,37
2/28/2024 14:45,37,37,37,29,29,28,16,23,38,38,762.6,762.8,762.6,705.1,32,32,32,23,24,22,8,8,8,17,18,17,3,N,N,0.8,7,N,32,31,30,--,30,30,30,30,33,33,32,0,0,700,719,15.06,6,6,0.7,0,0.139,17,23,14,18,21,29,24,41,38,38,37,21,24,21,12,13,12,16,17,16,36,37
2/28/2024 15:00,37,37,37,28,28,28,16,22,38,38,762.4,762.6,762.4,705,32,32,32,23,23,22,8,8,8,17,18,17,3,NE,NNE,0.8,7,NNE,32,32,30,--,30,30,30,30,32,33,32,0,0,668,687,14.37,6,6,0.6,0,0.14,16,22,14,18,20,27,22,36,37,38,37,22,23,21,12,13,11,16,17,15,36,37
2/28/2024 15:15,37,37,37,28,28,28,15,22,38,38,762.3,762.4,762.2,704.8,32,32,32,22,24,22,8,9,7,17,18,17,3,ENE,NNE,0.8,7,ENE,32,32,30,--,30,30,30,30,32,33,32,0,0,628,654,13.52,5,6,0.6,0,0.141,16,22,14,18,20,27,21,32,37,38,37,22,23,21,12,13,11,16,17,15,37,37
2/28/2024 15:30,37,37,37,28,28,28,15,22,37,38,762.2,762.2,762.1,704.7,32,32,32,24,24,22,9,9,8,18,18,17,3,NE,NNE,0.8,6,NE,32,32,30,0.6,31,30,31,30,32,32,32,0,0,577,605,12.41,5,5,0.5,0,0.143,16,22,14,18,20,27,22,34,37,38,37,22,23,21,12,13,11,16,17,15,37,37
2/28/2024 15:45,37,37,37,28,28,27,15,22,37,37,762.2,762.2,762.1,704.8,32,32,32,25,25,22,9,10,8,18,18,18,3,NNE,NNE,0.8,6,N,32,32,30,--,31,30,31,30,32,32,32,0,0,527,548,11.33,4,4,0.4,0,0.143,18,24,15,19,22,30,24,39,38,38,37,23,24,22,13,13,12,17,17,16,36,37
2/28/2024 16:00,37,37,37,27,28,27,15,22,37,37,762.2,762.2,762.2,704.8,32,32,31,27,27,25,10,11,9,18,18,18,4,N,N,1.1,8,NNE,31,31,30,--,30,30,30,30,31,32,31,0,0,469,490,10.1,3,4,0.4,0,0.139,19,24,16,20,24,30,26,39,37,38,37,24,24,22,14,14,12,18,18,16,37,37
2/28/2024 16:15,37,37,37,28,28,27,15,22,37,37,762.1,762.2,762.1,704.7,32,32,31,29,29,28,11,11,11,19,19,18,3,N,NNE,0.8,6,N,32,31,30,--,30,30,30,30,31,31,31,0,0,419,446,9.02,3,3,0.3,0,0.138,20,24,17,20,24,30,26,38,38,38,37,25,25,24,14,14,13,18,18,17,37,37
